{"type": "FeatureCollection", "features": [{"type": "Feature", "geometry": {"type": "Point", "coordinates": [139.506149, 35.667081]}, "properties": {"name": "府中市立白糸台文化センター(複合施設）", "address": "東京都府中市白糸台1-60", "municipality": "府中市", "type": "公民館", "source": "東京都教育庁", "license": "クリエイティブ・コモンズ 表示（CC BY）"}}, {"type": "Feature", "geometry": {"type": "Point", "coordinates": [139.45627, 35.670886]}, "properties": {"name": "府中市立西府文化センター(複合施設）", "address": "東京都府中市西府町1-10", "municipality": "府中市", "type": "公民館", "source": "東京都教育庁", "license": "クリエイティブ・コモンズ 表示（CC BY）"}}, {"type": "Feature", "geometry": {"type": "Point", "coordinates": [139.482217, 35.675781]}, "properties": {"name": "府中市立中央文化センター(複合施設）", "address": "東京都府中市府中町2-25", "municipality": "府中市", "type": "公民館", "source": "東京都教育庁", "license": "クリエイティブ・コモンズ 表示（CC BY）"}}, {"type": "Feature", "geometry": {"type": "Point", "coordinates": [139.509245, 35.676533]}, "properties": {"name": "府中市立紅葉丘文化センター(複合施設）", "address": "東京都府中市紅葉丘2-1", "municipality": "府中市", "type": "公民館", "source": "東京都教育庁", "license": "クリエイティブ・コモンズ 表示（CC BY）"}}, {"type": "Feature", "geometry": {"type": "Point", "coordinates": [139.495318, 35.660891]}, "properties": {"name": "府中市立是政文化センター(複合施設）", "address": "東京都府中市是政2-20", "municipality": "府中市", "type": "公民館", "source": "東京都教育庁", "license": "クリエイティブ・コモンズ 表示（CC BY）"}}, {"type": "Feature", "geometry": {"type": "Point", "coordinates": [139.489386, 35.687183]}, "properties": {"name": "府中市立新町文化センター(複合施設）", "address": "東京都府中市新町1-66", "municipality": "府中市", "type": "公民館", "source": "東京都教育庁", "license": "クリエイティブ・コモンズ 表示（CC BY）"}}, {"type": "Feature", "geometry": {"type": "Point", "coordinates": [139.460272, 35.660297]}, "properties": {"name": "府中市立住吉文化センター(複合施設）", "address": "東京都府中市住吉町1-61", "municipality": "府中市", "type": "公民館", "source": "東京都教育庁", "license": "クリエイティブ・コモンズ 表示（CC BY）"}}, {"type": "Feature", "geometry": {"type": "Point", "coordinates": [139.445637, 35.665294]}, "properties": {"name": "府中市立四谷文化センター(複合施設）", "address": "東京都府中市四谷2-75", "municipality": "府中市", "type": "公民館", "source": "東京都教育庁", "license": "クリエイティブ・コモンズ 表示（CC BY）"}}, {"type": "Feature", "geometry": {"type": "Point", "coordinates": [139.469377, 35.670275]}, "properties": {"name": "府中市立片町文化センター(複合施設）", "address": "東京都府中市片町2-17", "municipality": "府中市", "type": "公民館", "source": "東京都教育庁", "license": "クリエイティブ・コモンズ 表示（CC BY）"}}, {"type": "Feature", "geometry": {"type": "Point", "coordinates": [139.517813, 35.653691]}, "properties": {"name": "府中市立押立文化センター(複合施設）", "address": "東京都府中市押立町5-4", "municipality": "府中市", "type": "公民館", "source": "東京都教育庁", "license": "クリエイティブ・コモンズ 表示（CC BY）"}}, {"type": "Feature", "geometry": {"type": "Point", "coordinates": [139.461425, 35.688581]}, "properties": {"name": "府中市立武蔵台文化センター(複合施設）", "address": "東京都府中市武蔵台2-2", "municipality": "府中市", "type": "公民館", "source": "東京都教育庁", "license": "クリエイティブ・コモンズ 表示（CC BY）"}}, {"type": "Feature", "geometry": {"type": "Point", "coordinates": [139.366171, 35.713459]}, "properties": {"name": "昭島市公民館", "address": "東京都昭島市つつじが丘3-7-7", "municipality": "昭島市", "type": "公民館", "source": "東京都教育庁", "license": "クリエイティブ・コモンズ 表示（CC BY）"}}, {"type": "Feature", "geometry": {"type": "Point", "coordinates": [139.582821, 35.658248]}, "properties": {"name": "東部公民館", "address": "東京都調布市若葉町1-29-21", "municipality": "調布市", "type": "公民館", "source": "東京都教育庁", "license": "クリエイティブ・コモンズ 表示（CC BY）"}}, {"type": "Feature", "geometry": {"type": "Point", "coordinates": [139.522212, 35.652956]}, "properties": {"name": "西部公民館", "address": "東京都調布市上石原3-21-6", "municipality": "調布市", "type": "公民館", "source": "東京都教育庁", "license": "クリエイティブ・コモンズ 表示（CC BY）"}}, {"type": "Feature", "geometry": {"type": "Point", "coordinates": [139.562758, 35.661597]}, "properties": {"name": "北部公民館", "address": "東京都調布市柴崎2-5-18", "municipality": "調布市", "type": "公民館", "source": "東京都教育庁", "license": "クリエイティブ・コモンズ 表示（CC BY）"}}, {"type": "Feature", "geometry": {"type": "Point", "coordinates": [139.447259, 35.542976]}, "properties": {"name": "まちだ中央公民館", "address": "東京都町田市原町田6-8-1", "municipality": "町田市", "type": "公民館", "source": "東京都教育庁", "license": "クリエイティブ・コモンズ 表示（CC BY）"}}, {"type": "Feature", "geometry": {"type": "Point", "coordinates": [139.493719, 35.693655]}, "properties": {"name": "小金井市公民館貫井南分館", "address": "東京都小金井市貫井南町4-3-23", "municipality": "小金井市", "type": "公民館", "source": "東京都教育庁", "license": "クリエイティブ・コモンズ 表示（CC BY）"}}, {"type": "Feature", "geometry": {"type": "Point", "coordinates": [139.510607, 35.705443]}, "properties": {"name": "小金井市公民館", "address": "東京都小金井市本町2-15-11", "municipality": "小金井市", "type": "公民館", "source": "東京都教育庁", "license": "クリエイティブ・コモンズ 表示（CC BY）"}}, {"type": "Feature", "geometry": {"type": "Point", "coordinates": [139.526627, 35.69399]}, "properties": {"name": "小金井市公民館東分館", "address": "東京都小金井市東町1-39-1", "municipality": "小金井市", "type": "公民館", "source": "東京都教育庁", "license": "クリエイティブ・コモンズ 表示（CC BY）"}}, {"type": "Feature", "geometry": {"type": "Point", "coordinates": [139.516375, 35.709554]}, "properties": {"name": "小金井市公民館緑分館", "address": "東京都小金井市緑町3-3-23", "municipality": "小金井市", "type": "公民館", "source": "東京都教育庁", "license": "クリエイティブ・コモンズ 表示（CC BY）"}}, {"type": "Feature", "geometry": {"type": "Point", "coordinates": [139.49769, 35.702323]}, "properties": {"name": "小金井市公民館貫井北分館", "address": "東京都小金井市貫井北町1-11-12", "municipality": "小金井市", "type": "公民館", "source": "東京都教育庁", "license": "クリエイティブ・コモンズ 表示（CC BY）"}}, {"type": "Feature", "geometry": {"type": "Point", "coordinates": [139.483708, 35.713091]}, "properties": {"name": "小平市立上水南公民館", "address": "東京都小平市上水南町1-27-1", "municipality": "小平市", "type": "公民館", "source": "東京都教育庁", "license": "クリエイティブ・コモンズ 表示（CC BY）"}}, {"type": "Feature", "geometry": {"type": "Point", "coordinates": [139.476668, 35.727774]}, "properties": {"name": "小平市中央公民館", "address": "東京都小平市小川町2-1325", "municipality": "小平市", "type": "公民館", "source": "東京都教育庁", "license": "クリエイティブ・コモンズ 表示（CC BY）"}}, {"type": "Feature", "geometry": {"type": "Point", "coordinates": [139.484916, 35.730156]}, "properties": {"name": "小平市立仲町公民館", "address": "東京都小平市仲町521", "municipality": "小平市", "type": "公民館", "source": "東京都教育庁", "license": "クリエイティブ・コモンズ 表示（CC BY）"}}, {"type": "Feature", "geometry": {"type": "Point", "coordinates": [139.470078, 35.72077]}, "properties": {"name": "小平市立津田公民館", "address": "東京都小平市津田町3-11-1", "municipality": "小平市", "type": "公民館", "source": "東京都教育庁", "license": "クリエイティブ・コモンズ 表示（CC BY）"}}, {"type": "Feature", "geometry": {"type": "Point", "coordinates": [139.497223, 35.735394]}, "properties": {"name": "小平市立大沼公民館", "address": "東京都小平市大沼町7-1-17", "municipality": "小平市", "type": "公民館", "source": "東京都教育庁", "license": "クリエイティブ・コモンズ 表示（CC BY）"}}, {"type": "Feature", "geometry": {"type": "Point", "coordinates": [139.461798, 35.735126]}, "properties": {"name": "小平市立小川西町公民館", "address": "東京都小平市小川西町4-10-13", "municipality": "小平市", "type": "公民館", "source": "東京都教育庁", "license": "クリエイティブ・コモンズ 表示（CC BY）"}}, {"type": "Feature", "geometry": {"type": "Point", "coordinates": [139.459263, 35.725787]}, "properties": {"name": "小平市立小川公民館", "address": "東京都小平市小川町1-1012", "municipality": "小平市", "type": "公民館", "source": "東京都教育庁", "license": "クリエイティブ・コモンズ 表示（CC BY）"}}, {"type": "Feature", "geometry": {"type": "Point", "coordinates": [139.443796, 35.731629]}, "properties": {"name": "小平市立上宿公民館", "address": "東京都小平市小川町1-308", "municipality": "小平市", "type": "公民館", "source": "東京都教育庁", "license": "クリエイティブ・コモンズ 表示（CC BY）"}}, {"type": "Feature", "geometry": {"type": "Point", "coordinates": [139.516113, 35.724354]}, "properties": {"name": "小平市立花小金井南公民館", "address": "東京都小平市花小金井南町2-12-6", "municipality": "小平市", "type": "公民館", "source": "東京都教育庁", "license": "クリエイティブ・コモンズ 表示（CC BY）"}}, {"type": "Feature", "geometry": {"type": "Point", "coordinates": [139.510261, 35.734251]}, "properties": {"name": "小平市立花小金井北公民館", "address": "東京都小平市花小金井5-41-3", "municipality": "小平市", "type": "公民館", "source": "東京都教育庁", "license": "クリエイティブ・コモンズ 表示（CC BY）"}}, {"type": "Feature", "geometry": {"type": "Point", "coordinates": [139.507369, 35.722005]}, "properties": {"name": "小平市立鈴木公民館", "address": "東京都小平市鈴木町2-772", "municipality": "小平市", "type": "公民館", "source": "東京都教育庁", "license": "クリエイティブ・コモンズ 表示（CC BY）"}}, {"type": "Feature", "geometry": {"type": "Point", "coordinates": [139.399963, 35.67924]}, "properties": {"name": "日野市中央公民館", "address": "東京都日野市日野本町7-5-23", "municipality": "日野市", "type": "公民館", "source": "東京都教育庁", "license": "クリエイティブ・コモンズ 表示（CC BY）"}}, {"type": "Feature", "geometry": {"type": "Point", "coordinates": [139.486541, 35.771075]}, "properties": {"name": "東村山市立秋津公民館", "address": "東京都東村山市秋津町2-17-10", "municipality": "東村山市", "type": "公民館", "source": "東京都教育庁", "license": "クリエイティブ・コモンズ 表示（CC BY）"}}, {"type": "Feature", "geometry": {"type": "Point", "coordinates": [139.452116, 35.759625]}, "properties": {"name": "東村山市立廻田公民館", "address": "東京都東村山市廻田町4-19-1", "municipality": "東村山市", "type": "公民館", "source": "東京都教育庁", "license": "クリエイティブ・コモンズ 表示（CC BY）"}}, {"type": "Feature", "geometry": {"type": "Point", "coordinates": [139.477739, 35.742249]}, "properties": {"name": "東村山市立萩山公民館", "address": "東京都東村山市萩山町2-13-1", "municipality": "東村山市", "type": "公民館", "source": "東京都教育庁", "license": "クリエイティブ・コモンズ 表示（CC BY）"}}, {"type": "Feature", "geometry": {"type": "Point", "coordinates": [139.466884, 35.759786]}, "properties": {"name": "東村山市立中央公民館", "address": "東京都東村山市本町2-33-2", "municipality": "東村山市", "type": "公民館", "source": "東京都教育庁", "license": "クリエイティブ・コモンズ 表示（CC BY）"}}, {"type": "Feature", "geometry": {"type": "Point", "coordinates": [139.462877, 35.746635]}, "properties": {"name": "東村山市立富士見公民館", "address": "東京都東村山市富士見町5-4-51", "municipality": "東村山市", "type": "公民館", "source": "東京都教育庁", "license": "クリエイティブ・コモンズ 表示（CC BY）"}}, {"type": "Feature", "geometry": {"type": "Point", "coordinates": [139.48249, 35.705284]}, "properties": {"name": "本多公民館", "address": "東京都国分寺市本多1-7-1", "municipality": "国分寺市", "type": "公民館", "source": "東京都教育庁", "license": "クリエイティブ・コモンズ 表示（CC BY）"}}, {"type": "Feature", "geometry": {"type": "Point", "coordinates": [139.45322, 35.715834]}, "properties": {"name": "並木公民館", "address": "東京都国分寺市並木町2-12-3", "municipality": "国分寺市", "type": "公民館", "source": "東京都教育庁", "license": "クリエイティブ・コモンズ 表示（CC BY）"}}, {"type": "Feature", "geometry": {"type": "Point", "coordinates": [139.464256, 35.707761]}, "properties": {"name": "恋ケ窪公民館", "address": "東京都国分寺市西恋ヶ窪4-12-8", "municipality": "国分寺市", "type": "公民館", "source": "東京都教育庁", "license": "クリエイティブ・コモンズ 表示（CC BY）"}}, {"type": "Feature", "geometry": {"type": "Point", "coordinates": [139.48307, 35.692093]}, "properties": {"name": "もとまち公民館", "address": "東京都国分寺市東元町2-3-13", "municipality": "国分寺市", "type": "公民館", "source": "東京都教育庁", "license": "クリエイティブ・コモンズ 表示（CC BY）"}}, {"type": "Feature", "geometry": {"type": "Point", "coordinates": [139.443193, 35.70781]}, "properties": {"name": "光公民館", "address": "東京都国分寺市光町3-13-19", "municipality": "国分寺市", "type": "公民館", "source": "東京都教育庁", "license": "クリエイティブ・コモンズ 表示（CC BY）"}}, {"type": "Feature", "geometry": {"type": "Point", "coordinates": [139.4435, 35.696893]}, "properties": {"name": "国立市公民館", "address": "東京都国立市中1-15-1", "municipality": "国立市", "type": "公民館", "source": "東京都教育庁", "license": "クリエイティブ・コモンズ 表示（CC BY）"}}, {"type": "Feature", "geometry": {"type": "Point", "coordinates": [139.337829, 35.733906]}, "properties": {"name": "福生市公民館", "address": "東京都福生市福生2455", "municipality": "福生市", "type": "公民館", "source": "東京都教育庁", "license": "クリエイティブ・コモンズ 表示（CC BY）"}}, {"type": "Feature", "geometry": {"type": "Point", "coordinates": [139.332546, 35.746445]}, "properties": {"name": "福生市公民館松林分館", "address": "東京都福生市武蔵野台1-15-1", "municipality": "福生市", "type": "公民館", "source": "東京都教育庁", "license": "クリエイティブ・コモンズ 表示（CC BY）"}}, {"type": "Feature", "geometry": {"type": "Point", "coordinates": [139.337724, 35.724133]}, "properties": {"name": "福生市公民館白梅分館", "address": "東京都福生市熊川559-1", "municipality": "福生市", "type": "公民館", "source": "東京都教育庁", "license": "クリエイティブ・コモンズ 表示（CC BY）"}}, {"type": "Feature", "geometry": {"type": "Point", "coordinates": [139.567745, 35.633318]}, "properties": {"name": "狛江市立西河原公民館", "address": "東京都狛江市元和泉2-35-1", "municipality": "狛江市", "type": "公民館", "source": "東京都教育庁", "license": "クリエイティブ・コモンズ 表示（CC BY）"}}, {"type": "Feature", "geometry": {"type": "Point", "coordinates": [139.578748, 35.634887]}, "properties": {"name": "狛江市立中央公民館", "address": "東京都狛江市和泉本町1-1-5", "municipality": "狛江市", "type": "公民館", "source": "東京都教育庁", "license": "クリエイティブ・コモンズ 表示（CC BY）"}}, {"type": "Feature", "geometry": {"type": "Point", "coordinates": [139.426497, 35.744629]}, "properties": {"name": "中央公民館", "address": "東京都東大和市中央3-926", "municipality": "東大和市", "type": "公民館", "source": "東京都教育庁", "license": "クリエイティブ・コモンズ 表示（CC BY）"}}, {"type": "Feature", "geometry": {"type": "Point", "coordinates": [139.431539, 35.73718]}, "properties": {"name": "南街公民館", "address": "東京都東大和市南街5-32", "municipality": "東大和市", "type": "公民館", "source": "東京都教育庁", "license": "クリエイティブ・コモンズ 表示（CC BY）"}}, {"type": "Feature", "geometry": {"type": "Point", "coordinates": [139.437658, 35.755845]}, "properties": {"name": "狭山公民館", "address": "東京都東大和市狭山3-1344-1", "municipality": "東大和市", "type": "公民館", "source": "東京都教育庁", "license": "クリエイティブ・コモンズ 表示（CC BY）"}}, {"type": "Feature", "geometry": {"type": "Point", "coordinates": [139.41623, 35.754241]}, "properties": {"name": "蔵敷公民館", "address": "東京都東大和市蔵敷2-337", "municipality": "東大和市", "type": "公民館", "source": "東京都教育庁", "license": "クリエイティブ・コモンズ 表示（CC BY）"}}, {"type": "Feature", "geometry": {"type": "Point", "coordinates": [139.414729, 35.742872]}, "properties": {"name": "上北台公民館", "address": "東京都東大和市上北台2-865-9", "municipality": "東大和市", "type": "公民館", "source": "東京都教育庁", "license": "クリエイティブ・コモンズ 表示（CC BY）"}}, {"type": "Feature", "geometry": {"type": "Point", "coordinates": [139.401866, 35.739893]}, "properties": {"name": "公民館", "address": "東京都武蔵村山市大南2-78-1", "municipality": "武蔵村山市", "type": "公民館", "source": "東京都教育庁", "license": "クリエイティブ・コモンズ 表示（CC BY）"}}, {"type": "Feature", "geometry": {"type": "Point", "coordinates": [139.382963, 35.754543]}, "properties": {"name": "公民館中久保分館", "address": "東京都武蔵村山市本町2-77-1", "municipality": "武蔵村山市", "type": "公民館", "source": "東京都教育庁", "license": "クリエイティブ・コモンズ 表示（CC BY）"}}, {"type": "Feature", "geometry": {"type": "Point", "coordinates": [139.448429, 35.62826]}, "properties": {"name": "多摩市立永山公民館", "address": "東京都多摩市永山1-5ベルブ永山内", "municipality": "多摩市", "type": "公民館", "source": "東京都教育庁", "license": "クリエイティブ・コモンズ 表示（CC BY）"}}, {"type": "Feature", "geometry": {"type": "Point", "coordinates": [139.447052, 35.649664]}, "properties": {"name": "多摩市立関戸公民館", "address": "東京都多摩市関戸4-72", "municipality": "多摩市", "type": "公民館", "source": "東京都教育庁", "license": "クリエイティブ・コモンズ 表示（CC BY）"}}, {"type": "Feature", "geometry": {"type": "Point", "coordinates": [139.503749, 35.638078]}, "properties": {"name": "稲城市立中央公民館", "address": "東京都稲城市東長沼2111", "municipality": "稲城市", "type": "公民館", "source": "東京都教育庁", "license": "クリエイティブ・コモンズ 表示（CC BY）"}}, {"type": "Feature", "geometry": {"type": "Point", "coordinates": [139.518966, 35.634853]}, "properties": {"name": "稲城市立第二公民館", "address": "東京都稲城市矢野口1780", "municipality": "稲城市", "type": "公民館", "source": "東京都教育庁", "license": "クリエイティブ・コモンズ 表示（CC BY）"}}, {"type": "Feature", "geometry": {"type": "Point", "coordinates": [139.492461, 35.613117]}, "properties": {"name": "稲城市立第三公民館", "address": "東京都稲城市平尾1-20-5", "municipality": "稲城市", "type": "公民館", "source": "東京都教育庁", "license": "クリエイティブ・コモンズ 表示（CC BY）"}}, {"type": "Feature", "geometry": {"type": "Point", "coordinates": [139.505366, 35.645914]}, "properties": {"name": "稲城市立第四公民館", "address": "東京都稲城市東長沼271", "municipality": "稲城市", "type": "公民館", "source": "東京都教育庁", "license": "クリエイティブ・コモンズ 表示（CC BY）"}}, {"type": "Feature", "geometry": {"type": "Point", "coordinates": [139.493851, 35.641555]}, "properties": {"name": "稲城市立城山公民館", "address": "東京都稲城市向陽台6-7", "municipality": "稲城市", "type": "公民館", "source": "東京都教育庁", "license": "クリエイティブ・コモンズ 表示（CC BY）"}}, {"type": "Feature", "geometry": {"type": "Point", "coordinates": [139.302297, 35.730184]}, "properties": {"name": "中央公民館", "address": "東京都あきる野市二宮683", "municipality": "あきる野市", "type": "公民館", "source": "東京都教育庁", "license": "クリエイティブ・コモンズ 表示（CC BY）"}}, {"type": "Feature", "geometry": {"type": "Point", "coordinates": [139.528134, 35.73269]}, "properties": {"name": "西東京市芝久保公民館", "address": "東京都西東京市芝久保町5-4-48", "municipality": "西東京市", "type": "公民館", "source": "東京都教育庁", "license": "クリエイティブ・コモンズ 表示（CC BY）"}}, {"type": "Feature", "geometry": {"type": "Point", "coordinates": [139.540589, 35.747361]}, "properties": {"name": "西東京市ひばりが丘公民館", "address": "東京都西東京市ひばりが丘2-3-4", "municipality": "西東京市", "type": "公民館", "source": "東京都教育庁", "license": "クリエイティブ・コモンズ 表示（CC BY）"}}, {"type": "Feature", "geometry": {"type": "Point", "coordinates": [139.567268, 35.748152]}, "properties": {"name": "西東京市保谷駅前公民館", "address": "東京都西東京市東町3-14-30ステア5階", "municipality": "西東京市", "type": "公民館", "source": "東京都教育庁", "license": "クリエイティブ・コモンズ 表示（CC BY）"}}, {"type": "Feature", "geometry": {"type": "Point", "coordinates": [139.54395, 35.741248]}, "properties": {"name": "西東京市谷戸公民館", "address": "東京都西東京市谷戸町1-17-2", "municipality": "西東京市", "type": "公民館", "source": "東京都教育庁", "license": "クリエイティブ・コモンズ 表示（CC BY）"}}, {"type": "Feature", "geometry": {"type": "Point", "coordinates": [139.537789, 35.726018]}, "properties": {"name": "西東京市田無公民館", "address": "東京都西東京市南町5-6-11", "municipality": "西東京市", "type": "公民館", "source": "東京都教育庁", "license": "クリエイティブ・コモンズ 表示（CC BY）"}}, {"type": "Feature", "geometry": {"type": "Point", "coordinates": [139.553957, 35.728384]}, "properties": {"name": "西東京市柳沢公民館", "address": "東京都西東京市柳沢1-15-1", "municipality": "西東京市", "type": "公民館", "source": "東京都教育庁", "license": "クリエイティブ・コモンズ 表示（CC BY）"}}, {"type": "Feature", "geometry": {"type": "Point", "coordinates": [139.412804, 34.783281]}, "properties": {"name": "泉津公民館", "address": "東京都大島町泉津字川之原15番", "municipality": "大島町", "type": "公民館", "source": "東京都教育庁", "license": "クリエイティブ・コモンズ 表示（CC BY）"}}, {"type": "Feature", "geometry": {"type": "Point", "coordinates": [139.36096, 34.776968]}, "properties": {"name": "北の山公民館", "address": "東京都大島町元町字佐吾右衛門野地7番4", "municipality": "大島町", "type": "公民館", "source": "東京都教育庁", "license": "クリエイティブ・コモンズ 表示（CC BY）"}}, {"type": "Feature", "geometry": {"type": "Point", "coordinates": [139.353623, 34.728885]}, "properties": {"name": "野増公民館", "address": "東京都大島町野増5番地", "municipality": "大島町", "type": "公民館", "source": "東京都教育庁", "license": "クリエイティブ・コモンズ 表示（CC BY）"}}, {"type": "Feature", "geometry": {"type": "Point", "coordinates": [-220.585806, 34.683794]}, "properties": {"name": "差木地公民館", "address": "東京都大島町差木地字カミワケ179番", "municipality": "大島町", "type": "公民館", "source": "東京都教育庁", "license": "クリエイティブ・コモンズ 表示（CC BY）"}}, {"type": "Feature", "geometry": {"type": "Point", "coordinates": [139.548087, 34.059851]}, "properties": {"name": "三宅村公民館", "address": "東京都三宅村坪田3007", "municipality": "三宅村", "type": "公民館", "source": "東京都教育庁", "license": "クリエイティブ・コモンズ 表示（CC BY）"}}, {"type": "Feature", "geometry": {"type": "Point", "coordinates": [139.78391, 33.106882]}, "properties": {"name": "大賀郷公民館", "address": "東京都八丈町大賀郷3060", "municipality": "八丈町", "type": "公民館", "source": "東京都教育庁", "license": "クリエイティブ・コモンズ 表示（CC BY）"}}, {"type": "Feature", "geometry": {"type": "Point", "coordinates": [139.802367, 33.118899]}, "properties": {"name": "三根公民館", "address": "東京都八丈町三根347", "municipality": "八丈町", "type": "公民館", "source": "東京都教育庁", "license": "クリエイティブ・コモンズ 表示（CC BY）"}}, {"type": "Feature", "geometry": {"type": "Point", "coordinates": [139.813217, 33.066162]}, "properties": {"name": "中之郷公民館", "address": "東京都八丈町中之郷2613", "municipality": "八丈町", "type": "公民館", "source": "東京都教育庁", "license": "クリエイティブ・コモンズ 表示（CC BY）"}}, {"type": "Feature", "geometry": {"type": "Point", "coordinates": [139.79611, 33.071548]}, "properties": {"name": "樫立公民館", "address": "東京都八丈町樫立2027", "municipality": "八丈町", "type": "公民館", "source": "東京都教育庁", "license": "クリエイティブ・コモンズ 表示（CC BY）"}}, {"type": "Feature", "geometry": {"type": "Point", "coordinates": [139.852189, 33.082277]}, "properties": {"name": "末吉公民館", "address": "東京都八丈町末吉633", "municipality": "八丈町", "type": "公民館", "source": "東京都教育庁", "license": "クリエイティブ・コモンズ 表示（CC BY）"}}, {"type": "Feature", "geometry": {"type": "Point", "coordinates": [139.739975, 35.616791]}, "properties": {"name": "品川第一地域センター・区民集会所", "address": "東京都品川区北品川3-11-16", "municipality": "品川区", "type": "公民館", "source": "品川区", "license": "クリエイティブ・コモンズ 表示（CC BY）"}}, {"type": "Feature", "geometry": {"type": "Point", "coordinates": [139.741257, 35.611202]}, "properties": {"name": "品川第二地域センター・区民集会所", "address": "東京都品川区南品川5-3-20", "municipality": "品川区", "type": "公民館", "source": "品川区", "license": "クリエイティブ・コモンズ 表示（CC BY）"}}, {"type": "Feature", "geometry": {"type": "Point", "coordinates": [139.71669, 35.628384]}, "properties": {"name": "大崎第一地域センター・区民集会所", "address": "東京都品川区西五反田3-6-3", "municipality": "品川区", "type": "公民館", "source": "品川区", "license": "クリエイティブ・コモンズ 表示（CC BY）"}}, {"type": "Feature", "geometry": {"type": "Point", "coordinates": [139.727448, 35.617474]}, "properties": {"name": "大崎第二地域センター・区民集会所", "address": "東京都品川区大崎2-9-4", "municipality": "品川区", "type": "公民館", "source": "品川区", "license": "クリエイティブ・コモンズ 表示（CC BY）"}}, {"type": "Feature", "geometry": {"type": "Point", "coordinates": [139.73732, 35.596451]}, "properties": {"name": "大井第一地域センター", "address": "東京都品川区南大井1-12-6", "municipality": "品川区", "type": "公民館", "source": "品川区", "license": "クリエイティブ・コモンズ 表示（CC BY）"}}, {"type": "Feature", "geometry": {"type": "Point", "coordinates": [139.730438, 35.603886]}, "properties": {"name": "大井第二地域センター・区民集会所", "address": "東京都品川区大井2-27-20", "municipality": "品川区", "type": "公民館", "source": "品川区", "license": "クリエイティブ・コモンズ 表示（CC BY）"}}, {"type": "Feature", "geometry": {"type": "Point", "coordinates": [139.722336, 35.598469]}, "properties": {"name": "大井第三地域センター・区民集会所", "address": "東京都品川区西大井2-10-3", "municipality": "品川区", "type": "公民館", "source": "品川区", "license": "クリエイティブ・コモンズ 表示（CC BY）"}}, {"type": "Feature", "geometry": {"type": "Point", "coordinates": [139.70607, 35.621235]}, "properties": {"name": "荏原第一地域センター・区民集会所", "address": "東京都品川区小山3-14-1 シティタワー武蔵小山商業施設棟2階", "municipality": "品川区", "type": "公民館", "source": "品川区", "license": "クリエイティブ・コモンズ 表示（CC BY）"}}, {"type": "Feature", "geometry": {"type": "Point", "coordinates": [139.704514, 35.611172]}, "properties": {"name": "荏原第二地域センター・区民集会所", "address": "東京都品川区荏原6-17-12", "municipality": "品川区", "type": "公民館", "source": "品川区", "license": "クリエイティブ・コモンズ 表示（CC BY）"}}, {"type": "Feature", "geometry": {"type": "Point", "coordinates": [139.715271, 35.613384]}, "properties": {"name": "荏原第三地域センター・区民集会所", "address": "東京都品川区平塚1-13-18", "municipality": "品川区", "type": "公民館", "source": "品川区", "license": "クリエイティブ・コモンズ 表示（CC BY）"}}, {"type": "Feature", "geometry": {"type": "Point", "coordinates": [139.708267, 35.60379]}, "properties": {"name": "荏原第四地域センター・区民集会所", "address": "東京都品川区中延5-3-12", "municipality": "品川区", "type": "公民館", "source": "品川区", "license": "クリエイティブ・コモンズ 表示（CC BY）"}}, {"type": "Feature", "geometry": {"type": "Point", "coordinates": [139.72551, 35.608532]}, "properties": {"name": "荏原第五地域センター・区民集会所", "address": "東京都品川区二葉1-1-2", "municipality": "品川区", "type": "公民館", "source": "品川区", "license": "クリエイティブ・コモンズ 表示（CC BY）"}}, {"type": "Feature", "geometry": {"type": "Point", "coordinates": [139.750809, 35.600082]}, "properties": {"name": "八潮地域センター・区民集会所", "address": "東京都品川区八潮5-10-27", "municipality": "品川区", "type": "公民館", "source": "品川区", "license": "クリエイティブ・コモンズ 表示（CC BY）"}}, {"type": "Feature", "geometry": {"type": "Point", "coordinates": [139.741562, 35.600761]}, "properties": {"name": "東大井区民集会所", "address": "東京都品川区東大井2-16-12", "municipality": "品川区", "type": "公民館", "source": "品川区", "license": "クリエイティブ・コモンズ 表示（CC BY）"}}, {"type": "Feature", "geometry": {"type": "Point", "coordinates": [139.702072, 35.614742]}, "properties": {"name": "荏原区民センター", "address": "東京都品川区荏原5-6-5", "municipality": "品川区", "type": "公民館", "source": "品川区", "license": "クリエイティブ・コモンズ 表示（CC BY）"}}, {"type": "Feature", "geometry": {"type": "Point", "coordinates": [139.716568, 35.622833]}, "properties": {"name": "五反田文化センター", "address": "東京都品川区西五反田6-5-1", "municipality": "品川区", "type": "公民館", "source": "品川区", "license": "クリエイティブ・コモンズ 表示（CC BY）"}}, {"type": "Feature", "geometry": {"type": "Point", "coordinates": [139.710678, 35.61203]}, "properties": {"name": "荏原文化センター", "address": "東京都品川区中延1-9-15", "municipality": "品川区", "type": "公民館", "source": "品川区", "license": "クリエイティブ・コモンズ 表示（CC BY）"}}, {"type": "Feature", "geometry": {"type": "Point", "coordinates": [139.75029, 35.613007]}, "properties": {"name": "東品川文化センター", "address": "東京都品川区東品川3-32-10", "municipality": "品川区", "type": "公民館", "source": "品川区", "license": "クリエイティブ・コモンズ 表示（CC BY）"}}, {"type": "Feature", "geometry": {"type": "Point", "coordinates": [139.70015, 35.603928]}, "properties": {"name": "旗の台文化センター", "address": "東京都品川区旗の台5-19-5", "municipality": "品川区", "type": "公民館", "source": "品川区", "license": "クリエイティブ・コモンズ 表示（CC BY）"}}, {"type": "Feature", "geometry": {"type": "Point", "coordinates": [139.73732, 35.596451]}, "properties": {"name": "南大井文化センター", "address": "東京都品川区南大井1-12-6", "municipality": "品川区", "type": "公民館", "source": "品川区", "license": "クリエイティブ・コモンズ 表示（CC BY）"}}, {"type": "Feature", "geometry": {"type": "Point", "coordinates": [139.735687, 35.606583]}, "properties": {"name": "きゅりあん(総合区民会館)", "address": "東京都品川区東大井5-18-1", "municipality": "品川区", "type": "公民館", "source": "品川区", "license": "クリエイティブ・コモンズ 表示（CC BY）"}}, {"type": "Feature", "geometry": {"type": "Point", "coordinates": [139.707352, 35.615715]}, "properties": {"name": "スクエア荏原(荏原平塚総合区民会館)", "address": "東京都品川区荏原4-5-28", "municipality": "品川区", "type": "公民館", "source": "品川区", "license": "クリエイティブ・コモンズ 表示（CC BY）"}}, {"type": "Feature", "geometry": {"type": "Point", "coordinates": [139.777081, 35.630048]}, "properties": {"name": "台場区民センター", "address": "東京都港区台場一丁目5番1号台場コミュニティーぷらざ内", "municipality": "港区", "type": "公民館", "source": "港区", "license": "クリエイティブ・コモンズ 表示（CC BY）"}}, {"type": "Feature", "geometry": {"type": "Point", "coordinates": [139.748642, 35.640607]}, "properties": {"name": "芝浦港南区民センター", "address": "東京都港区芝浦四丁目13番1号トリニティー芝浦1･2階", "municipality": "港区", "type": "公民館", "source": "港区", "license": "クリエイティブ・コモンズ 表示（CC BY）"}}, {"type": "Feature", "geometry": {"type": "Point", "coordinates": [139.735016, 35.660753]}, "properties": {"name": "麻布区民センター", "address": "東京都港区六本木五丁目16番45号", "municipality": "港区", "type": "公民館", "source": "港区", "license": "クリエイティブ・コモンズ 表示（CC BY）"}}, {"type": "Feature", "geometry": {"type": "Point", "coordinates": [139.731621, 35.674864]}, "properties": {"name": "赤坂区民センター", "address": "東京都港区赤坂四丁目18番13号赤坂コミュニティーぷらざ内", "municipality": "港区", "type": "公民館", "source": "港区", "license": "クリエイティブ・コモンズ 表示（CC BY）"}}, {"type": "Feature", "geometry": {"type": "Point", "coordinates": [139.734013, 35.64217]}, "properties": {"name": "高輪区民センター", "address": "東京都港区高輪一丁目16番25号高輪コミュニティーぷらざ内", "municipality": "港区", "type": "公民館", "source": "港区", "license": "クリエイティブ・コモンズ 表示（CC BY）"}}, {"type": "Feature", "geometry": {"type": "Point", "coordinates": [139.721404, 35.674579]}, "properties": {"name": "国際交流スペース", "address": "東京都港区北青山一丁目6番3号都営北青山一丁目アパート3号棟地下1階", "municipality": "港区", "type": "公民館", "source": "港区", "license": "クリエイティブ・コモンズ 表示（CC BY）"}}, {"type": "Feature", "geometry": {"type": "Point", "coordinates": [139.746479, 35.651372]}, "properties": {"name": "芝の家", "address": "東京都港区芝三丁目26番8号", "municipality": "港区", "type": "公民館", "source": "港区", "license": "クリエイティブ・コモンズ 表示（CC BY）"}}, {"type": "Feature", "geometry": {"type": "Point", "coordinates": [139.744917, 35.649283]}, "properties": {"name": "芝区民協働スペース（芝コミュニティはうす）", "address": "東京都港区芝五丁目13番15号芝三田森ビル2階", "municipality": "港区", "type": "公民館", "source": "港区", "license": "クリエイティブ・コモンズ 表示（CC BY）"}}, {"type": "Feature", "geometry": {"type": "Point", "coordinates": [139.754007, 35.66234]}, "properties": {"name": "新橋区民協働スペース", "address": "東京都港区新橋六丁目4番2号きらきらプラザ新橋1階･4階", "municipality": "港区", "type": "公民館", "source": "港区", "license": "クリエイティブ・コモンズ 表示（CC BY）"}}, {"type": "Feature", "geometry": {"type": "Point", "coordinates": [139.750599, 35.65417]}, "properties": {"name": "芝公園区民協働スペース", "address": "東京都港区芝公園ニ丁目7番3号芝公園保育園3階", "municipality": "港区", "type": "公民館", "source": "港区", "license": "クリエイティブ・コモンズ 表示（CC BY）"}}, {"type": "Feature", "geometry": {"type": "Point", "coordinates": [139.747011, 35.663343]}, "properties": {"name": "愛宕区民協働スペース", "address": "東京都港区虎ノ門三丁目19番15号　ザ･パークハウス愛宕虎ノ門1階", "municipality": "港区", "type": "公民館", "source": "港区", "license": "クリエイティブ・コモンズ 表示（CC BY）"}}, {"type": "Feature", "geometry": {"type": "Point", "coordinates": [139.742558, 35.658217]}, "properties": {"name": "東麻布区民協働スペース", "address": "東京都港区東麻布ニ丁目1番1号東麻布二丁目複合施設3階", "municipality": "港区", "type": "公民館", "source": "港区", "license": "クリエイティブ・コモンズ 表示（CC BY）"}}, {"type": "Feature", "geometry": {"type": "Point", "coordinates": [139.73503726256826, 35.66126125908505]}, "properties": {"name": "麻布区民協働スペース", "address": "東京都港区六本木五丁目16番46号　麻布保育園3階", "municipality": "港区", "type": "公民館", "source": "港区", "license": "クリエイティブ・コモンズ 表示（CC BY）"}}, {"type": "Feature", "geometry": {"type": "Point", "coordinates": [139.730769, 35.660958]}, "properties": {"name": "六本木区民協働スペース", "address": "東京都港区六本木六丁目5番19号シティハイツ六本木公共施設棟1階", "municipality": "港区", "type": "公民館", "source": "港区", "license": "クリエイティブ・コモンズ 表示（CC BY）"}}, {"type": "Feature", "geometry": {"type": "Point", "coordinates": [139.7318, 35.674714]}, "properties": {"name": "赤坂区民協働スペース", "address": "東京都港区赤坂四丁目18番13号　赤坂地区総合支所2階", "municipality": "港区", "type": "公民館", "source": "港区", "license": "クリエイティブ・コモンズ 表示（CC BY）"}}, {"type": "Feature", "geometry": {"type": "Point", "coordinates": [139.736806, 35.641764]}, "properties": {"name": "高輪区民協働スペース", "address": "東京都港区高輪一丁目5番38号HUG高輪2階", "municipality": "港区", "type": "公民館", "source": "港区", "license": "クリエイティブ・コモンズ 表示（CC BY）"}}, {"type": "Feature", "geometry": {"type": "Point", "coordinates": [139.7321635913482, 35.6310012838376]}, "properties": {"name": "高輪台区民協働スペース", "address": "東京都港区高輪三丁目10番16号　優っくり村高輪台1階", "municipality": "港区", "type": "公民館", "source": "港区", "license": "クリエイティブ・コモンズ 表示（CC BY）"}}, {"type": "Feature", "geometry": {"type": "Point", "coordinates": [139.726725, 35.639189]}, "properties": {"name": "白金台区民協働スペース", "address": "東京都港区白金台四丁目6番2号　ゆかしの杜6階", "municipality": "港区", "type": "公民館", "source": "港区", "license": "クリエイティブ・コモンズ 表示（CC BY）"}}, {"type": "Feature", "geometry": {"type": "Point", "coordinates": [139.751847, 35.64668]}, "properties": {"name": "芝浦区民協働スペース", "address": "東京都港区芝浦一丁目16番1号　みなとパーク芝浦1階", "municipality": "港区", "type": "公民館", "source": "港区", "license": "クリエイティブ・コモンズ 表示（CC BY）"}}, {"type": "Feature", "geometry": {"type": "Point", "coordinates": [139.743192, 35.629252]}, "properties": {"name": "品川駅港南口協働スペース", "address": "東京都港区港南ニ丁目3番13号　品川フロントビルキッズ館1階", "municipality": "港区", "type": "公民館", "source": "港区", "license": "クリエイティブ・コモンズ 表示（CC BY）"}}, {"type": "Feature", "geometry": {"type": "Point", "coordinates": [139.749802, 35.631088]}, "properties": {"name": "港南区民協働スペース", "address": "東京都港区港南四丁目3番7号　さんぽーと港南1階･2階", "municipality": "港区", "type": "公民館", "source": "港区", "license": "クリエイティブ・コモンズ 表示（CC BY）"}}, {"type": "Feature", "geometry": {"type": "Point", "coordinates": [139.734192, 35.641905]}, "properties": {"name": "高輪コミュニティーぷらざ", "address": "東京都高輪1-16-25", "municipality": "港区", "type": "公民館", "source": "港区", "license": "クリエイティブ・コモンズ 表示（CC BY）"}}, {"type": "Feature", "geometry": {"type": "Point", "coordinates": [139.776878, 35.63005]}, "properties": {"name": "台場コミュニティーぷらざ", "address": "東京都台場1-5-1", "municipality": "港区", "type": "公民館", "source": "港区", "license": "クリエイティブ・コモンズ 表示（CC BY）"}}, {"type": "Feature", "geometry": {"type": "Point", "coordinates": [139.72452356639198, 35.6436049159968]}, "properties": {"name": "神応区民協働スペース", "address": "東京都港区白金六丁目9番5号神応ほっとプラザ4階･屋外", "municipality": "港区", "type": "公民館", "source": "港区", "license": "クリエイティブ・コモンズ 表示（CC BY）"}}, {"type": "Feature", "geometry": {"type": "Point", "coordinates": [139.72251748467144, 35.67169514118819]}, "properties": {"name": "青山区民協働スペース", "address": "東京都港区南青山二丁目6番3号　青山ふれ愛テラス1階", "municipality": "港区", "type": "公民館", "source": "港区", "license": "クリエイティブ・コモンズ 表示（CC BY）"}}, {"type": "Feature", "geometry": {"type": "Point", "coordinates": [139.21992, 35.729354]}, "properties": {"name": "五日市地域交流センター", "address": "あきる野市五日市411", "municipality": "あきる野市", "type": "公民館", "source": "あきる野市", "license": "クリエイティブ・コモンズ 表示（CC BY）"}}, {"type": "Feature", "geometry": {"type": "Point", "coordinates": [139.541736, 35.757798]}, "properties": {"name": "浅間町地区センター", "address": "東京都東久留米市浅間町2丁目24番16", "municipality": "東久留米市", "type": "公民館", "source": "東久留米市", "license": "クリエイティブ・コモンズ 表示（CC BY）"}}, {"type": "Feature", "geometry": {"type": "Point", "coordinates": [139.520295, 35.740778]}, "properties": {"name": "南町地区センター", "address": "東京都東久留米市南町3丁目9番45", "municipality": "東久留米市", "type": "公民館", "source": "東久留米市", "license": "クリエイティブ・コモンズ 表示（CC BY）"}}, {"type": "Feature", "geometry": {"type": "Point", "coordinates": [139.515241, 35.753609]}, "properties": {"name": "八幡町地区センター", "address": "東京都東久留米市八幡町2丁目7番61", "municipality": "東久留米市", "type": "公民館", "source": "東久留米市", "license": "クリエイティブ・コモンズ 表示（CC BY）"}}, {"type": "Feature", "geometry": {"type": "Point", "coordinates": [139.513348, 35.763551]}, "properties": {"name": "野火止地区センター", "address": "東京都東久留米市野火止2丁目1番83", "municipality": "東久留米市", "type": "公民館", "source": "東久留米市", "license": "クリエイティブ・コモンズ 表示（CC BY）"}}, {"type": "Feature", "geometry": {"type": "Point", "coordinates": [139.513348, 35.763551]}, "properties": {"name": "野火止地区センター図書室", "address": "東京都東久留米市野火止2丁目1番83", "municipality": "東久留米市", "type": "公民館", "source": "東久留米市", "license": "クリエイティブ・コモンズ 表示（CC BY）"}}, {"type": "Feature", "geometry": {"type": "Point", "coordinates": [139.519705, 35.755872]}, "properties": {"name": "中央町地区センター", "address": "東京都東久留米市中央町6丁目1番1", "municipality": "東久留米市", "type": "公民館", "source": "東久留米市", "license": "クリエイティブ・コモンズ 表示（CC BY）"}}, {"type": "Feature", "geometry": {"type": "Point", "coordinates": [139.50444, 35.744861]}, "properties": {"name": "西部地域センター", "address": "東京都東久留米市滝山4丁目1番10", "municipality": "東久留米市", "type": "公民館", "source": "東久留米市", "license": "クリエイティブ・コモンズ 表示（CC BY）"}}, {"type": "Feature", "geometry": {"type": "Point", "coordinates": [139.50444, 35.744861]}, "properties": {"name": "滝山地区センター", "address": "東京都東久留米市滝山4丁目1番10", "municipality": "東久留米市", "type": "公民館", "source": "東久留米市", "license": "クリエイティブ・コモンズ 表示（CC BY）"}}, {"type": "Feature", "geometry": {"type": "Point", "coordinates": [139.534353, 35.746324]}, "properties": {"name": "南部地域センター", "address": "東京都東久留米市ひばりが丘団地185番", "municipality": "東久留米市", "type": "公民館", "source": "東久留米市", "license": "クリエイティブ・コモンズ 表示（CC BY）"}}, {"type": "Feature", "geometry": {"type": "Point", "coordinates": [139.534353, 35.746324]}, "properties": {"name": "ひばりが丘地区センター", "address": "東京都東久留米市ひばりが丘団地185番", "municipality": "東久留米市", "type": "公民館", "source": "東久留米市", "license": "クリエイティブ・コモンズ 表示（CC BY）"}}, {"type": "Feature", "geometry": {"type": "Point", "coordinates": [139.540946, 35.764812]}, "properties": {"name": "東部地域センター", "address": "東京都東久留米市大門町2丁目10番5", "municipality": "東久留米市", "type": "公民館", "source": "東久留米市", "license": "クリエイティブ・コモンズ 表示（CC BY）"}}, {"type": "Feature", "geometry": {"type": "Point", "coordinates": [139.540946, 35.764812]}, "properties": {"name": "大門町地区センター", "address": "東京都東久留米市大門町2丁目10番5", "municipality": "東久留米市", "type": "公民館", "source": "東久留米市", "license": "クリエイティブ・コモンズ 表示（CC BY）"}}, {"type": "Feature", "geometry": {"type": "Point", "coordinates": [139.425822, 35.752444]}, "properties": {"name": "奈良橋地区会館（奈良橋市民センター内）", "address": "東京都東大和市奈良橋4-600", "municipality": "東大和市", "type": "公民館", "source": "東大和市", "license": "クリエイティブ・コモンズ 表示（CC BY）"}}, {"type": "Feature", "geometry": {"type": "Point", "coordinates": [139.43597, 35.740135]}, "properties": {"name": "向原地区会館（向原市民センター内）", "address": "東京都東大和市向原3-10", "municipality": "東大和市", "type": "公民館", "source": "東大和市", "license": "クリエイティブ・コモンズ 表示（CC BY）"}}, {"type": "Feature", "geometry": {"type": "Point", "coordinates": [139.447086, 35.741712]}, "properties": {"name": "清原地区会館（清原市民センター内）", "address": "東京都東大和市清原4-1", "municipality": "東大和市", "type": "公民館", "source": "東大和市", "license": "クリエイティブ・コモンズ 表示（CC BY）"}}, {"type": "Feature", "geometry": {"type": "Point", "coordinates": [139.412738, 35.753163]}, "properties": {"name": "芋窪集会所", "address": "東京都東大和市芋窪4-1553-4", "municipality": "東大和市", "type": "公民館", "source": "東大和市", "license": "クリエイティブ・コモンズ 表示（CC BY）"}}, {"type": "Feature", "geometry": {"type": "Point", "coordinates": [139.430176, 35.757984]}, "properties": {"name": "湖畔集会所", "address": "東京都東大和市湖畔2-1044-234", "municipality": "東大和市", "type": "公民館", "source": "東大和市", "license": "クリエイティブ・コモンズ 表示（CC BY）"}}, {"type": "Feature", "geometry": {"type": "Point", "coordinates": [139.444515, 35.752348]}, "properties": {"name": "清水集会所", "address": "東京都東大和市清水2-928-1", "municipality": "東大和市", "type": "公民館", "source": "東大和市", "license": "クリエイティブ・コモンズ 表示（CC BY）"}}, {"type": "Feature", "geometry": {"type": "Point", "coordinates": [139.441041, 35.745857]}, "properties": {"name": "仲原集会所", "address": "東京都東大和市仲原2-2-12", "municipality": "東大和市", "type": "公民館", "source": "東大和市", "license": "クリエイティブ・コモンズ 表示（CC BY）"}}, {"type": "Feature", "geometry": {"type": "Point", "coordinates": [139.420085, 35.733826]}, "properties": {"name": "桜が丘集会所（桜が丘市民センター内）", "address": "東京都東大和市桜が丘3-44-13", "municipality": "東大和市", "type": "公民館", "source": "東大和市", "license": "クリエイティブ・コモンズ 表示（CC BY）"}}, {"type": "Feature", "geometry": {"type": "Point", "coordinates": [139.416349, 35.735458]}, "properties": {"name": "玉川上水集会所", "address": "東京都東大和市桜が丘4-29-17", "municipality": "東大和市", "type": "公民館", "source": "東大和市", "license": "クリエイティブ・コモンズ 表示（CC BY）"}}, {"type": "Feature", "geometry": {"type": "Point", "coordinates": [139.420085, 35.733826]}, "properties": {"name": "桜が丘図書館（桜が丘市民センター内）", "address": "東京都東大和市桜が丘3-44-13", "municipality": "東大和市", "type": "公民館", "source": "東大和市", "license": "クリエイティブ・コモンズ 表示（CC BY）"}}, {"type": "Feature", "geometry": {"type": "Point", "coordinates": [139.447086, 35.741712]}, "properties": {"name": "清原図書館（清原市民センター内）", "address": "東京都東大和市清原4-1", "municipality": "東大和市", "type": "公民館", "source": "東大和市", "license": "クリエイティブ・コモンズ 表示（CC BY）"}}, {"type": "Feature", "geometry": {"type": "Point", "coordinates": [139.431509, 35.737198]}, "properties": {"name": "南街公民館（地区会館）（南街市民セン ター内）", "address": "東京都東大和市南街5-32", "municipality": "東大和市", "type": "公民館", "source": "東大和市", "license": "クリエイティブ・コモンズ 表示（CC BY）"}}, {"type": "Feature", "geometry": {"type": "Point", "coordinates": [139.414741, 35.742877]}, "properties": {"name": "上北台公民館（地区会館）（上北台市民セ ンター内）", "address": "東京都東大和市上北台2-865-9", "municipality": "東大和市", "type": "公民館", "source": "東大和市", "license": "クリエイティブ・コモンズ 表示（CC BY）"}}, {"type": "Feature", "geometry": {"type": "Point", "coordinates": [139.425822, 35.752444]}, "properties": {"name": "ならはし児童館（奈良橋市民センター内）", "address": "東京都東大和市奈良橋4-600", "municipality": "東大和市", "type": "公民館", "source": "東大和市", "license": "クリエイティブ・コモンズ 表示（CC BY）"}}, {"type": "Feature", "geometry": {"type": "Point", "coordinates": [139.431509, 35.737198]}, "properties": {"name": "なんがい児童館（南街市民センター内）", "address": "東京都東大和市南街5-32", "municipality": "東大和市", "type": "公民館", "source": "東大和市", "license": "クリエイティブ・コモンズ 表示（CC BY）"}}, {"type": "Feature", "geometry": {"type": "Point", "coordinates": [139.414741, 35.742877]}, "properties": {"name": "かみきただい児童館（上北台市民センター 内）", "address": "東京都東大和市上北台2-865-9", "municipality": "東大和市", "type": "公民館", "source": "東大和市", "license": "クリエイティブ・コモンズ 表示（CC BY）"}}, {"type": "Feature", "geometry": {"type": "Point", "coordinates": [139.420085, 35.733826]}, "properties": {"name": "さくらがおか児童館（桜が丘市民センター 内）", "address": "東京都東大和市桜が丘3-44-13", "municipality": "東大和市", "type": "公民館", "source": "東大和市", "license": "クリエイティブ・コモンズ 表示（CC BY）"}}, {"type": "Feature", "geometry": {"type": "Point", "coordinates": [139.43597, 35.740135]}, "properties": {"name": "むこうはら児童館（向原市民センター内）", "address": "東京都東大和市向原3-10", "municipality": "東大和市", "type": "公民館", "source": "東大和市", "license": "クリエイティブ・コモンズ 表示（CC BY）"}}, {"type": "Feature", "geometry": {"type": "Point", "coordinates": [139.431509, 35.737198]}, "properties": {"name": "学童保育所第二クラブ（南街市民センター 内）", "address": "東京都東大和市南街5-32", "municipality": "東大和市", "type": "公民館", "source": "東大和市", "license": "クリエイティブ・コモンズ 表示（CC BY）"}}, {"type": "Feature", "geometry": {"type": "Point", "coordinates": [139.43597, 35.740135]}, "properties": {"name": "学童保育所第五クラブ（向原市民センター 内）", "address": "東京都東大和市向原3-10", "municipality": "東大和市", "type": "公民館", "source": "東大和市", "license": "クリエイティブ・コモンズ 表示（CC BY）"}}, {"type": "Feature", "geometry": {"type": "Point", "coordinates": [139.425822, 35.752444]}, "properties": {"name": "老人福祉センター（奈良橋市民センター 内）", "address": "東京都東大和市奈良橋4-600", "municipality": "東大和市", "type": "公民館", "source": "東大和市", "license": "クリエイティブ・コモンズ 表示（CC BY）"}}, {"type": "Feature", "geometry": {"type": "Point", "coordinates": [139.414741, 35.742877]}, "properties": {"name": "上北台老人福祉館（上北台市民センター 内）", "address": "東京都東大和市上北台2-865-9", "municipality": "東大和市", "type": "公民館", "source": "東大和市", "license": "クリエイティブ・コモンズ 表示（CC BY）"}}, {"type": "Feature", "geometry": {"type": "Point", "coordinates": [139.43597, 35.740135]}, "properties": {"name": "向原老人福祉館（向原市民センター内）", "address": "東京都東大和市向原3-10", "municipality": "東大和市", "type": "公民館", "source": "東大和市", "license": "クリエイティブ・コモンズ 表示（CC BY）"}}, {"type": "Feature", "geometry": {"type": "Point", "coordinates": [139.447086, 35.741712]}, "properties": {"name": "清原老人福祉館（清原市民センター内）", "address": "東京都東大和市清原4-1", "municipality": "東大和市", "type": "公民館", "source": "東大和市", "license": "クリエイティブ・コモンズ 表示（CC BY）"}}, {"type": "Feature", "geometry": {"type": "Point", "coordinates": [139.40888, 35.754763]}, "properties": {"name": "芋窪老人集会所", "address": "東京都東大和市芋窪4-1435", "municipality": "東大和市", "type": "公民館", "source": "東大和市", "license": "クリエイティブ・コモンズ 表示（CC BY）"}}, {"type": "Feature", "geometry": {"type": "Point", "coordinates": [139.425822, 35.752444]}, "properties": {"name": "奈良橋市民センター", "address": "東京都東大和市奈良橋4-600", "municipality": "東大和市", "type": "公民館", "source": "東大和市", "license": "クリエイティブ・コモンズ 表示（CC BY）"}}, {"type": "Feature", "geometry": {"type": "Point", "coordinates": [139.431509, 35.737198]}, "properties": {"name": "南街市民センター", "address": "東京都東大和市南街5-32", "municipality": "東大和市", "type": "公民館", "source": "東大和市", "license": "クリエイティブ・コモンズ 表示（CC BY）"}}, {"type": "Feature", "geometry": {"type": "Point", "coordinates": [139.414741, 35.742877]}, "properties": {"name": "上北台市民センター", "address": "東京都東大和市上北台2-865-9", "municipality": "東大和市", "type": "公民館", "source": "東大和市", "license": "クリエイティブ・コモンズ 表示（CC BY）"}}, {"type": "Feature", "geometry": {"type": "Point", "coordinates": [139.420085, 35.733826]}, "properties": {"name": "桜が丘市民センター", "address": "東京都東大和市桜が丘3-44-13", "municipality": "東大和市", "type": "公民館", "source": "東大和市", "license": "クリエイティブ・コモンズ 表示（CC BY）"}}, {"type": "Feature", "geometry": {"type": "Point", "coordinates": [139.43597, 35.740135]}, "properties": {"name": "向原市民センター", "address": "東京都東大和市向原3-10", "municipality": "東大和市", "type": "公民館", "source": "東大和市", "license": "クリエイティブ・コモンズ 表示（CC BY）"}}, {"type": "Feature", "geometry": {"type": "Point", "coordinates": [139.447086, 35.741712]}, "properties": {"name": "清原市民センター", "address": "東京都東大和市清原4-1", "municipality": "東大和市", "type": "公民館", "source": "東大和市", "license": "クリエイティブ・コモンズ 表示（CC BY）"}}, {"type": "Feature", "geometry": {"type": "Point", "coordinates": [139.430176, 35.757984]}, "properties": {"name": "湖畔集会所備蓄コンテナ", "address": "東京都東大和市湖畔2-1044-234", "municipality": "東大和市", "type": "公民館", "source": "東大和市", "license": "クリエイティブ・コモンズ 表示（CC BY）"}}, {"type": "Feature", "geometry": {"type": "Point", "coordinates": [139.437684, 35.755832]}, "properties": {"name": "狭山公民館備蓄コンテナ", "address": "東京都東大和市狭山3-1344-1", "municipality": "東大和市", "type": "公民館", "source": "東大和市", "license": "クリエイティブ・コモンズ 表示（CC BY）"}}, {"type": "Feature", "geometry": {"type": "Point", "coordinates": [139.427431, 35.746638]}, "properties": {"name": "中央地区福祉集会所（社会福祉協議会） （使用許可）", "address": "東京都東大和市中央3-912-3", "municipality": "東大和市", "type": "公民館", "source": "東大和市", "license": "クリエイティブ・コモンズ 表示（CC BY）"}}, {"type": "Feature", "geometry": {"type": "Point", "coordinates": [139.425822, 35.752444]}, "properties": {"name": "学童保育所第一クラブ第二育成室（奈良橋 市民センター敷地内）", "address": "東京都東大和市奈良橋4-600", "municipality": "東大和市", "type": "公民館", "source": "東大和市", "license": "クリエイティブ・コモンズ 表示（CC BY）"}}, {"type": "Feature", "geometry": {"type": "Point", "coordinates": [139.579809, 35.623377]}, "properties": {"name": "南部地域センター", "address": "狛江市猪方4-11-1", "municipality": "狛江市", "type": "公民館", "source": "狛江市", "license": "クリエイティブ・コモンズ 表示（CC BY）"}}, {"type": "Feature", "geometry": {"type": "Point", "coordinates": [139.568014, 35.645149]}, "properties": {"name": "上和泉地域センター", "address": "狛江市和泉本町4-7-51", "municipality": "狛江市", "type": "公民館", "source": "狛江市", "license": "クリエイティブ・コモンズ 表示（CC BY）"}}, {"type": "Feature", "geometry": {"type": "Point", "coordinates": [139.586045, 35.632071]}, "properties": {"name": "岩戸地域センター", "address": "狛江市岩戸南2-2-5", "municipality": "狛江市", "type": "公民館", "source": "狛江市", "license": "クリエイティブ・コモンズ 表示（CC BY）"}}, {"type": "Feature", "geometry": {"type": "Point", "coordinates": [139.575503, 35.646093]}, "properties": {"name": "野川地域センター", "address": "狛江市西野川1-6-9", "municipality": "狛江市", "type": "公民館", "source": "狛江市", "license": "クリエイティブ・コモンズ 表示（CC BY）"}}, {"type": "Feature", "geometry": {"type": "Point", "coordinates": [139.578171, 35.635208]}, "properties": {"name": "狛江市中央公民館", "address": "狛江市和泉本町1-1-5", "municipality": "狛江市", "type": "公民館", "source": "狛江市", "license": "クリエイティブ・コモンズ 表示（CC BY）"}}, {"type": "Feature", "geometry": {"type": "Point", "coordinates": [139.567029, 35.63344]}, "properties": {"name": "狛江市西河原公民館", "address": "狛江市元和泉2-35-1", "municipality": "狛江市", "type": "公民館", "source": "狛江市", "license": "クリエイティブ・コモンズ 表示（CC BY）"}}, {"type": "Feature", "geometry": {"type": "Point", "coordinates": [139.43329, 35.686421]}, "properties": {"name": "矢川集会所", "address": "東京都国立市富士見台3-32-4", "municipality": "国立市", "type": "公民館", "source": "国立市", "license": "クリエイティブ・コモンズ 表示（CC BY）"}}, {"type": "Feature", "geometry": {"type": "Point", "coordinates": [139.448105, 35.683311]}, "properties": {"name": "富士見台一丁目集会所", "address": "東京都国立市富士見台1-8-4", "municipality": "国立市", "type": "公民館", "source": "国立市", "license": "クリエイティブ・コモンズ 表示（CC BY）"}}, {"type": "Feature", "geometry": {"type": "Point", "coordinates": [139.444034, 35.697924]}, "properties": {"name": "中一丁目集会所", "address": "東京都国立市中1-10-34", "municipality": "国立市", "type": "公民館", "source": "国立市", "license": "クリエイティブ・コモンズ 表示（CC BY）"}}, {"type": "Feature", "geometry": {"type": "Point", "coordinates": [139.441439, 35.681588]}, "properties": {"name": "千丑集会所", "address": "東京都国立市谷保7190-4", "municipality": "国立市", "type": "公民館", "source": "国立市", "license": "クリエイティブ・コモンズ 表示（CC BY）"}}, {"type": "Feature", "geometry": {"type": "Point", "coordinates": [139.443679, 35.67911]}, "properties": {"name": "坂下集会所", "address": "東京都国立市谷保749-2", "municipality": "国立市", "type": "公民館", "source": "国立市", "license": "クリエイティブ・コモンズ 表示（CC BY）"}}, {"type": "Feature", "geometry": {"type": "Point", "coordinates": [139.438643, 35.682827]}, "properties": {"name": "石神集会所", "address": "東京都国立市谷保7103-2", "municipality": "国立市", "type": "公民館", "source": "国立市", "license": "クリエイティブ・コモンズ 表示（CC BY）"}}, {"type": "Feature", "geometry": {"type": "Point", "coordinates": [139.450731, 35.6731]}, "properties": {"name": "谷保東集会所", "address": "東京都国立市谷保7-17-1", "municipality": "国立市", "type": "公民館", "source": "国立市", "license": "クリエイティブ・コモンズ 表示（CC BY）"}}, {"type": "Feature", "geometry": {"type": "Point", "coordinates": [139.444977, 35.684868]}, "properties": {"name": "富士見台二丁目集会所", "address": "東京都国立市富士見台2-32-1", "municipality": "国立市", "type": "公民館", "source": "国立市", "license": "クリエイティブ・コモンズ 表示（CC BY）"}}, {"type": "Feature", "geometry": {"type": "Point", "coordinates": [139.443368, 35.696897]}, "properties": {"name": "国立市公民館図書室", "address": "東京都国立市中1-15-1", "municipality": "国立市", "type": "公民館", "source": "国立市", "license": "クリエイティブ・コモンズ 表示（CC BY）"}}, {"type": "Feature", "geometry": {"type": "Point", "coordinates": [139.456209, 35.698162]}, "properties": {"name": "内藤地域センター", "address": "東京都国分寺市内藤2-22-34", "municipality": "国分寺市", "type": "公民館", "source": "国分寺市", "license": "クリエイティブ・コモンズ 表示（CC BY）"}}, {"type": "Feature", "geometry": {"type": "Point", "coordinates": [139.449973, 35.717778]}, "properties": {"name": "北町地域センター", "address": "東京都国分寺市北町3-2-13", "municipality": "国分寺市", "type": "公民館", "source": "国分寺市", "license": "クリエイティブ・コモンズ 表示（CC BY）"}}, {"type": "Feature", "geometry": {"type": "Point", "coordinates": [139.469222, 35.713694]}, "properties": {"name": "北の原地域センター", "address": "東京都国分寺市東恋ヶ窪6-9-11", "municipality": "国分寺市", "type": "公民館", "source": "国分寺市", "license": "クリエイティブ・コモンズ 表示（CC BY）"}}, {"type": "Feature", "geometry": {"type": "Point", "coordinates": [139.434384, 35.710799]}, "properties": {"name": "西町地域センター", "address": "東京都国分寺市西町3-22-1", "municipality": "国分寺市", "type": "公民館", "source": "国分寺市", "license": "クリエイティブ・コモンズ 表示（CC BY）"}}, {"type": "Feature", "geometry": {"type": "Point", "coordinates": [139.47837, 35.699842]}, "properties": {"name": "本町・南町地域センター", "address": "東京都国分寺市南町3-21-1ブロードアベニュー国分寺1階", "municipality": "国分寺市", "type": "公民館", "source": "国分寺市", "license": "クリエイティブ・コモンズ 表示（CC BY）"}}, {"type": "Feature", "geometry": {"type": "Point", "coordinates": [139.474847, 35.691242]}, "properties": {"name": "もとまち地域センター", "address": "東京都国分寺市西元町3-18-12", "municipality": "国分寺市", "type": "公民館", "source": "国分寺市", "license": "クリエイティブ・コモンズ 表示（CC BY）"}}, {"type": "Feature", "geometry": {"type": "Point", "coordinates": [139.514077, 35.727938]}, "properties": {"name": "東部市民センター", "address": "東京都小平市花小金井一丁目8-1", "municipality": "小平市", "type": "公民館", "source": "小平市", "license": "クリエイティブ・コモンズ 表示（CC BY）"}}, {"type": "Feature", "geometry": {"type": "Point", "coordinates": [139.461787, 35.735135]}, "properties": {"name": "西部市民センター", "address": "東京都小平市小川西町四丁目10-13", "municipality": "小平市", "type": "公民館", "source": "小平市", "license": "クリエイティブ・コモンズ 表示（CC BY）"}}, {"type": "Feature", "geometry": {"type": "Point", "coordinates": [139.500767, 35.720848]}, "properties": {"name": "鈴木地域センター", "address": "東京都小平市鈴木町一丁目400", "municipality": "小平市", "type": "公民館", "source": "小平市", "license": "クリエイティブ・コモンズ 表示（CC BY）"}}, {"type": "Feature", "geometry": {"type": "Point", "coordinates": [139.494498, 35.741523]}, "properties": {"name": "大沼地域センター", "address": "東京都小平市大沼町二丁目17-33", "municipality": "小平市", "type": "公民館", "source": "小平市", "license": "クリエイティブ・コモンズ 表示（CC BY）"}}, {"type": "Feature", "geometry": {"type": "Point", "coordinates": [139.438876, 35.725324]}, "properties": {"name": "上水新町地域センター", "address": "東京都小平市上水新町一丁目14-18", "municipality": "小平市", "type": "公民館", "source": "小平市", "license": "クリエイティブ・コモンズ 表示（CC BY）"}}, {"type": "Feature", "geometry": {"type": "Point", "coordinates": [139.434291, 35.729831]}, "properties": {"name": "中島地域センター", "address": "東京都小平市中島町26-9", "municipality": "小平市", "type": "公民館", "source": "小平市", "license": "クリエイティブ・コモンズ 表示（CC BY）"}}, {"type": "Feature", "geometry": {"type": "Point", "coordinates": [139.496718, 35.72817]}, "properties": {"name": "天神地域センター", "address": "東京都小平市天神町四丁目3-1", "municipality": "小平市", "type": "公民館", "source": "小平市", "license": "クリエイティブ・コモンズ 表示（CC BY）"}}, {"type": "Feature", "geometry": {"type": "Point", "coordinates": [139.470369, 35.717416]}, "properties": {"name": "上水本町地域センター", "address": "東京都小平市上水本町三丁目11-11", "municipality": "小平市", "type": "公民館", "source": "小平市", "license": "クリエイティブ・コモンズ 表示（CC BY）"}}, {"type": "Feature", "geometry": {"type": "Point", "coordinates": [139.455993, 35.735248]}, "properties": {"name": "小川西町地域センター", "address": "東京都小平市小川西町五丁目4-17", "municipality": "小平市", "type": "公民館", "source": "小平市", "license": "クリエイティブ・コモンズ 表示（CC BY）"}}, {"type": "Feature", "geometry": {"type": "Point", "coordinates": [139.483535, 35.725836]}, "properties": {"name": "学園東町地域センター", "address": "東京都小平市学園東町二丁目16-11", "municipality": "小平市", "type": "公民館", "source": "小平市", "license": "クリエイティブ・コモンズ 表示（CC BY）"}}, {"type": "Feature", "geometry": {"type": "Point", "coordinates": [139.517893, 35.734483]}, "properties": {"name": "花小金井北地域センター", "address": "東京都小平市花小金井三丁目10-1", "municipality": "小平市", "type": "公民館", "source": "小平市", "license": "クリエイティブ・コモンズ 表示（CC BY）"}}, {"type": "Feature", "geometry": {"type": "Point", "coordinates": [139.478129, 35.734928]}, "properties": {"name": "小川東町地域センター（都営住宅内）", "address": "東京都小平市小川東町1805", "municipality": "小平市", "type": "公民館", "source": "小平市", "license": "クリエイティブ・コモンズ 表示（CC BY）"}}, {"type": "Feature", "geometry": {"type": "Point", "coordinates": [139.501323, 35.714419]}, "properties": {"name": "御幸地域センター", "address": "東京都小平市御幸町58", "municipality": "小平市", "type": "公民館", "source": "小平市", "license": "クリエイティブ・コモンズ 表示（CC BY）"}}, {"type": "Feature", "geometry": {"type": "Point", "coordinates": [139.488523, 35.716143]}, "properties": {"name": "喜平地域センター（消防団第八分団）", "address": "東京都小平市喜平町一丁目10-9", "municipality": "小平市", "type": "公民館", "source": "小平市", "license": "クリエイティブ・コモンズ 表示（CC BY）"}}, {"type": "Feature", "geometry": {"type": "Point", "coordinates": [139.468561, 35.73259]}, "properties": {"name": "小川東第二地域センター", "address": "東京都小平市小川東町五丁目9-1", "municipality": "小平市", "type": "公民館", "source": "小平市", "license": "クリエイティブ・コモンズ 表示（CC BY）"}}, {"type": "Feature", "geometry": {"type": "Point", "coordinates": [139.47565, 35.722702]}, "properties": {"name": "学園西町地域センター", "address": "東京都小平市学園西町二丁目12-22", "municipality": "小平市", "type": "公民館", "source": "小平市", "license": "クリエイティブ・コモンズ 表示（CC BY）"}}, {"type": "Feature", "geometry": {"type": "Point", "coordinates": [139.460627, 35.739122]}, "properties": {"name": "小川西町中宿地域センター（都営住宅内）", "address": "東京都小平市小川西町二丁目30-1", "municipality": "小平市", "type": "公民館", "source": "小平市", "license": "クリエイティブ・コモンズ 表示（CC BY）"}}, {"type": "Feature", "geometry": {"type": "Point", "coordinates": [139.489486, 35.734685]}, "properties": {"name": "美園地域センター（都営住宅内）", "address": "東京都小平市美園町一丁目19-2", "municipality": "小平市", "type": "公民館", "source": "小平市", "license": "クリエイティブ・コモンズ 表示（CC BY）"}}, {"type": "Feature", "geometry": {"type": "Point", "coordinates": [139.51869, 35.722168]}, "properties": {"name": "花小金井南地域センター・児童館", "address": "東京都小平市花小金井南町三丁目3-17", "municipality": "小平市", "type": "公民館", "source": "小平市", "license": "クリエイティブ・コモンズ 表示（CC BY）"}}, {"type": "Feature", "geometry": {"type": "Point", "coordinates": [139.467306, 35.72771]}, "properties": {"name": "小川町二丁目地域センター・児童館", "address": "東京都小平市小川町二丁目1154", "municipality": "小平市", "type": "公民館", "source": "小平市", "license": "クリエイティブ・コモンズ 表示（CC BY）"}}, {"type": "Feature", "geometry": {"type": "Point", "coordinates": [139.448243, 35.729377]}, "properties": {"name": "小川町一丁目地域センター・児童館", "address": "東京都小平市小川町一丁目3045", "municipality": "小平市", "type": "公民館", "source": "小平市", "license": "クリエイティブ・コモンズ 表示（CC BY）"}}, {"type": "Feature", "geometry": {"type": "Point", "coordinates": [139.476258, 35.727484]}, "properties": {"name": "中央公民館", "address": "東京都小平市小川町二丁目1325", "municipality": "小平市", "type": "公民館", "source": "小平市", "license": "クリエイティブ・コモンズ 表示（CC BY）"}}, {"type": "Feature", "geometry": {"type": "Point", "coordinates": [139.459214, 35.725386]}, "properties": {"name": "小川公民館", "address": "東京都小平市小川町一丁目1012", "municipality": "小平市", "type": "公民館", "source": "小平市", "license": "クリエイティブ・コモンズ 表示（CC BY）"}}, {"type": "Feature", "geometry": {"type": "Point", "coordinates": [139.51015, 35.73429]}, "properties": {"name": "花小金井保育園・花小金井北公民館", "address": "東京都小平市花小金井五丁目41-3", "municipality": "小平市", "type": "公民館", "source": "小平市", "license": "クリエイティブ・コモンズ 表示（CC BY）"}}, {"type": "Feature", "geometry": {"type": "Point", "coordinates": [139.443879, 35.731589]}, "properties": {"name": "上宿保育園・上宿公民館", "address": "東京都小平市小川町一丁目308", "municipality": "小平市", "type": "公民館", "source": "小平市", "license": "クリエイティブ・コモンズ 表示（CC BY）"}}, {"type": "Feature", "geometry": {"type": "Point", "coordinates": [139.48371, 35.713091]}, "properties": {"name": "上水南公民館", "address": "東京都小平市上水南町一丁目27-1", "municipality": "小平市", "type": "公民館", "source": "小平市", "license": "クリエイティブ・コモンズ 表示（CC BY）"}}, {"type": "Feature", "geometry": {"type": "Point", "coordinates": [139.51611, 35.724325]}, "properties": {"name": "花小金井南公民館", "address": "東京都小平市花小金井南町二丁目12-6", "municipality": "小平市", "type": "公民館", "source": "小平市", "license": "クリエイティブ・コモンズ 表示（CC BY）"}}, {"type": "Feature", "geometry": {"type": "Point", "coordinates": [139.48491, 35.730914]}, "properties": {"name": "仲町公民館・仲町図書館(なかまちテラス）", "address": "東京都小平市仲町145", "municipality": "小平市", "type": "公民館", "source": "小平市", "license": "クリエイティブ・コモンズ 表示（CC BY）"}}, {"type": "Feature", "geometry": {"type": "Point", "coordinates": [139.470051, 35.720866]}, "properties": {"name": "津田公民館・津田図書館（都営住宅内）", "address": "東京都小平市津田町三丁目11-1", "municipality": "小平市", "type": "公民館", "source": "小平市", "license": "クリエイティブ・コモンズ 表示（CC BY）"}}, {"type": "Feature", "geometry": {"type": "Point", "coordinates": [139.497196, 35.735374]}, "properties": {"name": "大沼公民館・大沼図書館（都営住宅内）", "address": "東京都小平市大沼町七丁目1-17", "municipality": "小平市", "type": "公民館", "source": "小平市", "license": "クリエイティブ・コモンズ 表示（CC BY）"}}, {"type": "Feature", "geometry": {"type": "Point", "coordinates": [139.506798, 35.720766]}, "properties": {"name": "鈴木公民館（都営住宅内）", "address": "東京都小平市鈴木町二丁目772", "municipality": "小平市", "type": "公民館", "source": "小平市", "license": "クリエイティブ・コモンズ 表示（CC BY）"}}, {"type": "Feature", "geometry": {"type": "Point", "coordinates": [139.494407, 35.702623]}, "properties": {"name": "貫井北町中之久保集会所", "address": "東京都小金井市貫井北町1-18-21", "municipality": "小金井市", "type": "公民館", "source": "小金井市", "license": "クリエイティブ・コモンズ 表示（CC BY）"}}, {"type": "Feature", "geometry": {"type": "Point", "coordinates": [139.503451, 35.690584]}, "properties": {"name": "前原町丸山台集会所", "address": "東京都小金井市前原町4-18-14", "municipality": "小金井市", "type": "公民館", "source": "小金井市", "license": "クリエイティブ・コモンズ 表示（CC BY）"}}, {"type": "Feature", "geometry": {"type": "Point", "coordinates": [139.526625, 35.693974]}, "properties": {"name": "東町集会所", "address": "東京都小金井市東町1-39-1", "municipality": "小金井市", "type": "公民館", "source": "小金井市", "license": "クリエイティブ・コモンズ 表示（CC BY）"}}, {"type": "Feature", "geometry": {"type": "Point", "coordinates": [139.495108, 35.699252]}, "properties": {"name": "貫井南町三楽集会所", "address": "東京都小金井市貫井南町3-6-18", "municipality": "小金井市", "type": "公民館", "source": "小金井市", "license": "クリエイティブ・コモンズ 表示（CC BY）"}}, {"type": "Feature", "geometry": {"type": "Point", "coordinates": [139.512846, 35.700061]}, "properties": {"name": "中町桜並集会所", "address": "東京都小金井市中町3-19-12", "municipality": "小金井市", "type": "公民館", "source": "小金井市", "license": "クリエイティブ・コモンズ 表示（CC BY）"}}, {"type": "Feature", "geometry": {"type": "Point", "coordinates": [139.48855, 35.702948]}, "properties": {"name": "貫井北五集会所", "address": "東京都小金井市貫井北町5-16-13", "municipality": "小金井市", "type": "公民館", "source": "小金井市", "license": "クリエイティブ・コモンズ 表示（CC BY）"}}, {"type": "Feature", "geometry": {"type": "Point", "coordinates": [139.509932, 35.693458]}, "properties": {"name": "中町天神前集会所", "address": "東京都小金井市中町1-7-7", "municipality": "小金井市", "type": "公民館", "source": "小金井市", "license": "クリエイティブ・コモンズ 表示（CC BY）"}}, {"type": "Feature", "geometry": {"type": "Point", "coordinates": [139.526625, 35.693974]}, "properties": {"name": "高齢者いこいの部屋（東町集会所内）", "address": "東京都小金井市東町1-39-1東町集会所内", "municipality": "小金井市", "type": "公民館", "source": "小金井市", "license": "クリエイティブ・コモンズ 表示（CC BY）"}}, {"type": "Feature", "geometry": {"type": "Point", "coordinates": [139.493685, 35.693689]}, "properties": {"name": "高齢者いこいの部屋（公民館貫井南分館内）", "address": "東京都小金井市貫井南町4-3-23公民館貫井南分館内", "municipality": "小金井市", "type": "公民館", "source": "小金井市", "license": "クリエイティブ・コモンズ 表示（CC BY）"}}, {"type": "Feature", "geometry": {"type": "Point", "coordinates": [139.51635, 35.709571]}, "properties": {"name": "高齢者いこいの部屋（公民館緑分館内）", "address": "東京都小金井市緑町3-3-23公民館緑分館", "municipality": "小金井市", "type": "公民館", "source": "小金井市", "license": "クリエイティブ・コモンズ 表示（CC BY）"}}, {"type": "Feature", "geometry": {"type": "Point", "coordinates": [139.506777, 35.700024]}, "properties": {"name": "小金井市民交流センター", "address": "東京都小金井市本町6-14-45", "municipality": "小金井市", "type": "公民館", "source": "小金井市", "license": "クリエイティブ・コモンズ 表示（CC BY）"}}, {"type": "Feature", "geometry": {"type": "Point", "coordinates": [139.510602, 35.705448]}, "properties": {"name": "公民館本館", "address": "東京都小金井市本町2-15-11", "municipality": "小金井市", "type": "公民館", "source": "小金井市", "license": "クリエイティブ・コモンズ 表示（CC BY）"}}, {"type": "Feature", "geometry": {"type": "Point", "coordinates": [139.493685, 35.693689]}, "properties": {"name": "公民館貫井南分館", "address": "東京都小金井市貫井南町4-3-23", "municipality": "小金井市", "type": "公民館", "source": "小金井市", "license": "クリエイティブ・コモンズ 表示（CC BY）"}}, {"type": "Feature", "geometry": {"type": "Point", "coordinates": [139.526625, 35.693974]}, "properties": {"name": "公民館東分館", "address": "東京都小金井市東町1-39-1", "municipality": "小金井市", "type": "公民館", "source": "小金井市", "license": "クリエイティブ・コモンズ 表示（CC BY）"}}, {"type": "Feature", "geometry": {"type": "Point", "coordinates": [139.51635, 35.709571]}, "properties": {"name": "公民館緑分館", "address": "東京都小金井市緑町3-3-23", "municipality": "小金井市", "type": "公民館", "source": "小金井市", "license": "クリエイティブ・コモンズ 表示（CC BY）"}}, {"type": "Feature", "geometry": {"type": "Point", "coordinates": [139.497742, 35.70231]}, "properties": {"name": "公民館貫井北分館", "address": "東京都小金井市貫井北町1-11-12", "municipality": "小金井市", "type": "公民館", "source": "小金井市", "license": "クリエイティブ・コモンズ 表示（CC BY）"}}, {"type": "Feature", "geometry": {"type": "Point", "coordinates": [139.4667959, 35.52364717]}, "properties": {"name": "南市民センター", "address": "", "municipality": "町田市", "type": "公民館", "source": "町田市", "license": "クリエイティブ・コモンズ 表示（CC BY）"}}, {"type": "Feature", "geometry": {"type": "Point", "coordinates": [139.4729389, 35.53682331]}, "properties": {"name": "なるせ駅前市民センター", "address": "", "municipality": "町田市", "type": "公民館", "source": "町田市", "license": "クリエイティブ・コモンズ 表示（CC BY）"}}, {"type": "Feature", "geometry": {"type": "Point", "coordinates": [139.4673706, 35.58888656]}, "properties": {"name": "鶴川市民センター", "address": "", "municipality": "町田市", "type": "公民館", "source": "町田市", "license": "クリエイティブ・コモンズ 表示（CC BY）"}}, {"type": "Feature", "geometry": {"type": "Point", "coordinates": [139.4161491, 35.57833572]}, "properties": {"name": "忠生市民センター", "address": "", "municipality": "町田市", "type": "公民館", "source": "町田市", "license": "クリエイティブ・コモンズ 表示（CC BY）"}}, {"type": "Feature", "geometry": {"type": "Point", "coordinates": [139.3333728, 35.60424683]}, "properties": {"name": "堺市民センター", "address": "", "municipality": "町田市", "type": "公民館", "source": "町田市", "license": "クリエイティブ・コモンズ 表示（CC BY）"}}, {"type": "Feature", "geometry": {"type": "Point", "coordinates": [139.3689945, 35.59714842]}, "properties": {"name": "小山市民センター", "address": "", "municipality": "町田市", "type": "公民館", "source": "町田市", "license": "クリエイティブ・コモンズ 表示（CC BY）"}}, {"type": "Feature", "geometry": {"type": "Point", "coordinates": [139.4625582, 35.56374803]}, "properties": {"name": "玉川学園駅前連絡所（玉川学園コミュニティセンター）", "address": "", "municipality": "町田市", "type": "公民館", "source": "町田市", "license": "クリエイティブ・コモンズ 表示（CC BY）"}}, {"type": "Feature", "geometry": {"type": "Point", "coordinates": [139.4367346, 35.56859619]}, "properties": {"name": "木曽山崎連絡所（木曽山崎コミュニティセンター）", "address": "", "municipality": "町田市", "type": "公民館", "source": "町田市", "license": "クリエイティブ・コモンズ 表示（CC BY）"}}, {"type": "Feature", "geometry": {"type": "Point", "coordinates": [139.4481429, 35.54095047]}, "properties": {"name": "町田市文化交流センター", "address": "", "municipality": "町田市", "type": "公民館", "source": "町田市", "license": "クリエイティブ・コモンズ 表示（CC BY）"}}, {"type": "Feature", "geometry": {"type": "Point", "coordinates": [139.4472272, 35.54297064]}, "properties": {"name": "生涯学習センター(まちだ中央公民館)", "address": "", "municipality": "町田市", "type": "公民館", "source": "町田市", "license": "クリエイティブ・コモンズ 表示（CC BY）"}}, {"type": "Feature", "geometry": {"type": "Point", "coordinates": [139.4728479, 35.54352008]}, "properties": {"name": "成瀬コミュニティセンター", "address": "", "municipality": "町田市", "type": "公民館", "source": "町田市", "license": "クリエイティブ・コモンズ 表示（CC BY）"}}, {"type": "Feature", "geometry": {"type": "Point", "coordinates": [139.4846791, 35.52712206]}, "properties": {"name": "つくし野コミュニティセンター", "address": "", "municipality": "町田市", "type": "公民館", "source": "町田市", "license": "クリエイティブ・コモンズ 表示（CC BY）"}}, {"type": "Feature", "geometry": {"type": "Point", "coordinates": [139.428557, 35.55510311]}, "properties": {"name": "木曽森野コミュニティセンター", "address": "", "municipality": "町田市", "type": "公民館", "source": "町田市", "license": "クリエイティブ・コモンズ 表示（CC BY）"}}, {"type": "Feature", "geometry": {"type": "Point", "coordinates": [139.4931332, 35.57717031]}, "properties": {"name": "三輪コミュニティセンター", "address": "", "municipality": "町田市", "type": "公民館", "source": "町田市", "license": "クリエイティブ・コモンズ 表示（CC BY）"}}, {"type": "Feature", "geometry": {"type": "Point", "coordinates": [139.3983522, 35.59484069]}, "properties": {"name": "上小山田コミュニティセンター", "address": "", "municipality": "町田市", "type": "公民館", "source": "町田市", "license": "クリエイティブ・コモンズ 表示（CC BY）"}}, {"type": "Feature", "geometry": {"type": "Point", "coordinates": [139.4385524, 35.59823192]}, "properties": {"name": "小野路宿里山交流館", "address": "", "municipality": "町田市", "type": "公民館", "source": "町田市", "license": "クリエイティブ・コモンズ 表示（CC BY）"}}, {"type": "Feature", "geometry": {"type": "Point", "coordinates": [139.540126, 35.698274]}, "properties": {"name": "境南コミュニティセンター", "address": "東京都武蔵野市境南町3-22-9", "municipality": "武蔵野市", "type": "公民館", "source": "武蔵野市", "license": "クリエイティブ・コモンズ 表示（CC BY）"}}, {"type": "Feature", "geometry": {"type": "Point", "coordinates": [139.556855, 35.706021]}, "properties": {"name": "西久保コミュニティセンター", "address": "東京都武蔵野市西久保1-23-7", "municipality": "武蔵野市", "type": "公民館", "source": "武蔵野市", "license": "クリエイティブ・コモンズ 表示（CC BY）"}}, {"type": "Feature", "geometry": {"type": "Point", "coordinates": [139.56504, 35.711185]}, "properties": {"name": "中央コミュニティセンター", "address": "東京都武蔵野市中町3-5-17", "municipality": "武蔵野市", "type": "公民館", "source": "武蔵野市", "license": "クリエイティブ・コモンズ 表示（CC BY）"}}, {"type": "Feature", "geometry": {"type": "Point", "coordinates": [139.564631, 35.704278]}, "properties": {"name": "中央コミュニティセンター中町集会所", "address": "東京都武蔵野市中町1-28-5", "municipality": "武蔵野市", "type": "公民館", "source": "武蔵野市", "license": "クリエイティブ・コモンズ 表示（CC BY）"}}, {"type": "Feature", "geometry": {"type": "Point", "coordinates": [139.584076, 35.707721]}, "properties": {"name": "吉祥寺東コミュニティセンター（九浦の家）", "address": "東京都武蔵野市吉祥寺東町1-12-6", "municipality": "武蔵野市", "type": "公民館", "source": "武蔵野市", "license": "クリエイティブ・コモンズ 表示（CC BY）"}}, {"type": "Feature", "geometry": {"type": "Point", "coordinates": [139.577987, 35.712282]}, "properties": {"name": "吉祥寺北コミュニティセンター", "address": "東京都武蔵野市吉祥寺北町1-22-10", "municipality": "武蔵野市", "type": "公民館", "source": "武蔵野市", "license": "クリエイティブ・コモンズ 表示（CC BY）"}}, {"type": "Feature", "geometry": {"type": "Point", "coordinates": [139.581907, 35.704465]}, "properties": {"name": "本町コミュニティセンター", "address": "東京都武蔵野市吉祥寺本町1-22-2", "municipality": "武蔵野市", "type": "公民館", "source": "武蔵野市", "license": "クリエイティブ・コモンズ 表示（CC BY）"}}, {"type": "Feature", "geometry": {"type": "Point", "coordinates": [139.552429, 35.717065]}, "properties": {"name": "八幡町コミュニティセンター", "address": "東京都武蔵野市八幡町3-3-16", "municipality": "武蔵野市", "type": "公民館", "source": "武蔵野市", "license": "クリエイティブ・コモンズ 表示（CC BY）"}}, {"type": "Feature", "geometry": {"type": "Point", "coordinates": [139.549084, 35.712871]}, "properties": {"name": "関前コミュニティセンター", "address": "東京都武蔵野市関前2-26-10", "municipality": "武蔵野市", "type": "公民館", "source": "武蔵野市", "license": "クリエイティブ・コモンズ 表示（CC BY）"}}, {"type": "Feature", "geometry": {"type": "Point", "coordinates": [139.575838, 35.702199]}, "properties": {"name": "御殿山コミュニティセンター", "address": "東京都武蔵野市御殿山1-5-11", "municipality": "武蔵野市", "type": "公民館", "source": "武蔵野市", "license": "クリエイティブ・コモンズ 表示（CC BY）"}}, {"type": "Feature", "geometry": {"type": "Point", "coordinates": [139.528856, 35.714824]}, "properties": {"name": "桜堤コミュニティセンター", "address": "東京都武蔵野市桜堤3-3-11", "municipality": "武蔵野市", "type": "公民館", "source": "武蔵野市", "license": "クリエイティブ・コモンズ 表示（CC BY）"}}, {"type": "Feature", "geometry": {"type": "Point", "coordinates": [139.586678, 35.699256]}, "properties": {"name": "吉祥寺南町コミュニティセンター", "address": "東京都武蔵野市吉祥寺南町3-13-1", "municipality": "武蔵野市", "type": "公民館", "source": "武蔵野市", "license": "クリエイティブ・コモンズ 表示（CC BY）"}}, {"type": "Feature", "geometry": {"type": "Point", "coordinates": [139.565798, 35.720066]}, "properties": {"name": "緑町コミュニティセンター", "address": "東京都武蔵野市緑町3-1-17", "municipality": "武蔵野市", "type": "公民館", "source": "武蔵野市", "license": "クリエイティブ・コモンズ 表示（CC BY）"}}, {"type": "Feature", "geometry": {"type": "Point", "coordinates": [139.535594, 35.706435]}, "properties": {"name": "西部コミュニティセンター", "address": "東京都武蔵野市境5-6-20", "municipality": "武蔵野市", "type": "公民館", "source": "武蔵野市", "license": "クリエイティブ・コモンズ 表示（CC BY）"}}, {"type": "Feature", "geometry": {"type": "Point", "coordinates": [139.569735, 35.705674]}, "properties": {"name": "吉祥寺西コミュニティセンター", "address": "東京都武蔵野市吉祥寺本町3-20-17", "municipality": "武蔵野市", "type": "公民館", "source": "武蔵野市", "license": "クリエイティブ・コモンズ 表示（CC BY）"}}, {"type": "Feature", "geometry": {"type": "Point", "coordinates": [139.571646, 35.717821]}, "properties": {"name": "けやきコミュニティセンター", "address": "東京都武蔵野市吉祥寺北町5-6-19", "municipality": "武蔵野市", "type": "公民館", "source": "武蔵野市", "license": "クリエイティブ・コモンズ 表示（CC BY）"}}, {"type": "Feature", "geometry": {"type": "Point", "coordinates": [139.589824, 35.703945]}, "properties": {"name": "本宿コミュニティセンター", "address": "東京都武蔵野市吉祥寺東町3-25-2", "municipality": "武蔵野市", "type": "公民館", "source": "武蔵野市", "license": "クリエイティブ・コモンズ 表示（CC BY）"}}, {"type": "Feature", "geometry": {"type": "Point", "coordinates": [139.574149, 35.708839]}, "properties": {"name": "吉祥寺西コミュニティセンター分館", "address": "東京都武蔵野市吉祥寺本町4-10-7", "municipality": "武蔵野市", "type": "公民館", "source": "武蔵野市", "license": "クリエイティブ・コモンズ 表示（CC BY）"}}, {"type": "Feature", "geometry": {"type": "Point", "coordinates": [139.554376, 35.714172]}, "properties": {"name": "関前コミュニティセンター分館", "address": "東京都武蔵野市関前3-16-6", "municipality": "武蔵野市", "type": "公民館", "source": "武蔵野市", "license": "クリエイティブ・コモンズ 表示（CC BY）"}}, {"type": "Feature", "geometry": {"type": "Point", "coordinates": [139.342069, 35.647038]}, "properties": {"name": "子安市民センター", "address": "東京都八王子市子安町2丁目528-2", "municipality": "八王子市", "type": "公民館", "source": "八王子市", "license": "クリエイティブ・コモンズ 表示（CC BY）"}}, {"type": "Feature", "geometry": {"type": "Point", "coordinates": [139.320133, 35.655042]}, "properties": {"name": "台町市民センター", "address": "東京都八王子市台町3丁目20-1", "municipality": "八王子市", "type": "公民館", "source": "八王子市", "license": "クリエイティブ・コモンズ 表示（CC BY）"}}, {"type": "Feature", "geometry": {"type": "Point", "coordinates": [139.318594, 35.681733]}, "properties": {"name": "中野市民センター", "address": "東京都八王子市中野町2726-7", "municipality": "八王子市", "type": "公民館", "source": "八王子市", "license": "クリエイティブ・コモンズ 表示（CC BY）"}}, {"type": "Feature", "geometry": {"type": "Point", "coordinates": [139.351965, 35.663118]}, "properties": {"name": "大和田市民センター", "address": "東京都八王子市大和田町5丁目9-1", "municipality": "八王子市", "type": "公民館", "source": "八王子市", "license": "クリエイティブ・コモンズ 表示（CC BY）"}}, {"type": "Feature", "geometry": {"type": "Point", "coordinates": [139.276897, 35.643589]}, "properties": {"name": "浅川市民センター", "address": "東京都八王子市高尾町1652-1", "municipality": "八王子市", "type": "公民館", "source": "八王子市", "license": "クリエイティブ・コモンズ 表示（CC BY）"}}, {"type": "Feature", "geometry": {"type": "Point", "coordinates": [139.382253, 35.626637]}, "properties": {"name": "由木中央市民センター", "address": "東京都八王子市下柚木2丁目10-6", "municipality": "八王子市", "type": "公民館", "source": "八王子市", "license": "クリエイティブ・コモンズ 表示（CC BY）"}}, {"type": "Feature", "geometry": {"type": "Point", "coordinates": [139.42154, 35.634228]}, "properties": {"name": "由木東市民センター", "address": "東京都八王子市鹿島111-1", "municipality": "八王子市", "type": "公民館", "source": "八王子市", "license": "クリエイティブ・コモンズ 表示（CC BY）"}}, {"type": "Feature", "geometry": {"type": "Point", "coordinates": [139.295319, 35.650403]}, "properties": {"name": "長房市民センター", "address": "東京都八王子市長房町506-2", "municipality": "八王子市", "type": "公民館", "source": "八王子市", "license": "クリエイティブ・コモンズ 表示（CC BY）"}}, {"type": "Feature", "geometry": {"type": "Point", "coordinates": [139.283951, 35.680089]}, "properties": {"name": "元八王子市民センター", "address": "東京都八王子市上壱分方町746-1", "municipality": "八王子市", "type": "公民館", "source": "八王子市", "license": "クリエイティブ・コモンズ 表示（CC BY）"}}, {"type": "Feature", "geometry": {"type": "Point", "coordinates": [139.268696, 35.674026]}, "properties": {"name": "恩方市民センター", "address": "東京都八王子市西寺方町260-4", "municipality": "八王子市", "type": "公民館", "source": "八王子市", "license": "クリエイティブ・コモンズ 表示（CC BY）"}}, {"type": "Feature", "geometry": {"type": "Point", "coordinates": [139.299019, 35.686507]}, "properties": {"name": "川口市民センター", "address": "東京都八王子市川口町3838", "municipality": "八王子市", "type": "公民館", "source": "八王子市", "license": "クリエイティブ・コモンズ 表示（CC BY）"}}, {"type": "Feature", "geometry": {"type": "Point", "coordinates": [139.348994, 35.640616]}, "properties": {"name": "由井市民センター", "address": "東京都八王子市打越町42-1", "municipality": "八王子市", "type": "公民館", "source": "八王子市", "license": "クリエイティブ・コモンズ 表示（CC BY）"}}, {"type": "Feature", "geometry": {"type": "Point", "coordinates": [139.364322, 35.680496]}, "properties": {"name": "石川市民センター", "address": "東京都八王子市石川町438", "municipality": "八王子市", "type": "公民館", "source": "八王子市", "license": "クリエイティブ・コモンズ 表示（CC BY）"}}, {"type": "Feature", "geometry": {"type": "Point", "coordinates": [139.323907, 35.699569]}, "properties": {"name": "加住市民センター", "address": "東京都八王子市加住町1丁目338", "municipality": "八王子市", "type": "公民館", "source": "八王子市", "license": "クリエイティブ・コモンズ 表示（CC BY）"}}, {"type": "Feature", "geometry": {"type": "Point", "coordinates": [139.303297, 35.634469]}, "properties": {"name": "館町市民センター", "address": "東京都八王子市館町115-1", "municipality": "八王子市", "type": "公民館", "source": "八王子市", "license": "クリエイティブ・コモンズ 表示（CC BY）"}}, {"type": "Feature", "geometry": {"type": "Point", "coordinates": [139.310464, 35.633647]}, "properties": {"name": "横山南市民センター", "address": "東京都八王子市椚田町137-3", "municipality": "八王子市", "type": "公民館", "source": "八王子市", "license": "クリエイティブ・コモンズ 表示（CC BY）"}}, {"type": "Feature", "geometry": {"type": "Point", "coordinates": [139.34462, 35.650739]}, "properties": {"name": "子安市民センター防災倉庫", "address": "東京都八王子市子安町2丁目6-1", "municipality": "八王子市", "type": "公民館", "source": "八王子市", "license": "クリエイティブ・コモンズ 表示（CC BY）"}}, {"type": "Feature", "geometry": {"type": "Point", "coordinates": [139.343506, 35.65612]}, "properties": {"name": "京王八王子駅東自転車駐車場内集会所", "address": "東京都八王子市明神町3丁目169", "municipality": "八王子市", "type": "公民館", "source": "八王子市", "license": "クリエイティブ・コモンズ 表示（CC BY）"}}, {"type": "Feature", "geometry": {"type": "Point", "coordinates": [139.267746, 35.674686]}, "properties": {"name": "恩方市民センター図書館", "address": "東京都八王子市西寺方町260-4", "municipality": "八王子市", "type": "公民館", "source": "八王子市", "license": "クリエイティブ・コモンズ 表示（CC BY）"}}, {"type": "Feature", "geometry": {"type": "Point", "coordinates": [139.382278, 35.626877]}, "properties": {"name": "由木中央市民センター図書館", "address": "東京都八王子市下柚木2丁目10-6", "municipality": "八王子市", "type": "公民館", "source": "八王子市", "license": "クリエイティブ・コモンズ 表示（CC BY）"}}, {"type": "Feature", "geometry": {"type": "Point", "coordinates": [139.364548, 35.680428]}, "properties": {"name": "石川市民センター図書館", "address": "東京都八王子市石川町438", "municipality": "八王子市", "type": "公民館", "source": "八王子市", "license": "クリエイティブ・コモンズ 表示（CC BY）"}}, {"type": "Feature", "geometry": {"type": "Point", "coordinates": [139.843623, 35.740059]}, "properties": {"name": "立石地区センター", "address": "東京都葛飾区立石3-12-1立石地区センター\n", "municipality": "葛飾区", "type": "公民館", "source": "葛飾区", "license": "クリエイティブ・コモンズ 表示（CC BY）"}}, {"type": "Feature", "geometry": {"type": "Point", "coordinates": [139.847683, 35.734073]}, "properties": {"name": "東立石地区センター", "address": "東京都葛飾区東立石2-15-7東立石地区センター", "municipality": "葛飾区", "type": "公民館", "source": "葛飾区", "license": "クリエイティブ・コモンズ 表示（CC BY）"}}, {"type": "Feature", "geometry": {"type": "Point", "coordinates": [139.847407, 35.735298]}, "properties": {"name": "東立石地区センター別館", "address": "東京都葛飾区東立石3-34-12東立石地区センター別館", "municipality": "葛飾区", "type": "公民館", "source": "葛飾区", "license": "クリエイティブ・コモンズ 表示（CC BY）"}}, {"type": "Feature", "geometry": {"type": "Point", "coordinates": [139.840693, 35.728891]}, "properties": {"name": "東四つ木地区センター", "address": "東京都葛飾区東四つ木1-20-4東四つ木地区センター", "municipality": "葛飾区", "type": "公民館", "source": "葛飾区", "license": "クリエイティブ・コモンズ 表示（CC BY）"}}, {"type": "Feature", "geometry": {"type": "Point", "coordinates": [139.837175, 35.74013]}, "properties": {"name": "四つ木地区センター", "address": "東京都葛飾区宝町1-1-22四つ木地区センター", "municipality": "葛飾区", "type": "公民館", "source": "葛飾区", "license": "クリエイティブ・コモンズ 表示（CC BY）"}}, {"type": "Feature", "geometry": {"type": "Point", "coordinates": [139.828075, 35.74724]}, "properties": {"name": "堀切地区センター", "address": "東京都葛飾区堀切3-8-5堀切地区センター", "municipality": "葛飾区", "type": "公民館", "source": "葛飾区", "license": "クリエイティブ・コモンズ 表示（CC BY）"}}, {"type": "Feature", "geometry": {"type": "Point", "coordinates": [139.82726, 35.744644]}, "properties": {"name": "堀切地区センター別館", "address": "東京都葛飾区堀切2-31-10堀切地区センター別館", "municipality": "葛飾区", "type": "公民館", "source": "葛飾区", "license": "クリエイティブ・コモンズ 表示（CC BY）"}}, {"type": "Feature", "geometry": {"type": "Point", "coordinates": [139.829985, 35.754027]}, "properties": {"name": "南綾瀬地区センター", "address": "東京都葛飾区堀切7-8-22南綾瀬地区センター", "municipality": "葛飾区", "type": "公民館", "source": "葛飾区", "license": "クリエイティブ・コモンズ 表示（CC BY）"}}, {"type": "Feature", "geometry": {"type": "Point", "coordinates": [139.830118, 35.753693]}, "properties": {"name": "南綾瀬地区センター別館", "address": "東京都葛飾区堀切6-28-5南綾瀬地区センター別館", "municipality": "葛飾区", "type": "公民館", "source": "葛飾区", "license": "クリエイティブ・コモンズ 表示（CC BY）"}}, {"type": "Feature", "geometry": {"type": "Point", "coordinates": [139.838477, 35.751287]}, "properties": {"name": "お花茶屋地区センター", "address": "東京都葛飾区お花茶屋2-1-12お花茶屋地区センター", "municipality": "葛飾区", "type": "公民館", "source": "葛飾区", "license": "クリエイティブ・コモンズ 表示（CC BY）"}}, {"type": "Feature", "geometry": {"type": "Point", "coordinates": [139.848735, 35.766574]}, "properties": {"name": "亀有地区センター", "address": "東京都葛飾区亀有3-26-1亀有地区センター", "municipality": "葛飾区", "type": "公民館", "source": "葛飾区", "license": "クリエイティブ・コモンズ 表示（CC BY）"}}, {"type": "Feature", "geometry": {"type": "Point", "coordinates": [139.854345, 35.750122]}, "properties": {"name": "青戸地区センター", "address": "東京都葛飾区青戸5-20-6青戸地区センター", "municipality": "葛飾区", "type": "公民館", "source": "葛飾区", "license": "クリエイティブ・コモンズ 表示（CC BY）"}}, {"type": "Feature", "geometry": {"type": "Point", "coordinates": [139.858911, 35.724256]}, "properties": {"name": "新小岩北地区センター", "address": "東京都葛飾区東新小岩6-21-1新小岩北地区センター", "municipality": "葛飾区", "type": "公民館", "source": "葛飾区", "license": "クリエイティブ・コモンズ 表示（CC BY）"}}, {"type": "Feature", "geometry": {"type": "Point", "coordinates": [139.861747, 35.716329]}, "properties": {"name": "新小岩地区センター", "address": "東京都葛飾区新小岩2-17-1新小岩地区センター", "municipality": "葛飾区", "type": "公民館", "source": "葛飾区", "license": "クリエイティブ・コモンズ 表示（CC BY）"}}, {"type": "Feature", "geometry": {"type": "Point", "coordinates": [139.861872, 35.733671]}, "properties": {"name": "奥戸地区センター", "address": "東京都葛飾区奥戸3-9-17奥戸地区センター", "municipality": "葛飾区", "type": "公民館", "source": "葛飾区", "license": "クリエイティブ・コモンズ 表示（CC BY）"}}, {"type": "Feature", "geometry": {"type": "Point", "coordinates": [139.868386, 35.745949]}, "properties": {"name": "高砂地区センター", "address": "東京都葛飾区高砂3-1-39高砂地区センター", "municipality": "葛飾区", "type": "公民館", "source": "葛飾区", "license": "クリエイティブ・コモンズ 表示（CC BY）"}}, {"type": "Feature", "geometry": {"type": "Point", "coordinates": [139.872692, 35.75571]}, "properties": {"name": "柴又地区センター", "address": "東京都葛飾区柴又1-38-2柴又地区センター", "municipality": "葛飾区", "type": "公民館", "source": "葛飾区", "license": "クリエイティブ・コモンズ 表示（CC BY）"}}, {"type": "Feature", "geometry": {"type": "Point", "coordinates": [139.860152, 35.76139]}, "properties": {"name": "新宿地区センター", "address": "東京都葛飾区新宿4-1-10新宿地区センター", "municipality": "葛飾区", "type": "公民館", "source": "葛飾区", "license": "クリエイティブ・コモンズ 表示（CC BY）"}}, {"type": "Feature", "geometry": {"type": "Point", "coordinates": [139.868832, 35.769725]}, "properties": {"name": "金町地区センター", "address": "東京都葛飾区東金町1-22-1金町地区センター", "municipality": "葛飾区", "type": "公民館", "source": "葛飾区", "license": "クリエイティブ・コモンズ 表示（CC BY）"}}, {"type": "Feature", "geometry": {"type": "Point", "coordinates": [139.879218, 35.777428]}, "properties": {"name": "東金町地区センター", "address": "東京都葛飾区東金町5-33-6東金町地区センター", "municipality": "葛飾区", "type": "公民館", "source": "葛飾区", "license": "クリエイティブ・コモンズ 表示（CC BY）"}}, {"type": "Feature", "geometry": {"type": "Point", "coordinates": [139.864306, 35.782358]}, "properties": {"name": "水元地区センター", "address": "東京都葛飾区水元3-13-22水元地区センター", "municipality": "葛飾区", "type": "公民館", "source": "葛飾区", "license": "クリエイティブ・コモンズ 表示（CC BY）"}}, {"type": "Feature", "geometry": {"type": "Point", "coordinates": [139.854069, 35.785357]}, "properties": {"name": "西水元地区センター", "address": "東京都葛飾区西水元5-3-1-101西水元地区センター", "municipality": "葛飾区", "type": "公民館", "source": "葛飾区", "license": "クリエイティブ・コモンズ 表示（CC BY）"}}, {"type": "Feature", "geometry": {"type": "Point", "coordinates": [139.847451, 35.760451]}, "properties": {"name": "亀有集い交流館", "address": "東京都葛飾区亀有1-24-3亀有集い交流館", "municipality": "葛飾区", "type": "公民館", "source": "葛飾区", "license": "クリエイティブ・コモンズ 表示（CC BY）"}}, {"type": "Feature", "geometry": {"type": "Point", "coordinates": [139.85072, 35.717855]}, "properties": {"name": "たつみ集い交流館", "address": "東京都葛飾区西新小岩2-1-4たつみ集い交流館", "municipality": "葛飾区", "type": "公民館", "source": "葛飾区", "license": "クリエイティブ・コモンズ 表示（CC BY）"}}, {"type": "Feature", "geometry": {"type": "Point", "coordinates": [139.866389, 35.765954]}, "properties": {"name": "末広集い交流館", "address": "東京都葛飾区金町5-4-1末広集い交流館", "municipality": "葛飾区", "type": "公民館", "source": "葛飾区", "license": "クリエイティブ・コモンズ 表示（CC BY）"}}, {"type": "Feature", "geometry": {"type": "Point", "coordinates": [139.867535, 35.778843]}, "properties": {"name": "水元集い交流館", "address": "東京都葛飾区東水元1-7-3水元集い交流館", "municipality": "葛飾区", "type": "公民館", "source": "葛飾区", "license": "クリエイティブ・コモンズ 表示（CC BY）"}}, {"type": "Feature", "geometry": {"type": "Point", "coordinates": [139.85381, 35.754457]}, "properties": {"name": "西青戸集い交流館", "address": "東京都葛飾区青戸7-15-2西青戸集い交流館", "municipality": "葛飾区", "type": "公民館", "source": "葛飾区", "license": "クリエイティブ・コモンズ 表示（CC BY）"}}, {"type": "Feature", "geometry": {"type": "Point", "coordinates": [139.837157, 35.747688]}, "properties": {"name": "宝町集い交流館", "address": "東京都葛飾区宝町2-38-19宝町集い交流館", "municipality": "葛飾区", "type": "公民館", "source": "葛飾区", "license": "クリエイティブ・コモンズ 表示（CC BY）"}}, {"type": "Feature", "geometry": {"type": "Point", "coordinates": [139.861241, 35.765451]}, "properties": {"name": "新宿防災コミュニティセンター集い交流館", "address": "東京都葛飾区新宿5-20-18新宿防災コミュニティセンター集い交流館", "municipality": "葛飾区", "type": "公民館", "source": "葛飾区", "license": "クリエイティブ・コモンズ 表示（CC BY）"}}, {"type": "Feature", "geometry": {"type": "Point", "coordinates": [139.854201, 35.743582]}, "properties": {"name": "青戸高架下集い交流館", "address": "東京都葛飾区立石6-38-13青戸高架下集い交流館", "municipality": "葛飾区", "type": "公民館", "source": "葛飾区", "license": "クリエイティブ・コモンズ 表示（CC BY）"}}, {"type": "Feature", "geometry": {"type": "Point", "coordinates": [139.832268, 35.758788]}, "properties": {"name": "西亀有集い交流館", "address": "東京都葛飾区西亀有2-11-1西亀有集い交流館", "municipality": "葛飾区", "type": "公民館", "source": "葛飾区", "license": "クリエイティブ・コモンズ 表示（CC BY）"}}, {"type": "Feature", "geometry": {"type": "Point", "coordinates": [139.85666, 35.714545]}, "properties": {"name": "新小岩南集い交流館", "address": "東京都葛飾区新小岩1-17-6新小岩南集い交流館", "municipality": "葛飾区", "type": "公民館", "source": "葛飾区", "license": "クリエイティブ・コモンズ 表示（CC BY）"}}, {"type": "Feature", "geometry": {"type": "Point", "coordinates": [139.839741, 35.727463]}, "properties": {"name": "木根川集い交流館", "address": "東京都葛飾区東四つ木1-8-4木根川集い交流館", "municipality": "葛飾区", "type": "公民館", "source": "葛飾区", "license": "クリエイティブ・コモンズ 表示（CC BY）"}}, {"type": "Feature", "geometry": {"type": "Point", "coordinates": [139.844537, 35.767204]}, "properties": {"name": "亀有北集い交流館", "address": "東京都葛飾区亀有5-14-18亀有北集い交流館", "municipality": "葛飾区", "type": "公民館", "source": "葛飾区", "license": "クリエイティブ・コモンズ 表示（CC BY）"}}, {"type": "Feature", "geometry": {"type": "Point", "coordinates": [139.830397, 35.749901]}, "properties": {"name": "南綾瀬第二集い交流館", "address": "東京都葛飾区堀切5-38-4南綾瀬第二集い交流館", "municipality": "葛飾区", "type": "公民館", "source": "葛飾区", "license": "クリエイティブ・コモンズ 表示（CC BY）"}}, {"type": "Feature", "geometry": {"type": "Point", "coordinates": [139.865224, 35.751404]}, "properties": {"name": "高砂北集い交流館", "address": "東京都葛飾区高砂5-6-7高砂北集い交流館", "municipality": "葛飾区", "type": "公民館", "source": "葛飾区", "license": "クリエイティブ・コモンズ 表示（CC BY）"}}, {"type": "Feature", "geometry": {"type": "Point", "coordinates": [139.867926, 35.728862]}, "properties": {"name": "東奥戸集い交流館", "address": "東京都葛飾区奥戸4-20-11東奥戸集い交流館", "municipality": "葛飾区", "type": "公民館", "source": "葛飾区", "license": "クリエイティブ・コモンズ 表示（CC BY）"}}, {"type": "Feature", "geometry": {"type": "Point", "coordinates": [139.849541, 35.768972]}, "properties": {"name": "亀有東集い交流館", "address": "東京都葛飾区亀有5-48-13亀有東集い交流館", "municipality": "葛飾区", "type": "公民館", "source": "葛飾区", "license": "クリエイティブ・コモンズ 表示（CC BY）"}}, {"type": "Feature", "geometry": {"type": "Point", "coordinates": [139.862787, 35.778442]}, "properties": {"name": "南水元集い交流館", "address": "東京都葛飾区南水元4-13-24南水元集い交流館", "municipality": "葛飾区", "type": "公民館", "source": "葛飾区", "license": "クリエイティブ・コモンズ 表示（CC BY）"}}, {"type": "Feature", "geometry": {"type": "Point", "coordinates": [139.860849, 35.730192]}, "properties": {"name": "奥戸しらさぎ集い交流館", "address": "東京都葛飾区奥戸3-17-4-102奥戸しらさぎ集い交流館", "municipality": "葛飾区", "type": "公民館", "source": "葛飾区", "license": "クリエイティブ・コモンズ 表示（CC BY）"}}, {"type": "Feature", "geometry": {"type": "Point", "coordinates": [139.866403, 35.771739]}, "properties": {"name": "亀が岡集い交流館", "address": "東京都葛飾区東金町2-5-20-109亀が岡集い交流館", "municipality": "葛飾区", "type": "公民館", "source": "葛飾区", "license": "クリエイティブ・コモンズ 表示（CC BY）"}}, {"type": "Feature", "geometry": {"type": "Point", "coordinates": [139.876733, 35.768717]}, "properties": {"name": "金町つつみ集い交流館", "address": "東京都葛飾区金町3-51-11金町つつみ集い交流館", "municipality": "葛飾区", "type": "公民館", "source": "葛飾区", "license": "クリエイティブ・コモンズ 表示（CC BY）"}}, {"type": "Feature", "geometry": {"type": "Point", "coordinates": [139.846975, 35.788451]}, "properties": {"name": "幸田集い交流館", "address": "東京都葛飾区西水元3-11-1幸田集い交流館", "municipality": "葛飾区", "type": "公民館", "source": "葛飾区", "license": "クリエイティブ・コモンズ 表示（CC BY）"}}, {"type": "Feature", "geometry": {"type": "Point", "coordinates": [139.847732, 35.754749]}, "properties": {"name": "白鳥集い交流館", "address": "東京都葛飾区白鳥4-16-5白鳥集い交流館", "municipality": "葛飾区", "type": "公民館", "source": "葛飾区", "license": "クリエイティブ・コモンズ 表示（CC BY）"}}, {"type": "Feature", "geometry": {"type": "Point", "coordinates": [139.841098, 35.734868]}, "properties": {"name": "渋江集い交流館", "address": "東京都葛飾区東四つ木4-44-2-102渋江集い交流館", "municipality": "葛飾区", "type": "公民館", "source": "葛飾区", "license": "クリエイティブ・コモンズ 表示（CC BY）"}}, {"type": "Feature", "geometry": {"type": "Point", "coordinates": [139.877847, 35.750264]}, "properties": {"name": "さくらみち集い交流館", "address": "東京都葛飾区鎌倉3-20-4さくらみち集い交流館", "municipality": "葛飾区", "type": "公民館", "source": "葛飾区", "license": "クリエイティブ・コモンズ 表示（CC BY）"}}, {"type": "Feature", "geometry": {"type": "Point", "coordinates": [139.844958, 35.722815]}, "properties": {"name": "上平井集い交流館", "address": "東京都葛飾区西新小岩3-36-4上平井集い交流館", "municipality": "葛飾区", "type": "公民館", "source": "葛飾区", "license": "クリエイティブ・コモンズ 表示（CC BY）"}}, {"type": "Feature", "geometry": {"type": "Point", "coordinates": [139.87337, 35.741101]}, "properties": {"name": "細田集い交流館", "address": "東京都葛飾区細田4-23-5細田集い交流館", "municipality": "葛飾区", "type": "公民館", "source": "葛飾区", "license": "クリエイティブ・コモンズ 表示（CC BY）"}}, {"type": "Feature", "geometry": {"type": "Point", "coordinates": [139.859179, 35.77636]}, "properties": {"name": "いいづか集い交流館", "address": "東京都葛飾区南水元1-20-8いいづか集い交流館", "municipality": "葛飾区", "type": "公民館", "source": "葛飾区", "license": "クリエイティブ・コモンズ 表示（CC BY）"}}, {"type": "Feature", "geometry": {"type": "Point", "coordinates": [139.854201, 35.728564]}, "properties": {"name": "西奥戸憩い交流館", "address": "東京都葛飾区奥戸1-12-1西奥戸憩い交流館", "municipality": "葛飾区", "type": "公民館", "source": "葛飾区", "license": "クリエイティブ・コモンズ 表示（CC BY）"}}, {"type": "Feature", "geometry": {"type": "Point", "coordinates": [139.867926, 35.728862]}, "properties": {"name": "東奥戸憩い交流館", "address": "東京都葛飾区奥戸4-20-11東奥戸憩い交流館", "municipality": "葛飾区", "type": "公民館", "source": "葛飾区", "license": "クリエイティブ・コモンズ 表示（CC BY）"}}, {"type": "Feature", "geometry": {"type": "Point", "coordinates": [139.83819, 35.762577]}, "properties": {"name": "砂原憩い交流館", "address": "東京都葛飾区西亀有3-12-1砂原憩い交流館", "municipality": "葛飾区", "type": "公民館", "source": "葛飾区", "license": "クリエイティブ・コモンズ 表示（CC BY）"}}, {"type": "Feature", "geometry": {"type": "Point", "coordinates": [139.866389, 35.765954]}, "properties": {"name": "末広憩い交流館", "address": "東京都葛飾区金町5-4-1末広憩い交流館", "municipality": "葛飾区", "type": "公民館", "source": "葛飾区", "license": "クリエイティブ・コモンズ 表示（CC BY）"}}, {"type": "Feature", "geometry": {"type": "Point", "coordinates": [139.874531, 35.745298]}, "properties": {"name": "鎌倉憩い交流館", "address": "東京都葛飾区鎌倉2-6-20鎌倉憩い交流館", "municipality": "葛飾区", "type": "公民館", "source": "葛飾区", "license": "クリエイティブ・コモンズ 表示（CC BY）"}}, {"type": "Feature", "geometry": {"type": "Point", "coordinates": [139.837157, 35.747688]}, "properties": {"name": "宝町憩い交流館", "address": "東京都葛飾区宝町2-38-19宝町憩い交流館", "municipality": "葛飾区", "type": "公民館", "source": "葛飾区", "license": "クリエイティブ・コモンズ 表示（CC BY）"}}, {"type": "Feature", "geometry": {"type": "Point", "coordinates": [139.870133, 35.75801]}, "properties": {"name": "柴又憩い交流館", "address": "東京都葛飾区柴又2-4-5柴又憩い交流館", "municipality": "葛飾区", "type": "公民館", "source": "葛飾区", "license": "クリエイティブ・コモンズ 表示（CC BY）"}}, {"type": "Feature", "geometry": {"type": "Point", "coordinates": [139.858993, 35.759023]}, "properties": {"name": "新宿憩い交流館", "address": "東京都葛飾区新宿1-5-6新宿憩い交流館", "municipality": "葛飾区", "type": "公民館", "source": "葛飾区", "license": "クリエイティブ・コモンズ 表示（CC BY）"}}, {"type": "Feature", "geometry": {"type": "Point", "coordinates": [139.85072, 35.717855]}, "properties": {"name": "たつみ憩い交流館", "address": "東京都葛飾区西新小岩2-1-4たつみ憩い交流館", "municipality": "葛飾区", "type": "公民館", "source": "葛飾区", "license": "クリエイティブ・コモンズ 表示（CC BY）"}}, {"type": "Feature", "geometry": {"type": "Point", "coordinates": [139.860639, 35.788128]}, "properties": {"name": "水元憩い交流館", "address": "東京都葛飾区水元4-6-15水元憩い交流館", "municipality": "葛飾区", "type": "公民館", "source": "葛飾区", "license": "クリエイティブ・コモンズ 表示（CC BY）"}}, {"type": "Feature", "geometry": {"type": "Point", "coordinates": [139.85712, 35.752986]}, "properties": {"name": "青戸中央憩い交流館", "address": "東京都葛飾区青戸6-16-12青戸中央憩い交流館", "municipality": "葛飾区", "type": "公民館", "source": "葛飾区", "license": "クリエイティブ・コモンズ 表示（CC BY）"}}, {"type": "Feature", "geometry": {"type": "Point", "coordinates": [139.877945, 35.779296]}, "properties": {"name": "東金町憩い交流館", "address": "東京都葛飾区東金町5-22-18東金町憩い交流館", "municipality": "葛飾区", "type": "公民館", "source": "葛飾区", "license": "クリエイティブ・コモンズ 表示（CC BY）"}}, {"type": "Feature", "geometry": {"type": "Point", "coordinates": [139.824111, 35.754768]}, "properties": {"name": "小菅憩い交流館", "address": "東京都葛飾区小菅3-6-1小菅憩い交流館", "municipality": "葛飾区", "type": "公民館", "source": "葛飾区", "license": "クリエイティブ・コモンズ 表示（CC BY）"}}, {"type": "Feature", "geometry": {"type": "Point", "coordinates": [139.837079, 35.756812]}, "properties": {"name": "中道憩い交流館", "address": "東京都葛飾区西亀有1-2-7中道憩い交流館", "municipality": "葛飾区", "type": "公民館", "source": "葛飾区", "license": "クリエイティブ・コモンズ 表示（CC BY）"}}, {"type": "Feature", "geometry": {"type": "Point", "coordinates": [139.829357, 35.740479]}, "properties": {"name": "堀切憩い交流館", "address": "東京都葛飾区堀切1-23-6堀切憩い交流館", "municipality": "葛飾区", "type": "公民館", "source": "葛飾区", "license": "クリエイティブ・コモンズ 表示（CC BY）"}}, {"type": "Feature", "geometry": {"type": "Point", "coordinates": [139.843117, 35.756465]}, "properties": {"name": "亀有学び交流館", "address": "東京都葛飾区お花茶屋3-5-6亀有学び交流館", "municipality": "葛飾区", "type": "公民館", "source": "葛飾区", "license": "クリエイティブ・コモンズ 表示（CC BY）"}}, {"type": "Feature", "geometry": {"type": "Point", "coordinates": [139.881852, 35.753682]}, "properties": {"name": "柴又学び交流館", "address": "東京都葛飾区柴又5-33-8柴又学び交流館", "municipality": "葛飾区", "type": "公民館", "source": "葛飾区", "license": "クリエイティブ・コモンズ 表示（CC BY）"}}, {"type": "Feature", "geometry": {"type": "Point", "coordinates": [139.855678, 35.779591]}, "properties": {"name": "水元学び交流館", "address": "東京都葛飾区南水元2-13-1水元学び交流館", "municipality": "葛飾区", "type": "公民館", "source": "葛飾区", "license": "クリエイティブ・コモンズ 表示（CC BY）"}}, {"type": "Feature", "geometry": {"type": "Point", "coordinates": [139.880515, 35.757211]}, "properties": {"name": "観光文化センター", "address": "東京都葛飾区柴又6-22-19観光文化センター", "municipality": "葛飾区", "type": "公民館", "source": "葛飾区", "license": "クリエイティブ・コモンズ 表示（CC BY）"}}, {"type": "Feature", "geometry": {"type": "Point", "coordinates": [139.635556, 35.738505]}, "properties": {"name": "中村橋区民センター", "address": "東京都練馬区貫井1-9-1", "municipality": "練馬区", "type": "公民館", "source": "練馬区", "license": "クリエイティブ・コモンズ 表示（CC BY）"}}, {"type": "Feature", "geometry": {"type": "Point", "coordinates": [139.629297, 35.759534]}, "properties": {"name": "光が丘区民センター", "address": "東京都練馬区光が丘2-9-6", "municipality": "練馬区", "type": "公民館", "source": "練馬区", "license": "クリエイティブ・コモンズ 表示（CC BY）"}}, {"type": "Feature", "geometry": {"type": "Point", "coordinates": [139.577505, 35.724633]}, "properties": {"name": "関区民センター", "address": "東京都練馬区関町北1-7-2", "municipality": "練馬区", "type": "公民館", "source": "練馬区", "license": "クリエイティブ・コモンズ 表示（CC BY）"}}, {"type": "Feature", "geometry": {"type": "Point", "coordinates": [139.629831, 35.759236]}, "properties": {"name": "心身障害者福祉集会所", "address": "東京都練馬区光が丘2-9-6", "municipality": "練馬区", "type": "公民館", "source": "練馬区", "license": "クリエイティブ・コモンズ 表示（CC BY）"}}, {"type": "Feature", "geometry": {"type": "Point", "coordinates": [139.582308, 35.718618]}, "properties": {"name": "立野地区区民館ぴよぴよ", "address": "東京都練馬区立野町15-42", "municipality": "練馬区", "type": "公民館", "source": "練馬区", "license": "クリエイティブ・コモンズ 表示（CC BY）"}}, {"type": "Feature", "geometry": {"type": "Point", "coordinates": [139.637243, 35.762194]}, "properties": {"name": "田柄地区区民館ぴよぴよ", "address": "東京都練馬区田柄3-28-13", "municipality": "練馬区", "type": "公民館", "source": "練馬区", "license": "クリエイティブ・コモンズ 表示（CC BY）"}}, {"type": "Feature", "geometry": {"type": "Point", "coordinates": [139.638523, 35.74772]}, "properties": {"name": "春日町南地区区民館ぴよぴよ", "address": "東京都練馬区春日町5-20-25", "municipality": "練馬区", "type": "公民館", "source": "練馬区", "license": "クリエイティブ・コモンズ 表示（CC BY）"}}, {"type": "Feature", "geometry": {"type": "Point", "coordinates": [139.663153, 35.745799]}, "properties": {"name": "桜台地区区民館学童クラブ", "address": "東京都練馬区桜台3-39-17", "municipality": "練馬区", "type": "公民館", "source": "練馬区", "license": "クリエイティブ・コモンズ 表示（CC BY）"}}, {"type": "Feature", "geometry": {"type": "Point", "coordinates": [139.667121, 35.756988]}, "properties": {"name": "氷川台地区区民館学童クラブ", "address": "東京都練馬区氷川台2-16-14", "municipality": "練馬区", "type": "公民館", "source": "練馬区", "license": "クリエイティブ・コモンズ 表示（CC BY）"}}, {"type": "Feature", "geometry": {"type": "Point", "coordinates": [139.623611, 35.751093]}, "properties": {"name": "高松地区区民館学童クラブ", "address": "東京都練馬区高松3-24-27", "municipality": "練馬区", "type": "公民館", "source": "練馬区", "license": "クリエイティブ・コモンズ 表示（CC BY）"}}, {"type": "Feature", "geometry": {"type": "Point", "coordinates": [139.603464, 35.733635]}, "properties": {"name": "下石神井地区区民館学童クラブ", "address": "東京都練馬区下石神井6-8-15", "municipality": "練馬区", "type": "公民館", "source": "練馬区", "license": "クリエイティブ・コモンズ 表示（CC BY）"}}, {"type": "Feature", "geometry": {"type": "Point", "coordinates": [139.65348, 35.739407]}, "properties": {"name": "練馬文化センター", "address": "東京都練馬区練馬1-17-37", "municipality": "練馬区", "type": "公民館", "source": "練馬区", "license": "クリエイティブ・コモンズ 表示（CC BY）"}}, {"type": "Feature", "geometry": {"type": "Point", "coordinates": [139.60709, 35.744326]}, "properties": {"name": "石神井公園区民交流センター（消費生活センター）", "address": "東京都練馬区石神井町2-14-1", "municipality": "練馬区", "type": "公民館", "source": "練馬区", "license": "クリエイティブ・コモンズ 表示（CC BY）"}}, {"type": "Feature", "geometry": {"type": "Point", "coordinates": [139.661363, 35.732695]}, "properties": {"name": "豊玉北地区区民館", "address": "東京都練馬区豊玉北3-7-9", "municipality": "練馬区", "type": "公民館", "source": "練馬区", "license": "クリエイティブ・コモンズ 表示（CC BY）"}}, {"type": "Feature", "geometry": {"type": "Point", "coordinates": [139.663162, 35.745988]}, "properties": {"name": "桜台地区区民館", "address": "東京都練馬区桜台3-39-17", "municipality": "練馬区", "type": "公民館", "source": "練馬区", "license": "クリエイティブ・コモンズ 表示（CC BY）"}}, {"type": "Feature", "geometry": {"type": "Point", "coordinates": [139.635557, 35.738029]}, "properties": {"name": "貫井地区区民館", "address": "東京都練馬区貫井1-9-1", "municipality": "練馬区", "type": "公民館", "source": "練馬区", "license": "クリエイティブ・コモンズ 表示（CC BY）"}}, {"type": "Feature", "geometry": {"type": "Point", "coordinates": [139.667289, 35.757012]}, "properties": {"name": "氷川台地区区民館", "address": "東京都練馬区氷川台2-16-14", "municipality": "練馬区", "type": "公民館", "source": "練馬区", "license": "クリエイティブ・コモンズ 表示（CC BY）"}}, {"type": "Feature", "geometry": {"type": "Point", "coordinates": [139.651265, 35.750766]}, "properties": {"name": "早宮地区区民館", "address": "東京都練馬区早宮4-14-5", "municipality": "練馬区", "type": "公民館", "source": "練馬区", "license": "クリエイティブ・コモンズ 表示（CC BY）"}}, {"type": "Feature", "geometry": {"type": "Point", "coordinates": [139.638503, 35.74772]}, "properties": {"name": "春日町南地区区民館", "address": "東京都練馬区春日町5-20-25", "municipality": "練馬区", "type": "公民館", "source": "練馬区", "license": "クリエイティブ・コモンズ 表示（CC BY）"}}, {"type": "Feature", "geometry": {"type": "Point", "coordinates": [139.62511, 35.750084]}, "properties": {"name": "高松地区区民館", "address": "東京都練馬区高松3-24-27", "municipality": "練馬区", "type": "公民館", "source": "練馬区", "license": "クリエイティブ・コモンズ 表示（CC BY）"}}, {"type": "Feature", "geometry": {"type": "Point", "coordinates": [139.625008, 35.762884]}, "properties": {"name": "旭町南地区区民館", "address": "東京都練馬区高松5-23-15", "municipality": "練馬区", "type": "公民館", "source": "練馬区", "license": "クリエイティブ・コモンズ 表示（CC BY）"}}, {"type": "Feature", "geometry": {"type": "Point", "coordinates": [139.660253, 35.767469]}, "properties": {"name": "北町地区区民館", "address": "東京都練馬区北町2-26-1", "municipality": "練馬区", "type": "公民館", "source": "練馬区", "license": "クリエイティブ・コモンズ 表示（CC BY）"}}, {"type": "Feature", "geometry": {"type": "Point", "coordinates": [139.655453, 35.761224]}, "properties": {"name": "北町第二地区区民館", "address": "東京都練馬区北町6-24-101", "municipality": "練馬区", "type": "公民館", "source": "練馬区", "license": "クリエイティブ・コモンズ 表示（CC BY）"}}, {"type": "Feature", "geometry": {"type": "Point", "coordinates": [139.637217, 35.762105]}, "properties": {"name": "田柄地区区民館", "address": "東京都練馬区田柄3-28-13", "municipality": "練馬区", "type": "公民館", "source": "練馬区", "license": "クリエイティブ・コモンズ 表示（CC BY）"}}, {"type": "Feature", "geometry": {"type": "Point", "coordinates": [139.625571, 35.757957]}, "properties": {"name": "光が丘地区区民館", "address": "東京都練馬区光が丘3-9-4", "municipality": "練馬区", "type": "公民館", "source": "練馬区", "license": "クリエイティブ・コモンズ 表示（CC BY）"}}, {"type": "Feature", "geometry": {"type": "Point", "coordinates": [139.62879, 35.77327]}, "properties": {"name": "旭町北地区区民館", "address": "東京都練馬区旭町2-30-16", "municipality": "練馬区", "type": "公民館", "source": "練馬区", "license": "クリエイティブ・コモンズ 表示（CC BY）"}}, {"type": "Feature", "geometry": {"type": "Point", "coordinates": [139.624377, 35.738766]}, "properties": {"name": "富士見台地区区民館", "address": "東京都練馬区富士見台3-10-1", "municipality": "練馬区", "type": "公民館", "source": "練馬区", "license": "クリエイティブ・コモンズ 表示（CC BY）"}}, {"type": "Feature", "geometry": {"type": "Point", "coordinates": [139.603574, 35.733964]}, "properties": {"name": "下石神井地区区民館", "address": "東京都練馬区下石神井6-8-15", "municipality": "練馬区", "type": "公民館", "source": "練馬区", "license": "クリエイティブ・コモンズ 表示（CC BY）"}}, {"type": "Feature", "geometry": {"type": "Point", "coordinates": [139.587798, 35.756156]}, "properties": {"name": "東大泉地区区民館", "address": "東京都練馬区東大泉3-53-1", "municipality": "練馬区", "type": "公民館", "source": "練馬区", "license": "クリエイティブ・コモンズ 表示（CC BY）"}}, {"type": "Feature", "geometry": {"type": "Point", "coordinates": [139.572514, 35.760045]}, "properties": {"name": "西大泉地区区民館", "address": "東京都練馬区西大泉5-3-32", "municipality": "練馬区", "type": "公民館", "source": "練馬区", "license": "クリエイティブ・コモンズ 表示（CC BY）"}}, {"type": "Feature", "geometry": {"type": "Point", "coordinates": [139.570389, 35.73912]}, "properties": {"name": "南大泉地区区民館", "address": "東京都練馬区南大泉2-19-26", "municipality": "練馬区", "type": "公民館", "source": "練馬区", "license": "クリエイティブ・コモンズ 表示（CC BY）"}}, {"type": "Feature", "geometry": {"type": "Point", "coordinates": [139.604024, 35.764733]}, "properties": {"name": "北大泉地区区民館", "address": "東京都練馬区大泉町2-41-26", "municipality": "練馬区", "type": "公民館", "source": "練馬区", "license": "クリエイティブ・コモンズ 表示（CC BY）"}}, {"type": "Feature", "geometry": {"type": "Point", "coordinates": [139.59269, 35.77293]}, "properties": {"name": "大泉学園地区区民館", "address": "東京都練馬区大泉学園町8-9-5", "municipality": "練馬区", "type": "公民館", "source": "練馬区", "license": "クリエイティブ・コモンズ 表示（CC BY）"}}, {"type": "Feature", "geometry": {"type": "Point", "coordinates": [139.57706, 35.729804]}, "properties": {"name": "関町北地区区民館", "address": "東京都練馬区関町北4-12-21", "municipality": "練馬区", "type": "公民館", "source": "練馬区", "license": "クリエイティブ・コモンズ 表示（CC BY）"}}, {"type": "Feature", "geometry": {"type": "Point", "coordinates": [139.582578, 35.718621]}, "properties": {"name": "立野地区区民館", "address": "東京都練馬区立野町15-42", "municipality": "練馬区", "type": "公民館", "source": "練馬区", "license": "クリエイティブ・コモンズ 表示（CC BY）"}}, {"type": "Feature", "geometry": {"type": "Point", "coordinates": [139.674115, 35.734836]}, "properties": {"name": "旭丘地域集会所", "address": "東京都練馬区旭丘1-58-10", "municipality": "練馬区", "type": "公民館", "source": "練馬区", "license": "クリエイティブ・コモンズ 表示（CC BY）"}}, {"type": "Feature", "geometry": {"type": "Point", "coordinates": [139.673283, 35.738808]}, "properties": {"name": "小竹地域集会所", "address": "東京都練馬区小竹町1-63-2", "municipality": "練馬区", "type": "公民館", "source": "練馬区", "license": "クリエイティブ・コモンズ 表示（CC BY）"}}, {"type": "Feature", "geometry": {"type": "Point", "coordinates": [139.642737, 35.729791]}, "properties": {"name": "中村地域集会所", "address": "東京都練馬区中村南2-23-12", "municipality": "練馬区", "type": "公民館", "source": "練馬区", "license": "クリエイティブ・コモンズ 表示（CC BY）"}}, {"type": "Feature", "geometry": {"type": "Point", "coordinates": [139.638644, 35.743566]}, "properties": {"name": "向山地域集会所", "address": "東京都練馬区向山4-21-12", "municipality": "練馬区", "type": "公民館", "source": "練馬区", "license": "クリエイティブ・コモンズ 表示（CC BY）"}}, {"type": "Feature", "geometry": {"type": "Point", "coordinates": [139.649669, 35.767714]}, "properties": {"name": "北町地域集会所", "address": "東京都練馬区北町8-28-10", "municipality": "練馬区", "type": "公民館", "source": "練馬区", "license": "クリエイティブ・コモンズ 表示（CC BY）"}}, {"type": "Feature", "geometry": {"type": "Point", "coordinates": [139.611657, 35.764227]}, "properties": {"name": "土支田地域集会所", "address": "東京都練馬区土支田2-40-21", "municipality": "練馬区", "type": "公民館", "source": "練馬区", "license": "クリエイティブ・コモンズ 表示（CC BY）"}}, {"type": "Feature", "geometry": {"type": "Point", "coordinates": [139.616831, 35.733238]}, "properties": {"name": "南田中地域集会所", "address": "東京都練馬区南田中2-18-36", "municipality": "練馬区", "type": "公民館", "source": "練馬区", "license": "クリエイティブ・コモンズ 表示（CC BY）"}}, {"type": "Feature", "geometry": {"type": "Point", "coordinates": [139.6119, 35.745688]}, "properties": {"name": "高野台地域集会所", "address": "東京都練馬区高野台3-28-11", "municipality": "練馬区", "type": "公民館", "source": "練馬区", "license": "クリエイティブ・コモンズ 表示（CC BY）"}}, {"type": "Feature", "geometry": {"type": "Point", "coordinates": [139.612965, 35.751394]}, "properties": {"name": "谷原地域集会所", "address": "東京都練馬区谷原5-6-7", "municipality": "練馬区", "type": "公民館", "source": "練馬区", "license": "クリエイティブ・コモンズ 表示（CC BY）"}}, {"type": "Feature", "geometry": {"type": "Point", "coordinates": [139.599384, 35.753942]}, "properties": {"name": "三原台地域集会所", "address": "東京都練馬区三原台3-13-17", "municipality": "練馬区", "type": "公民館", "source": "練馬区", "license": "クリエイティブ・コモンズ 表示（CC BY）"}}, {"type": "Feature", "geometry": {"type": "Point", "coordinates": [139.592006, 35.736502]}, "properties": {"name": "石神井台みどり地域集会所", "address": "東京都練馬区石神井台2-13-6", "municipality": "練馬区", "type": "公民館", "source": "練馬区", "license": "クリエイティブ・コモンズ 表示（CC BY）"}}, {"type": "Feature", "geometry": {"type": "Point", "coordinates": [139.585801, 35.73171]}, "properties": {"name": "石神井台地域集会所", "address": "東京都練馬区石神井台4-5-14", "municipality": "練馬区", "type": "公民館", "source": "練馬区", "license": "クリエイティブ・コモンズ 表示（CC BY）"}}, {"type": "Feature", "geometry": {"type": "Point", "coordinates": [139.580401, 35.74352]}, "properties": {"name": "東大泉地域集会所", "address": "東京都練馬区東大泉7-27-51", "municipality": "練馬区", "type": "公民館", "source": "練馬区", "license": "クリエイティブ・コモンズ 表示（CC BY）"}}, {"type": "Feature", "geometry": {"type": "Point", "coordinates": [139.595756, 35.763827]}, "properties": {"name": "大泉町地域集会所", "address": "東京都練馬区大泉町4-35-17", "municipality": "練馬区", "type": "公民館", "source": "練馬区", "license": "クリエイティブ・コモンズ 表示（CC BY）"}}, {"type": "Feature", "geometry": {"type": "Point", "coordinates": [139.583205, 35.771352]}, "properties": {"name": "大泉学園町地域集会所", "address": "東京都練馬区大泉学園町6-20-36", "municipality": "練馬区", "type": "公民館", "source": "練馬区", "license": "クリエイティブ・コモンズ 表示（CC BY）"}}, {"type": "Feature", "geometry": {"type": "Point", "coordinates": [139.592362, 35.729185]}, "properties": {"name": "上石神井北地域集会所", "address": "東京都練馬区上石神井2-36-18", "municipality": "練馬区", "type": "公民館", "source": "練馬区", "license": "クリエイティブ・コモンズ 表示（CC BY）"}}, {"type": "Feature", "geometry": {"type": "Point", "coordinates": [139.567735, 35.721378]}, "properties": {"name": "関町地域集会所", "address": "東京都練馬区関町南4-22-1", "municipality": "練馬区", "type": "公民館", "source": "練馬区", "license": "クリエイティブ・コモンズ 表示（CC BY）"}}, {"type": "Feature", "geometry": {"type": "Point", "coordinates": [139.666669, 35.739048]}, "properties": {"name": "桜台地域集会所", "address": "東京都練馬区桜台1-22-9", "municipality": "練馬区", "type": "公民館", "source": "練馬区", "license": "クリエイティブ・コモンズ 表示（CC BY）"}}, {"type": "Feature", "geometry": {"type": "Point", "coordinates": [139.658822, 35.754169]}, "properties": {"name": "早宮地域集会所", "address": "東京都練馬区早宮1-44-19", "municipality": "練馬区", "type": "公民館", "source": "練馬区", "license": "クリエイティブ・コモンズ 表示（CC BY）"}}, {"type": "Feature", "geometry": {"type": "Point", "coordinates": [139.639374, 35.750546]}, "properties": {"name": "春日町地域集会所", "address": "東京都練馬区春日町5-30-1", "municipality": "練馬区", "type": "公民館", "source": "練馬区", "license": "クリエイティブ・コモンズ 表示（CC BY）"}}, {"type": "Feature", "geometry": {"type": "Point", "coordinates": [139.613629, 35.763369]}, "properties": {"name": "土支田中央地域集会所", "address": "東京都練馬区土支田2-32-8", "municipality": "練馬区", "type": "公民館", "source": "練馬区", "license": "クリエイティブ・コモンズ 表示（CC BY）"}}, {"type": "Feature", "geometry": {"type": "Point", "coordinates": [139.62495, 35.774336]}, "properties": {"name": "旭町地域集会所", "address": "東京都練馬区旭町3-11-6", "municipality": "練馬区", "type": "公民館", "source": "練馬区", "license": "クリエイティブ・コモンズ 表示（CC BY）"}}, {"type": "Feature", "geometry": {"type": "Point", "coordinates": [139.644728, 35.763579]}, "properties": {"name": "田柄地域集会所", "address": "東京都練馬区田柄2-6-22", "municipality": "練馬区", "type": "公民館", "source": "練馬区", "license": "クリエイティブ・コモンズ 表示（CC BY）"}}, {"type": "Feature", "geometry": {"type": "Point", "coordinates": [139.592461, 35.725244]}, "properties": {"name": "上石神井南地域集会所", "address": "東京都練馬区上石神井1-6-16", "municipality": "練馬区", "type": "公民館", "source": "練馬区", "license": "クリエイティブ・コモンズ 表示（CC BY）"}}, {"type": "Feature", "geometry": {"type": "Point", "coordinates": [139.586689, 35.751512]}, "properties": {"name": "東大泉中央地域集会所", "address": "東京都練馬区東大泉3-18-9", "municipality": "練馬区", "type": "公民館", "source": "練馬区", "license": "クリエイティブ・コモンズ 表示（CC BY）"}}, {"type": "Feature", "geometry": {"type": "Point", "coordinates": [139.573567, 35.751243]}, "properties": {"name": "南大泉地域集会所", "address": "東京都練馬区南大泉5-26-19", "municipality": "練馬区", "type": "公民館", "source": "練馬区", "license": "クリエイティブ・コモンズ 表示（CC BY）"}}, {"type": "Feature", "geometry": {"type": "Point", "coordinates": [139.588367, 35.765602]}, "properties": {"name": "大泉北地域集会所", "address": "東京都練馬区大泉学園町4-21-1", "municipality": "練馬区", "type": "公民館", "source": "練馬区", "license": "クリエイティブ・コモンズ 表示（CC BY）"}}, {"type": "Feature", "geometry": {"type": "Point", "coordinates": [139.61624, 35.740929]}, "properties": {"name": "練馬高野台駅前地域集会所", "address": "東京都練馬区高野台1-7-29", "municipality": "練馬区", "type": "公民館", "source": "練馬区", "license": "クリエイティブ・コモンズ 表示（CC BY）"}}, {"type": "Feature", "geometry": {"type": "Point", "coordinates": [139.648692, 35.729224]}, "properties": {"name": "中村南スポーツ交流センター", "address": "東京都練馬区中村南1-2-32", "municipality": "練馬区", "type": "公民館", "source": "練馬区", "license": "クリエイティブ・コモンズ 表示（CC BY）"}}, {"type": "Feature", "geometry": {"type": "Point", "coordinates": [139.650536, 35.732588]}, "properties": {"name": "豊玉地域集会所", "address": "東京都練馬区豊玉中4-13-6", "municipality": "練馬区", "type": "公民館", "source": "練馬区", "license": "クリエイティブ・コモンズ 表示（CC BY）"}}, {"type": "Feature", "geometry": {"type": "Point", "coordinates": [139.707143, 35.753955]}, "properties": {"name": "仲宿地域センター", "address": "東京都板橋区氷川町12-10", "municipality": "板橋区", "type": "公民館", "source": "板橋区", "license": "クリエイティブ・コモンズ 表示（CC BY）"}}, {"type": "Feature", "geometry": {"type": "Point", "coordinates": [139.700505, 35.760702]}, "properties": {"name": "富士見地域センター", "address": "東京都板橋区富士見町3-1", "municipality": "板橋区", "type": "公民館", "source": "板橋区", "license": "クリエイティブ・コモンズ 表示（CC BY）"}}, {"type": "Feature", "geometry": {"type": "Point", "coordinates": [139.689008, 35.74579]}, "properties": {"name": "大谷口地域センター", "address": "東京都板橋区大谷口2-12-5", "municipality": "板橋区", "type": "公民館", "source": "板橋区", "license": "クリエイティブ・コモンズ 表示（CC BY）"}}, {"type": "Feature", "geometry": {"type": "Point", "coordinates": [139.702217, 35.766394]}, "properties": {"name": "清水地域センター", "address": "東京都板橋区泉町16-16", "municipality": "板橋区", "type": "公民館", "source": "板橋区", "license": "クリエイティブ・コモンズ 表示（CC BY）"}}, {"type": "Feature", "geometry": {"type": "Point", "coordinates": [139.6809, 35.794366]}, "properties": {"name": "舟渡地域センター", "address": "東京都板橋区舟渡3-19-8", "municipality": "板橋区", "type": "公民館", "source": "板橋区", "license": "クリエイティブ・コモンズ 表示（CC BY）"}}, {"type": "Feature", "geometry": {"type": "Point", "coordinates": [139.688795, 35.769191]}, "properties": {"name": "前野地域センター", "address": "東京都板橋区前野町4-6-1", "municipality": "板橋区", "type": "公民館", "source": "板橋区", "license": "クリエイティブ・コモンズ 表示（CC BY）"}}, {"type": "Feature", "geometry": {"type": "Point", "coordinates": [139.659471, 35.773717]}, "properties": {"name": "徳丸地域センター", "address": "東京都板橋区徳丸3-35-15", "municipality": "板橋区", "type": "公民館", "source": "板橋区", "license": "クリエイティブ・コモンズ 表示（CC BY）"}}, {"type": "Feature", "geometry": {"type": "Point", "coordinates": [139.680805, 35.782607]}, "properties": {"name": "蓮根地域センター", "address": "東京都板橋区坂下2-18-1", "municipality": "板橋区", "type": "公民館", "source": "板橋区", "license": "クリエイティブ・コモンズ 表示（CC BY）"}}, {"type": "Feature", "geometry": {"type": "Point", "coordinates": [139.679614, 35.763507]}, "properties": {"name": "常盤台地域センター", "address": "東京都板橋区常盤台4-14-1", "municipality": "板橋区", "type": "公民館", "source": "板橋区", "license": "クリエイティブ・コモンズ 表示（CC BY）"}}, {"type": "Feature", "geometry": {"type": "Point", "coordinates": [139.704427, 35.743626]}, "properties": {"name": "熊野地域センター", "address": "東京都板橋区熊野町40-9", "municipality": "板橋区", "type": "公民館", "source": "板橋区", "license": "クリエイティブ・コモンズ 表示（CC BY）"}}, {"type": "Feature", "geometry": {"type": "Point", "coordinates": [139.676657, 35.767743]}, "properties": {"name": "中台地域センター", "address": "東京都板橋区中台1-44-8", "municipality": "板橋区", "type": "公民館", "source": "板橋区", "license": "クリエイティブ・コモンズ 表示（CC BY）"}}, {"type": "Feature", "geometry": {"type": "Point", "coordinates": [139.633422, 35.778198]}, "properties": {"name": "成増地域センター（アクトホール）", "address": "東京都板橋区成増3-11-3-405", "municipality": "板橋区", "type": "公民館", "source": "板橋区", "license": "クリエイティブ・コモンズ 表示（CC BY）"}}, {"type": "Feature", "geometry": {"type": "Point", "coordinates": [139.712219, 35.751194]}, "properties": {"name": "板橋地域センター", "address": "東京都板橋区板橋3-14-15", "municipality": "板橋区", "type": "公民館", "source": "板橋区", "license": "クリエイティブ・コモンズ 表示（CC BY）"}}, {"type": "Feature", "geometry": {"type": "Point", "coordinates": [139.696504, 35.751066]}, "properties": {"name": "仲町地域センター", "address": "東京都板橋区仲町20-5", "municipality": "板橋区", "type": "公民館", "source": "板橋区", "license": "クリエイティブ・コモンズ 表示（CC BY）"}}, {"type": "Feature", "geometry": {"type": "Point", "coordinates": [139.681757, 35.7524]}, "properties": {"name": "桜川地域センター", "address": "東京都板橋区東新町2-45-6", "municipality": "板橋区", "type": "公民館", "source": "板橋区", "license": "クリエイティブ・コモンズ 表示（CC BY）"}}, {"type": "Feature", "geometry": {"type": "Point", "coordinates": [139.644623, 35.778729]}, "properties": {"name": "下赤塚地域センター", "address": "東京都板橋区赤塚6-38-1", "municipality": "板橋区", "type": "公民館", "source": "板橋区", "license": "クリエイティブ・コモンズ 表示（CC BY）"}}, {"type": "Feature", "geometry": {"type": "Point", "coordinates": [139.658808, 35.787149]}, "properties": {"name": "高島平地域センター", "address": "東京都板橋区高島平3-12-28", "municipality": "板橋区", "type": "公民館", "source": "板橋区", "license": "クリエイティブ・コモンズ 表示（CC BY）"}}, {"type": "Feature", "geometry": {"type": "Point", "coordinates": [139.696023, 35.776664]}, "properties": {"name": "志村坂上地域センター", "address": "東京都板橋区小豆沢2-19-15", "municipality": "板橋区", "type": "公民館", "source": "板橋区", "license": "クリエイティブ・コモンズ 表示（CC BY）"}}, {"type": "Feature", "geometry": {"type": "Point", "coordinates": [139.785503, 35.73498]}, "properties": {"name": "荒川区民会館", "address": "東京都荒川区荒川1丁目1-1", "municipality": "荒川区", "type": "公民館", "source": "荒川区", "license": "クリエイティブ・コモンズ 表示（CC BY）"}}, {"type": "Feature", "geometry": {"type": "Point", "coordinates": [139.78226, 35.741814]}, "properties": {"name": "町屋文化センター", "address": "東京都荒川区荒川7丁目20-1", "municipality": "荒川区", "type": "公民館", "source": "荒川区", "license": "クリエイティブ・コモンズ 表示（CC BY）"}}, {"type": "Feature", "geometry": {"type": "Point", "coordinates": [139.70682, 35.72791]}, "properties": {"name": "地域活動交流センター", "address": "東京都豊島区西池袋2-37-4", "municipality": "豊島区", "type": "公民館", "source": "豊島区", "license": "クリエイティブ・コモンズ 表示（CC BY）"}}, {"type": "Feature", "geometry": {"type": "Point", "coordinates": [139.71475, 35.7348]}, "properties": {"name": "上池袋コミュニティセンター", "address": "東京都豊島区上池袋2-5-1", "municipality": "豊島区", "type": "公民館", "source": "豊島区", "license": "クリエイティブ・コモンズ 表示（CC BY）"}}, {"type": "Feature", "geometry": {"type": "Point", "coordinates": [139.7157, 35.73116]}, "properties": {"name": "としま区民センター", "address": "東京都豊島区東池袋1-20-10", "municipality": "豊島区", "type": "公民館", "source": "豊島区", "license": "クリエイティブ・コモンズ 表示（CC BY）"}}, {"type": "Feature", "geometry": {"type": "Point", "coordinates": [139.71896, 35.7267]}, "properties": {"name": "舞台芸術交流センター", "address": "東京都豊島区東池袋4-5-2", "municipality": "豊島区", "type": "公民館", "source": "豊島区", "license": "クリエイティブ・コモンズ 表示（CC BY）"}}, {"type": "Feature", "geometry": {"type": "Point", "coordinates": [139.616898, 35.720581]}, "properties": {"name": "井草地域区民センター", "address": "東京都杉並区下井草5-7-22", "municipality": "杉並区", "type": "公民館", "source": "杉並区", "license": "クリエイティブ・コモンズ 表示（CC BY）"}}, {"type": "Feature", "geometry": {"type": "Point", "coordinates": [139.602219, 35.712227]}, "properties": {"name": "西荻地域区民センター", "address": "東京都杉並区桃井4-3-2", "municipality": "杉並区", "type": "公民館", "source": "杉並区", "license": "クリエイティブ・コモンズ 表示（CC BY）"}}, {"type": "Feature", "geometry": {"type": "Point", "coordinates": [139.61882, 35.69883]}, "properties": {"name": "荻窪地域区民センター", "address": "東京都杉並区荻窪2-34-20", "municipality": "杉並区", "type": "公民館", "source": "杉並区", "license": "クリエイティブ・コモンズ 表示（CC BY）"}}, {"type": "Feature", "geometry": {"type": "Point", "coordinates": [139.654297, 35.696636]}, "properties": {"name": "高円寺地域区民センター", "address": "東京都杉並区梅里1-22-32", "municipality": "杉並区", "type": "公民館", "source": "杉並区", "license": "クリエイティブ・コモンズ 表示（CC BY）"}}, {"type": "Feature", "geometry": {"type": "Point", "coordinates": [139.615952, 35.683449]}, "properties": {"name": "高井戸地域区民センター", "address": "東京都杉並区高井戸東3-7-5", "municipality": "杉並区", "type": "公民館", "source": "杉並区", "license": "クリエイティブ・コモンズ 表示（CC BY）"}}, {"type": "Feature", "geometry": {"type": "Point", "coordinates": [139.646072, 35.675861]}, "properties": {"name": "永福和泉地域区民センター", "address": "東京都杉並区和泉3-8-18", "municipality": "杉並区", "type": "公民館", "source": "杉並区", "license": "クリエイティブ・コモンズ 表示（CC BY）"}}, {"type": "Feature", "geometry": {"type": "Point", "coordinates": [139.608429, 35.723083]}, "properties": {"name": "四宮区民集会所", "address": "東京都杉並区上井草2-28-13", "municipality": "杉並区", "type": "公民館", "source": "杉並区", "license": "クリエイティブ・コモンズ 表示（CC BY）"}}, {"type": "Feature", "geometry": {"type": "Point", "coordinates": [139.621689, 35.724499]}, "properties": {"name": "八成区民集会所", "address": "東京都杉並区井草1-3-2", "municipality": "杉並区", "type": "公民館", "source": "杉並区", "license": "クリエイティブ・コモンズ 表示（CC BY）"}}, {"type": "Feature", "geometry": {"type": "Point", "coordinates": [139.641327, 35.696419]}, "properties": {"name": "梅里区民集会所", "address": "東京都杉並区梅里2-34-20", "municipality": "杉並区", "type": "公民館", "source": "杉並区", "license": "クリエイティブ・コモンズ 表示（CC BY）"}}, {"type": "Feature", "geometry": {"type": "Point", "coordinates": [139.657761, 35.691204]}, "properties": {"name": "和田区民集会所", "address": "東京都杉並区和田2-31-21", "municipality": "杉並区", "type": "公民館", "source": "杉並区", "license": "クリエイティブ・コモンズ 表示（CC BY）"}}, {"type": "Feature", "geometry": {"type": "Point", "coordinates": [139.64827, 35.707558]}, "properties": {"name": "高円寺北区民集会所", "address": "東京都杉並区高円寺北3-25-9", "municipality": "杉並区", "type": "公民館", "source": "杉並区", "license": "クリエイティブ・コモンズ 表示（CC BY）"}}, {"type": "Feature", "geometry": {"type": "Point", "coordinates": [139.612366, 35.671116]}, "properties": {"name": "上高井戸区民集会所", "address": "東京都杉並区上高井戸1-15-5", "municipality": "杉並区", "type": "公民館", "source": "杉並区", "license": "クリエイティブ・コモンズ 表示（CC BY）"}}, {"type": "Feature", "geometry": {"type": "Point", "coordinates": [139.635666, 35.672733]}, "properties": {"name": "下高井戸区民集会所", "address": "東京都杉並区下高井戸3-26-1", "municipality": "杉並区", "type": "公民館", "source": "杉並区", "license": "クリエイティブ・コモンズ 表示（CC BY）"}}, {"type": "Feature", "geometry": {"type": "Point", "coordinates": [139.657761, 35.691204]}, "properties": {"name": "和田障害者交流館", "address": "東京都杉並区和田2-31-21", "municipality": "杉並区", "type": "公民館", "source": "杉並区", "license": "クリエイティブ・コモンズ 表示（CC BY）"}}, {"type": "Feature", "geometry": {"type": "Point", "coordinates": [139.649323, 35.700626]}, "properties": {"name": "高円寺障害者交流館", "address": "東京都杉並区高円寺南2-24-18", "municipality": "杉並区", "type": "公民館", "source": "杉並区", "license": "クリエイティブ・コモンズ 表示（CC BY）"}}, {"type": "Feature", "geometry": {"type": "Point", "coordinates": [139.615952, 35.683449]}, "properties": {"name": "高井戸地域区民センター図書室", "address": "東京都杉並区高井戸東3-7-5", "municipality": "杉並区", "type": "公民館", "source": "杉並区", "license": "クリエイティブ・コモンズ 表示（CC BY）"}}, {"type": "Feature", "geometry": {"type": "Point", "coordinates": [139.60881, 35.704494]}, "properties": {"name": "西荻南区民集会所", "address": "東京都杉並区西荻北1-9-5", "municipality": "杉並区", "type": "公民館", "source": "杉並区", "license": "クリエイティブ・コモンズ 表示（CC BY）"}}, {"type": "Feature", "geometry": {"type": "Point", "coordinates": [139.640991, 35.705551]}, "properties": {"name": "阿佐谷地域区民センター", "address": "東京都杉並区阿佐谷北1-1-1", "municipality": "杉並区", "type": "公民館", "source": "杉並区", "license": "クリエイティブ・コモンズ 表示（CC BY）"}}, {"type": "Feature", "geometry": {"type": "Point", "coordinates": [139.653243, 35.646581]}, "properties": {"name": "世田谷区民会館（複合施設）", "address": "東京都世田谷区世田谷4-21-27", "municipality": "世田谷区", "type": "公民館", "source": "世田谷区", "license": "クリエイティブ・コモンズ 表示（CC BY）"}}, {"type": "Feature", "geometry": {"type": "Point", "coordinates": [139.67254, 35.643723]}, "properties": {"name": "世田谷区民会館別館（複合施設）", "address": "東京都世田谷区三軒茶屋1-41-10", "municipality": "世田谷区", "type": "公民館", "source": "世田谷区", "license": "クリエイティブ・コモンズ 表示（CC BY）"}}, {"type": "Feature", "geometry": {"type": "Point", "coordinates": [139.66972, 35.662208]}, "properties": {"name": "北沢区民会館（北沢タウンホール）（複合施設）", "address": "東京都世田谷区北沢2-8-18", "municipality": "世田谷区", "type": "公民館", "source": "世田谷区", "license": "クリエイティブ・コモンズ 表示（CC BY）"}}, {"type": "Feature", "geometry": {"type": "Point", "coordinates": [139.652813, 35.656922]}, "properties": {"name": "北沢区民会館別館（梅丘パークホール）（複合施設）", "address": "東京都世田谷区松原6-4-1歯科医師会館", "municipality": "世田谷区", "type": "公民館", "source": "世田谷区", "license": "クリエイティブ・コモンズ 表示（CC BY）"}}, {"type": "Feature", "geometry": {"type": "Point", "coordinates": [139.648462, 35.608582]}, "properties": {"name": "玉川区民会館（玉川せせらぎホール）（複合施設）", "address": "東京都世田谷区等々力3-4-1", "municipality": "世田谷区", "type": "公民館", "source": "世田谷区", "license": "クリエイティブ・コモンズ 表示（CC BY）"}}, {"type": "Feature", "geometry": {"type": "Point", "coordinates": [139.625844, 35.630095]}, "properties": {"name": "玉川区民会館別館（上用賀アートホール）（複合施設）", "address": "東京都世田谷区上用賀5-14-1-102", "municipality": "世田谷区", "type": "公民館", "source": "世田谷区", "license": "クリエイティブ・コモンズ 表示（CC BY）"}}, {"type": "Feature", "geometry": {"type": "Point", "coordinates": [139.600691, 35.641265]}, "properties": {"name": "砧区民会館（成城ホール）（複合施設）", "address": "東京都世田谷区成城6-2-1", "municipality": "世田谷区", "type": "公民館", "source": "世田谷区", "license": "クリエイティブ・コモンズ 表示（CC BY）"}}, {"type": "Feature", "geometry": {"type": "Point", "coordinates": [139.600537, 35.668837]}, "properties": {"name": "烏山区民会館（複合施設）", "address": "東京都世田谷区南烏山6-2-19", "municipality": "世田谷区", "type": "公民館", "source": "世田谷区", "license": "クリエイティブ・コモンズ 表示（CC BY）"}}, {"type": "Feature", "geometry": {"type": "Point", "coordinates": [139.622143, 35.644782]}, "properties": {"name": "桜丘区民センター（複合施設）", "address": "東京都世田谷区桜丘5-14-1", "municipality": "世田谷区", "type": "公民館", "source": "世田谷区", "license": "クリエイティブ・コモンズ 表示（CC BY）"}}, {"type": "Feature", "geometry": {"type": "Point", "coordinates": [139.623679, 35.645851]}, "properties": {"name": "桜丘区民センター（別棟）（複合施設）", "address": "東京都世田谷区桜丘2-22-1", "municipality": "世田谷区", "type": "公民館", "source": "世田谷区", "license": "クリエイティブ・コモンズ 表示（CC BY）"}}, {"type": "Feature", "geometry": {"type": "Point", "coordinates": [139.673622, 35.642897]}, "properties": {"name": "太子堂区民センター（複合施設）", "address": "東京都世田谷区太子堂1-14-20", "municipality": "世田谷区", "type": "公民館", "source": "世田谷区", "license": "クリエイティブ・コモンズ 表示（CC BY）"}}, {"type": "Feature", "geometry": {"type": "Point", "coordinates": [139.651815, 35.636934]}, "properties": {"name": "弦巻区民センター（複合施設）", "address": "東京都世田谷区弦巻1-26-11", "municipality": "世田谷区", "type": "公民館", "source": "世田谷区", "license": "クリエイティブ・コモンズ 表示（CC BY）"}}, {"type": "Feature", "geometry": {"type": "Point", "coordinates": [139.644755, 35.647725]}, "properties": {"name": "宮坂区民センター（複合施設）", "address": "東京都世田谷区宮坂1-24-6", "municipality": "世田谷区", "type": "公民館", "source": "世田谷区", "license": "クリエイティブ・コモンズ 表示（CC BY）"}}, {"type": "Feature", "geometry": {"type": "Point", "coordinates": [139.660648, 35.662869]}, "properties": {"name": "代田区民センター（複合施設）", "address": "東京都世田谷区代田6-34-13", "municipality": "世田谷区", "type": "公民館", "source": "世田谷区", "license": "クリエイティブ・コモンズ 表示（CC BY）"}}, {"type": "Feature", "geometry": {"type": "Point", "coordinates": [139.672397, 35.603624]}, "properties": {"name": "奥沢区民センター（複合施設）", "address": "東京都世田谷区奥沢3-47-8", "municipality": "世田谷区", "type": "公民館", "source": "世田谷区", "license": "クリエイティブ・コモンズ 表示（CC BY）"}}, {"type": "Feature", "geometry": {"type": "Point", "coordinates": [139.633048, 35.622935]}, "properties": {"name": "玉川台区民センター（複合施設）", "address": "東京都世田谷区玉川台1-6-15", "municipality": "世田谷区", "type": "公民館", "source": "世田谷区", "license": "クリエイティブ・コモンズ 表示（CC BY）"}}, {"type": "Feature", "geometry": {"type": "Point", "coordinates": [139.65387, 35.620194]}, "properties": {"name": "深沢区民センター（複合施設）", "address": "東京都世田谷区深沢4-33-11", "municipality": "世田谷区", "type": "公民館", "source": "世田谷区", "license": "クリエイティブ・コモンズ 表示（CC BY）"}}, {"type": "Feature", "geometry": {"type": "Point", "coordinates": [139.613512, 35.622285]}, "properties": {"name": "鎌田区民センター（複合施設）", "address": "東京都世田谷区鎌田3-35-1", "municipality": "世田谷区", "type": "公民館", "source": "世田谷区", "license": "クリエイティブ・コモンズ 表示（CC BY）"}}, {"type": "Feature", "geometry": {"type": "Point", "coordinates": [139.605159, 35.663097]}, "properties": {"name": "粕谷区民センター（複合施設）", "address": "東京都世田谷区粕谷4-13-6", "municipality": "世田谷区", "type": "公民館", "source": "世田谷区", "license": "クリエイティブ・コモンズ 表示（CC BY）"}}, {"type": "Feature", "geometry": {"type": "Point", "coordinates": [139.625565, 35.667566]}, "properties": {"name": "上北沢区民センター（複合施設）", "address": "東京都世田谷区上北沢3-8-9", "municipality": "世田谷区", "type": "公民館", "source": "世田谷区", "license": "クリエイティブ・コモンズ 表示（CC BY）"}}, {"type": "Feature", "geometry": {"type": "Point", "coordinates": [139.600537, 35.668837]}, "properties": {"name": "烏山区民センター（複合施設）", "address": "東京都世田谷区南烏山6-2-19", "municipality": "世田谷区", "type": "公民館", "source": "世田谷区", "license": "クリエイティブ・コモンズ 表示（CC BY）"}}, {"type": "Feature", "geometry": {"type": "Point", "coordinates": [139.67869, 35.649821]}, "properties": {"name": "池尻区民集会所（複合施設）", "address": "東京都世田谷区池尻3-27-21", "municipality": "世田谷区", "type": "公民館", "source": "世田谷区", "license": "クリエイティブ・コモンズ 表示（CC BY）"}}, {"type": "Feature", "geometry": {"type": "Point", "coordinates": [139.671139, 35.644777]}, "properties": {"name": "三軒茶屋区民集会所（複合施設）", "address": "東京都世田谷区太子堂2-17-1", "municipality": "世田谷区", "type": "公民館", "source": "世田谷区", "license": "クリエイティブ・コモンズ 表示（CC BY）"}}, {"type": "Feature", "geometry": {"type": "Point", "coordinates": [139.675404, 35.635942]}, "properties": {"name": "下馬区民集会所（複合施設）", "address": "東京都世田谷区下馬3-14-9", "municipality": "世田谷区", "type": "公民館", "source": "世田谷区", "license": "クリエイティブ・コモンズ 表示（CC BY）"}}, {"type": "Feature", "geometry": {"type": "Point", "coordinates": [139.637811, 35.63506]}, "properties": {"name": "弦巻区民集会所", "address": "東京都世田谷区弦巻5-1-18", "municipality": "世田谷区", "type": "公民館", "source": "世田谷区", "license": "クリエイティブ・コモンズ 表示（CC BY）"}}, {"type": "Feature", "geometry": {"type": "Point", "coordinates": [139.664923, 35.634809]}, "properties": {"name": "野沢区民集会所", "address": "東京都世田谷区野沢4-24-1", "municipality": "世田谷区", "type": "公民館", "source": "世田谷区", "license": "クリエイティブ・コモンズ 表示（CC BY）"}}, {"type": "Feature", "geometry": {"type": "Point", "coordinates": [139.665786, 35.64077]}, "properties": {"name": "丸山区民集会所（複合施設）", "address": "東京都世田谷区三軒茶屋2-32-14", "municipality": "世田谷区", "type": "公民館", "source": "世田谷区", "license": "クリエイティブ・コモンズ 表示（CC BY）"}}, {"type": "Feature", "geometry": {"type": "Point", "coordinates": [139.66376, 35.646106]}, "properties": {"name": "若林区民集会所（複合施設）", "address": "東京都世田谷区若林1-34-2", "municipality": "世田谷区", "type": "公民館", "source": "世田谷区", "license": "クリエイティブ・コモンズ 表示（CC BY）"}}, {"type": "Feature", "geometry": {"type": "Point", "coordinates": [139.665084, 35.668677]}, "properties": {"name": "大原区民集会所", "address": "東京都世田谷区大原1-16-16シルクロードビル", "municipality": "世田谷区", "type": "公民館", "source": "世田谷区", "license": "クリエイティブ・コモンズ 表示（CC BY）"}}, {"type": "Feature", "geometry": {"type": "Point", "coordinates": [139.668156, 35.668395]}, "properties": {"name": "北沢区民集会所（複合施設）", "address": "東京都世田谷区北沢4-24-22", "municipality": "世田谷区", "type": "公民館", "source": "世田谷区", "license": "クリエイティブ・コモンズ 表示（CC BY）"}}, {"type": "Feature", "geometry": {"type": "Point", "coordinates": [139.669121, 35.664334]}, "properties": {"name": "北沢南区民集会所", "address": "東京都世田谷区北沢3-25-8", "municipality": "世田谷区", "type": "公民館", "source": "世田谷区", "license": "クリエイティブ・コモンズ 表示（CC BY）"}}, {"type": "Feature", "geometry": {"type": "Point", "coordinates": [139.665991, 35.662028]}, "properties": {"name": "下北沢区民集会所", "address": "東京都世田谷区北沢2-26-6B1F、3F", "municipality": "世田谷区", "type": "公民館", "source": "世田谷区", "license": "クリエイティブ・コモンズ 表示（CC BY）"}}, {"type": "Feature", "geometry": {"type": "Point", "coordinates": [139.660427, 35.66454]}, "properties": {"name": "新代田区民集会所（複合施設）", "address": "東京都世田谷区羽根木1-6-14", "municipality": "世田谷区", "type": "公民館", "source": "世田谷区", "license": "クリエイティブ・コモンズ 表示（CC BY）"}}, {"type": "Feature", "geometry": {"type": "Point", "coordinates": [139.658596, 35.666462]}, "properties": {"name": "羽根木区民集会所", "address": "東京都世田谷区羽根木2-8-6東松原ハイム1F", "municipality": "世田谷区", "type": "公民館", "source": "世田谷区", "license": "クリエイティブ・コモンズ 表示（CC BY）"}}, {"type": "Feature", "geometry": {"type": "Point", "coordinates": [139.638033, 35.665384]}, "properties": {"name": "松沢区民集会所（複合施設）", "address": "東京都世田谷区赤堤5-31-5", "municipality": "世田谷区", "type": "公民館", "source": "世田谷区", "license": "クリエイティブ・コモンズ 表示（CC BY）"}}, {"type": "Feature", "geometry": {"type": "Point", "coordinates": [139.64334, 35.657735]}, "properties": {"name": "六所橋区民集会所", "address": "東京都世田谷区赤堤2-10-13", "municipality": "世田谷区", "type": "公民館", "source": "世田谷区", "license": "クリエイティブ・コモンズ 表示（CC BY）"}}, {"type": "Feature", "geometry": {"type": "Point", "coordinates": [139.63871, 35.612573]}, "properties": {"name": "上野毛区民集会所", "address": "東京都世田谷区上野毛1-26-14伊東ビル2F", "municipality": "世田谷区", "type": "公民館", "source": "世田谷区", "license": "クリエイティブ・コモンズ 表示（CC BY）"}}, {"type": "Feature", "geometry": {"type": "Point", "coordinates": [139.644, 35.628345]}, "properties": {"name": "桜新町区民集会所（複合施設）", "address": "東京都世田谷区桜新町1-30-14", "municipality": "世田谷区", "type": "公民館", "source": "世田谷区", "license": "クリエイティブ・コモンズ 表示（CC BY）"}}, {"type": "Feature", "geometry": {"type": "Point", "coordinates": [139.644841, 35.617961]}, "properties": {"name": "中町区民集会所（複合施設）", "address": "東京都世田谷区中町4-15-6", "municipality": "世田谷区", "type": "公民館", "source": "世田谷区", "license": "クリエイティブ・コモンズ 表示（CC BY）"}}, {"type": "Feature", "geometry": {"type": "Point", "coordinates": [139.642655, 35.600795]}, "properties": {"name": "野毛区民集会所（複合施設）", "address": "東京都世田谷区野毛2-4-4", "municipality": "世田谷区", "type": "公民館", "source": "世田谷区", "license": "クリエイティブ・コモンズ 表示（CC BY）"}}, {"type": "Feature", "geometry": {"type": "Point", "coordinates": [139.63251, 35.626906]}, "properties": {"name": "用賀区民集会所（複合施設）", "address": "東京都世田谷区用賀4-10-6コミュニティ・テラス", "municipality": "世田谷区", "type": "公民館", "source": "世田谷区", "license": "クリエイティブ・コモンズ 表示（CC BY）"}}, {"type": "Feature", "geometry": {"type": "Point", "coordinates": [139.61333, 35.617031]}, "properties": {"name": "鎌田区民集会所", "address": "東京都世田谷区鎌田2-1-24", "municipality": "世田谷区", "type": "公民館", "source": "世田谷区", "license": "クリエイティブ・コモンズ 表示（CC BY）"}}, {"type": "Feature", "geometry": {"type": "Point", "coordinates": [139.600691, 35.641265]}, "properties": {"name": "砧総合支所区民集会所（複合施設）", "address": "東京都世田谷区成城6-2-1", "municipality": "世田谷区", "type": "公民館", "source": "世田谷区", "license": "クリエイティブ・コモンズ 表示（CC BY）"}}, {"type": "Feature", "geometry": {"type": "Point", "coordinates": [139.620796, 35.659021]}, "properties": {"name": "希望丘区民集会所（複合施設）", "address": "東京都世田谷区船橋6-25-1", "municipality": "世田谷区", "type": "公民館", "source": "世田谷区", "license": "クリエイティブ・コモンズ 表示（CC BY）"}}, {"type": "Feature", "geometry": {"type": "Point", "coordinates": [139.608218, 35.646928]}, "properties": {"name": "祖師谷区民集会所（複合施設）", "address": "東京都世田谷区祖師谷4-1-23", "municipality": "世田谷区", "type": "公民館", "source": "世田谷区", "license": "クリエイティブ・コモンズ 表示（CC BY）"}}, {"type": "Feature", "geometry": {"type": "Point", "coordinates": [139.615301, 35.6375]}, "properties": {"name": "山野区民集会所", "address": "東京都世田谷区砧1-11-3都営砧一丁目アパート1F", "municipality": "世田谷区", "type": "公民館", "source": "世田谷区", "license": "クリエイティブ・コモンズ 表示（CC BY）"}}, {"type": "Feature", "geometry": {"type": "Point", "coordinates": [139.599001, 35.663569]}, "properties": {"name": "上祖師谷一丁目区民集会所（複合施設）", "address": "東京都世田谷区上祖師谷1-24-2", "municipality": "世田谷区", "type": "公民館", "source": "世田谷区", "license": "クリエイティブ・コモンズ 表示（CC BY）"}}, {"type": "Feature", "geometry": {"type": "Point", "coordinates": [139.597381, 35.676611]}, "properties": {"name": "寺町通り区民集会所", "address": "東京都世田谷区北烏山5-1-4", "municipality": "世田谷区", "type": "公民館", "source": "世田谷区", "license": "クリエイティブ・コモンズ 表示（CC BY）"}}, {"type": "Feature", "geometry": {"type": "Point", "coordinates": [139.616839, 35.668277]}, "properties": {"name": "八幡山区民集会所（複合施設）", "address": "東京都世田谷区八幡山3-32-26", "municipality": "世田谷区", "type": "公民館", "source": "世田谷区", "license": "クリエイティブ・コモンズ 表示（CC BY）"}}, {"type": "Feature", "geometry": {"type": "Point", "coordinates": [139.60707, 35.671759]}, "properties": {"name": "南烏山区民集会所", "address": "東京都世田谷区南烏山3-23-7芦花パークヒルⅢ2F", "municipality": "世田谷区", "type": "公民館", "source": "世田谷区", "license": "クリエイティブ・コモンズ 表示（CC BY）"}}, {"type": "Feature", "geometry": {"type": "Point", "coordinates": [139.673365, 35.659367]}, "properties": {"name": "池之上青少年交流センター", "address": "東京都世田谷区代沢2-37-18", "municipality": "世田谷区", "type": "公民館", "source": "世田谷区", "license": "クリエイティブ・コモンズ 表示（CC BY）"}}, {"type": "Feature", "geometry": {"type": "Point", "coordinates": [139.641631, 35.603223]}, "properties": {"name": "野毛青少年交流センター", "address": "東京都世田谷区野毛2-15-19", "municipality": "世田谷区", "type": "公民館", "source": "世田谷区", "license": "クリエイティブ・コモンズ 表示（CC BY）"}}, {"type": "Feature", "geometry": {"type": "Point", "coordinates": [139.620796, 35.659021]}, "properties": {"name": "希望丘青少年交流センター「アップス」（複合施設）", "address": "東京都世田谷区船橋6-25-1", "municipality": "世田谷区", "type": "公民館", "source": "世田谷区", "license": "クリエイティブ・コモンズ 表示（CC BY）"}}, {"type": "Feature", "geometry": {"type": "Point", "coordinates": [139.659944, 35.638515]}, "properties": {"name": "上馬高齢者集会所（複合施設）", "address": "東京都世田谷区上馬4-36-9", "municipality": "世田谷区", "type": "公民館", "source": "世田谷区", "license": "クリエイティブ・コモンズ 表示（CC BY）"}}, {"type": "Feature", "geometry": {"type": "Point", "coordinates": [139.646199, 35.645766]}, "properties": {"name": "桜高齢者集会所", "address": "東京都世田谷区桜1-2-19", "municipality": "世田谷区", "type": "公民館", "source": "世田谷区", "license": "クリエイティブ・コモンズ 表示（CC BY）"}}, {"type": "Feature", "geometry": {"type": "Point", "coordinates": [139.818762, 35.718293]}, "properties": {"name": "曳舟文化センター", "address": "東京都墨田区京島一丁目38-11", "municipality": "墨田区", "type": "公民館", "source": "墨田区", "license": "クリエイティブ・コモンズ 表示（CC BY）"}}, {"type": "Feature", "geometry": {"type": "Point", "coordinates": [139.803278, 35.693598]}, "properties": {"name": "みどりコミュニティセンター", "address": "東京都墨田区緑三丁目7-3", "municipality": "墨田区", "type": "公民館", "source": "墨田区", "license": "クリエイティブ・コモンズ 表示（CC BY）"}}, {"type": "Feature", "geometry": {"type": "Point", "coordinates": [139.774941, 35.673538]}, "properties": {"name": "新富区民館", "address": "東京都中央区新富1-13-24", "municipality": "中央区", "type": "公民館", "source": "中央区", "license": "クリエイティブ・コモンズ 表示（CC BY）"}}, {"type": "Feature", "geometry": {"type": "Point", "coordinates": [139.771593, 35.673121]}, "properties": {"name": "京橋プラザ区民館", "address": "東京都中央区銀座1-25-3", "municipality": "中央区", "type": "公民館", "source": "中央区", "license": "クリエイティブ・コモンズ 表示（CC BY）"}}, {"type": "Feature", "geometry": {"type": "Point", "coordinates": [139.771319, 35.676572]}, "properties": {"name": "京橋区民館", "address": "東京都中央区京橋2-6-7", "municipality": "中央区", "type": "公民館", "source": "中央区", "license": "クリエイティブ・コモンズ 表示（CC BY）"}}, {"type": "Feature", "geometry": {"type": "Point", "coordinates": [139.768618, 35.66944]}, "properties": {"name": "銀座区民館", "address": "東京都中央区銀座4-13-17", "municipality": "中央区", "type": "公民館", "source": "中央区", "license": "クリエイティブ・コモンズ 表示（CC BY）"}}, {"type": "Feature", "geometry": {"type": "Point", "coordinates": [139.77819, 35.665783]}, "properties": {"name": "明石町区民館", "address": "東京都中央区明石町14-2", "municipality": "中央区", "type": "公民館", "source": "中央区", "license": "クリエイティブ・コモンズ 表示（CC BY）"}}, {"type": "Feature", "geometry": {"type": "Point", "coordinates": [139.77819, 35.665783]}, "properties": {"name": "明石町区民館防災備蓄倉庫", "address": "東京都中央区明石町14-2", "municipality": "中央区", "type": "公民館", "source": "中央区", "license": "クリエイティブ・コモンズ 表示（CC BY）"}}, {"type": "Feature", "geometry": {"type": "Point", "coordinates": [139.778992, 35.674202]}, "properties": {"name": "八丁堀区民館", "address": "東京都中央区八丁堀4-13-12", "municipality": "中央区", "type": "公民館", "source": "中央区", "license": "クリエイティブ・コモンズ 表示（CC BY）"}}, {"type": "Feature", "geometry": {"type": "Point", "coordinates": [139.778992, 35.674202]}, "properties": {"name": "八丁堀区民館防災備蓄倉庫", "address": "東京都中央区八丁堀4-13-12", "municipality": "中央区", "type": "公民館", "source": "中央区", "license": "クリエイティブ・コモンズ 表示（CC BY）"}}, {"type": "Feature", "geometry": {"type": "Point", "coordinates": [139.78371, 35.676398]}, "properties": {"name": "新川区民館", "address": "東京都中央区新川1-26-1", "municipality": "中央区", "type": "公民館", "source": "中央区", "license": "クリエイティブ・コモンズ 表示（CC BY）"}}, {"type": "Feature", "geometry": {"type": "Point", "coordinates": [139.78371, 35.676398]}, "properties": {"name": "新川区民館防災備蓄倉庫・明正小学校副拠点倉庫", "address": "東京都中央区新川1-26-1", "municipality": "中央区", "type": "公民館", "source": "中央区", "license": "クリエイティブ・コモンズ 表示（CC BY）"}}, {"type": "Feature", "geometry": {"type": "Point", "coordinates": [139.783927, 35.688723]}, "properties": {"name": "久松町区民館", "address": "東京都中央区日本橋久松町1-2", "municipality": "中央区", "type": "公民館", "source": "中央区", "license": "クリエイティブ・コモンズ 表示（CC BY）"}}, {"type": "Feature", "geometry": {"type": "Point", "coordinates": [139.783927, 35.688723]}, "properties": {"name": "久松町区民館防災備蓄倉庫", "address": "東京都中央区日本橋久松町1-2", "municipality": "中央区", "type": "公民館", "source": "中央区", "license": "クリエイティブ・コモンズ 表示（CC BY）"}}, {"type": "Feature", "geometry": {"type": "Point", "coordinates": [139.776367, 35.680014]}, "properties": {"name": "新場橋区民館", "address": "東京都中央区日本橋兜町11-9", "municipality": "中央区", "type": "公民館", "source": "中央区", "license": "クリエイティブ・コモンズ 表示（CC BY）"}}, {"type": "Feature", "geometry": {"type": "Point", "coordinates": [139.78484, 35.664743]}, "properties": {"name": "佃区民館", "address": "東京都中央区佃2-17-8", "municipality": "中央区", "type": "公民館", "source": "中央区", "license": "クリエイティブ・コモンズ 表示（CC BY）"}}, {"type": "Feature", "geometry": {"type": "Point", "coordinates": [139.78484, 35.664743]}, "properties": {"name": "佃区民館防災備蓄倉庫", "address": "東京都中央区佃2-17-8", "municipality": "中央区", "type": "公民館", "source": "中央区", "license": "クリエイティブ・コモンズ 表示（CC BY）"}}, {"type": "Feature", "geometry": {"type": "Point", "coordinates": [139.784619, 35.663212]}, "properties": {"name": "月島区民館", "address": "東京都中央区月島2-8-11", "municipality": "中央区", "type": "公民館", "source": "中央区", "license": "クリエイティブ・コモンズ 表示（CC BY）"}}, {"type": "Feature", "geometry": {"type": "Point", "coordinates": [139.784619, 35.663212]}, "properties": {"name": "月島区民館防災備蓄倉庫・月島第一小学校副拠点倉庫", "address": "東京都中央区月島2-8-11", "municipality": "中央区", "type": "公民館", "source": "中央区", "license": "クリエイティブ・コモンズ 表示（CC BY）"}}, {"type": "Feature", "geometry": {"type": "Point", "coordinates": [139.773943, 35.654876]}, "properties": {"name": "豊海区民館", "address": "東京都中央区勝どき6-7-8", "municipality": "中央区", "type": "公民館", "source": "中央区", "license": "クリエイティブ・コモンズ 表示（CC BY）"}}, {"type": "Feature", "geometry": {"type": "Point", "coordinates": [139.784833, 35.684604]}, "properties": {"name": "人形町区民館", "address": "東京都中央区日本橋人形町2-14-5", "municipality": "中央区", "type": "公民館", "source": "中央区", "license": "クリエイティブ・コモンズ 表示（CC BY）"}}, {"type": "Feature", "geometry": {"type": "Point", "coordinates": [139.791346, 35.685469]}, "properties": {"name": "浜町区民館", "address": "東京都中央区日本橋浜町3-37-1", "municipality": "中央区", "type": "公民館", "source": "中央区", "license": "クリエイティブ・コモンズ 表示（CC BY）"}}, {"type": "Feature", "geometry": {"type": "Point", "coordinates": [139.778992, 35.687441]}, "properties": {"name": "堀留町区民館", "address": "東京都中央区日本橋堀留町1-1-1", "municipality": "中央区", "type": "公民館", "source": "中央区", "license": "クリエイティブ・コモンズ 表示（CC BY）"}}, {"type": "Feature", "geometry": {"type": "Point", "coordinates": [139.782332, 35.657098]}, "properties": {"name": "晴海区民館", "address": "東京都中央区晴海1-8-7", "municipality": "中央区", "type": "公民館", "source": "中央区", "license": "クリエイティブ・コモンズ 表示（CC BY）"}}, {"type": "Feature", "geometry": {"type": "Point", "coordinates": [139.782332, 35.657098]}, "properties": {"name": "晴海区民館防災備蓄倉庫", "address": "東京都中央区晴海1-8-7", "municipality": "中央区", "type": "公民館", "source": "中央区", "license": "クリエイティブ・コモンズ 表示（CC BY）"}}, {"type": "Feature", "geometry": {"type": "Point", "coordinates": [139.777901, 35.660594]}, "properties": {"name": "勝どき区民館", "address": "東京都中央区勝どき1-5-1", "municipality": "中央区", "type": "公民館", "source": "中央区", "license": "クリエイティブ・コモンズ 表示（CC BY）"}}, {"type": "Feature", "geometry": {"type": "Point", "coordinates": [139.770752, 35.697628]}, "properties": {"name": "万世橋出張所・区民館４階事務室", "address": "東京都千代田区外神田一丁目1-13", "municipality": "千代田区", "type": "公民館", "source": "千代田区", "license": "クリエイティブ・コモンズ 表示（CC BY）"}}, {"type": "Feature", "geometry": {"type": "Point", "coordinates": [139.770752, 35.697628]}, "properties": {"name": "万世橋出張所・区民館６階事務室", "address": "東京都千代田区外神田一丁目1-13", "municipality": "千代田区", "type": "公民館", "source": "千代田区", "license": "クリエイティブ・コモンズ 表示（CC BY）"}}, {"type": "Feature", "geometry": {"type": "Point", "coordinates": [139.739761, 35.685356]}, "properties": {"name": "麹町出張所・区民館", "address": "東京都千代田区麹町二丁目8", "municipality": "千代田区", "type": "公民館", "source": "千代田区", "license": "クリエイティブ・コモンズ 表示（CC BY）"}}, {"type": "Feature", "geometry": {"type": "Point", "coordinates": [139.746231, 35.699139]}, "properties": {"name": "富士見出張所・区民館", "address": "東京都千代田区富士見一丁目6-7", "municipality": "千代田区", "type": "公民館", "source": "千代田区", "license": "クリエイティブ・コモンズ 表示（CC BY）"}}, {"type": "Feature", "geometry": {"type": "Point", "coordinates": [139.755508, 35.697754]}, "properties": {"name": "神保町出張所・区民館", "address": "東京都千代田区神田神保町二丁目40", "municipality": "千代田区", "type": "公民館", "source": "千代田区", "license": "クリエイティブ・コモンズ 表示（CC BY）"}}, {"type": "Feature", "geometry": {"type": "Point", "coordinates": [139.767853, 35.692726]}, "properties": {"name": "神田公園出張所・区民館", "address": "東京都千代田区神田司町二丁目2", "municipality": "千代田区", "type": "公民館", "source": "千代田区", "license": "クリエイティブ・コモンズ 表示（CC BY）"}}, {"type": "Feature", "geometry": {"type": "Point", "coordinates": [139.770752, 35.697628]}, "properties": {"name": "万世橋出張所・区民館", "address": "東京都千代田区外神田一丁目1-13", "municipality": "千代田区", "type": "公民館", "source": "千代田区", "license": "クリエイティブ・コモンズ 表示（CC BY）"}}, {"type": "Feature", "geometry": {"type": "Point", "coordinates": [139.774338, 35.697285]}, "properties": {"name": "和泉橋出張所・区民館", "address": "東京都千代田区神田佐久間町一丁目11-7", "municipality": "千代田区", "type": "公民館", "source": "千代田区", "license": "クリエイティブ・コモンズ 表示（CC BY）"}}, {"type": "Feature", "geometry": {"type": "Point", "coordinates": [139.770752, 35.697628]}, "properties": {"name": "万世橋出張所・区民館５階事務室", "address": "東京都千代田区外神田一丁目1-13", "municipality": "千代田区", "type": "公民館", "source": "千代田区", "license": "クリエイティブ・コモンズ 表示（CC BY）"}}, {"type": "Feature", "geometry": {"type": "Point", "coordinates": [139.31096, 35.767812]}, "properties": {"name": "コミュニティセンター", "address": "東京都羽村市緑ヶ丘5-2-6", "municipality": "羽村市", "type": "公民館", "source": "羽村市", "license": "クリエイティブ・コモンズ 表示（CC BY）"}}, {"type": "Feature", "geometry": {"type": "Point", "coordinates": [139.525602, 35.661166]}, "properties": {"name": "青少年交流館", "address": "東京都調布市飛田給1丁目52番地1", "municipality": "調布市", "type": "公民館", "source": "調布市", "license": "クリエイティブ・コモンズ 表示（CC BY）"}}, {"type": "Feature", "geometry": {"type": "Point", "coordinates": [139.466863, 35.759786]}, "properties": {"name": "中央公民館", "address": "東京都東村山市本町二丁目33-2", "municipality": "東村山市", "type": "公民館", "source": "東村山市", "license": "クリエイティブ・コモンズ 表示（CC BY）"}}, {"type": "Feature", "geometry": {"type": "Point", "coordinates": [139.486598, 35.771015]}, "properties": {"name": "秋津公民館", "address": "東京都東村山市秋津町二丁目17-10", "municipality": "東村山市", "type": "公民館", "source": "東村山市", "license": "クリエイティブ・コモンズ 表示（CC BY）"}}, {"type": "Feature", "geometry": {"type": "Point", "coordinates": [139.452093, 35.759623]}, "properties": {"name": "廻田公民館", "address": "東京都東村山市廻田町四丁目19-1", "municipality": "東村山市", "type": "公民館", "source": "東村山市", "license": "クリエイティブ・コモンズ 表示（CC BY）"}}, {"type": "Feature", "geometry": {"type": "Point", "coordinates": [139.462885, 35.746615]}, "properties": {"name": "富士見文化センター", "address": "東京都東村山市富士見町五丁目4-51", "municipality": "東村山市", "type": "公民館", "source": "東村山市", "license": "クリエイティブ・コモンズ 表示（CC BY）"}}, {"type": "Feature", "geometry": {"type": "Point", "coordinates": [139.496263, 35.76921]}, "properties": {"name": "青葉地域センター", "address": "東京都東村山市青葉町三丁目30-3", "municipality": "東村山市", "type": "公民館", "source": "東村山市", "license": "クリエイティブ・コモンズ 表示（CC BY）"}}, {"type": "Feature", "geometry": {"type": "Point", "coordinates": [139.483685, 35.738063]}, "properties": {"name": "萩山集会所", "address": "東京都東村山市萩山町一丁目36-3", "municipality": "東村山市", "type": "公民館", "source": "東村山市", "license": "クリエイティブ・コモンズ 表示（CC BY）"}}, {"type": "Feature", "geometry": {"type": "Point", "coordinates": [139.818678, 35.673086]}, "properties": {"name": "江東区文化センター", "address": "東京都江東区東陽4-11-3", "municipality": "江東区", "type": "公民館", "source": "江東区", "license": "クリエイティブ・コモンズ 表示（CC BY）"}}, {"type": "Feature", "geometry": {"type": "Point", "coordinates": [139.795247, 35.654581]}, "properties": {"name": "豊洲文化センター", "address": "東京都江東区豊洲2-2-18", "municipality": "江東区", "type": "公民館", "source": "江東区", "license": "クリエイティブ・コモンズ 表示（CC BY）"}}, {"type": "Feature", "geometry": {"type": "Point", "coordinates": [139.842408, 35.690052]}, "properties": {"name": "東大島文化センター", "address": "東京都江東区大島8-33-9", "municipality": "江東区", "type": "公民館", "source": "江東区", "license": "クリエイティブ・コモンズ 表示（CC BY）"}}, {"type": "Feature", "geometry": {"type": "Point", "coordinates": [139.831936, 35.680617]}, "properties": {"name": "砂町文化センター", "address": "東京都江東区北砂5-1-7", "municipality": "江東区", "type": "公民館", "source": "江東区", "license": "クリエイティブ・コモンズ 表示（CC BY）"}}, {"type": "Feature", "geometry": {"type": "Point", "coordinates": [139.802078, 35.685408]}, "properties": {"name": "森下文化センター", "address": "東京都江東区森下3-12-17", "municipality": "江東区", "type": "公民館", "source": "江東区", "license": "クリエイティブ・コモンズ 表示（CC BY）"}}, {"type": "Feature", "geometry": {"type": "Point", "coordinates": [139.799022, 35.667256]}, "properties": {"name": "古石場文化センター", "address": "東京都江東区古石場2-13-2", "municipality": "江東区", "type": "公民館", "source": "江東区", "license": "クリエイティブ・コモンズ 表示（CC BY）"}}, {"type": "Feature", "geometry": {"type": "Point", "coordinates": [139.824505, 35.697917]}, "properties": {"name": "亀戸文化センター", "address": "東京都江東区亀戸2-19-1", "municipality": "江東区", "type": "公民館", "source": "江東区", "license": "クリエイティブ・コモンズ 表示（CC BY）"}}, {"type": "Feature", "geometry": {"type": "Point", "coordinates": [139.827021, 35.68938]}, "properties": {"name": "総合区民センター", "address": "東京都江東区大島4-5-1", "municipality": "江東区", "type": "公民館", "source": "江東区", "license": "クリエイティブ・コモンズ 表示（CC BY）"}}, {"type": "Feature", "geometry": {"type": "Point", "coordinates": [139.819463, 35.688755]}, "properties": {"name": "江東公会堂", "address": "東京都江東区住吉2-28-36", "municipality": "江東区", "type": "公民館", "source": "江東区", "license": "クリエイティブ・コモンズ 表示（CC BY）"}}, {"type": "Feature", "geometry": {"type": "Point", "coordinates": [139.794056, 35.686127]}, "properties": {"name": "江東区芭蕉記念館", "address": "東京都江東区常盤1-6-3", "municipality": "江東区", "type": "公民館", "source": "江東区", "license": "クリエイティブ・コモンズ 表示（CC BY）"}}, {"type": "Feature", "geometry": {"type": "Point", "coordinates": [139.800595, 35.681189]}, "properties": {"name": "江東区深川江戸資料館", "address": "東京都江東区白河1-3-28", "municipality": "江東区", "type": "公民館", "source": "江東区", "license": "クリエイティブ・コモンズ 表示（CC BY）"}}, {"type": "Feature", "geometry": {"type": "Point", "coordinates": [139.846282, 35.687686]}, "properties": {"name": "江東区中川船番所資料館", "address": "東京都江東区大島9-1-15", "municipality": "江東区", "type": "公民館", "source": "江東区", "license": "クリエイティブ・コモンズ 表示（CC BY）"}}, {"type": "Feature", "geometry": {"type": "Point", "coordinates": [139.79458, 35.688662]}, "properties": {"name": "新大橋地区集会所", "address": "東京都江東区新大橋2-11-6", "municipality": "江東区", "type": "公民館", "source": "江東区", "license": "クリエイティブ・コモンズ 表示（CC BY）"}}, {"type": "Feature", "geometry": {"type": "Point", "coordinates": [139.80188, 35.68528]}, "properties": {"name": "高森地区集会所", "address": "東京都江東区森下3-12-17", "municipality": "江東区", "type": "公民館", "source": "江東区", "license": "クリエイティブ・コモンズ 表示（CC BY）"}}, {"type": "Feature", "geometry": {"type": "Point", "coordinates": [139.805995, 35.677472]}, "properties": {"name": "平野地区集会所", "address": "東京都江東区平野3-3-9-102", "municipality": "江東区", "type": "公民館", "source": "江東区", "license": "クリエイティブ・コモンズ 表示（CC BY）"}}, {"type": "Feature", "geometry": {"type": "Point", "coordinates": [139.804634, 35.680452]}, "properties": {"name": "三好地区集会所", "address": "東京都江東区三好3-7-10", "municipality": "江東区", "type": "公民館", "source": "江東区", "license": "クリエイティブ・コモンズ 表示（CC BY）"}}, {"type": "Feature", "geometry": {"type": "Point", "coordinates": [139.808253, 35.683171]}, "properties": {"name": "白河東地区集会所", "address": "東京都江東区白河4-9-15-104", "municipality": "江東区", "type": "公民館", "source": "江東区", "license": "クリエイティブ・コモンズ 表示（CC BY）"}}, {"type": "Feature", "geometry": {"type": "Point", "coordinates": [139.791246, 35.673383]}, "properties": {"name": "永代地区集会所", "address": "東京都江東区永代2-9-4", "municipality": "江東区", "type": "公民館", "source": "江東区", "license": "クリエイティブ・コモンズ 表示（CC BY）"}}, {"type": "Feature", "geometry": {"type": "Point", "coordinates": [139.795696, 35.678539]}, "properties": {"name": "富岡北地区集会所", "address": "東京都江東区深川1-11-18", "municipality": "江東区", "type": "公民館", "source": "江東区", "license": "クリエイティブ・コモンズ 表示（CC BY）"}}, {"type": "Feature", "geometry": {"type": "Point", "coordinates": [139.797112, 35.673834]}, "properties": {"name": "深川地区集会所", "address": "東京都江東区深川2-1-8", "municipality": "江東区", "type": "公民館", "source": "江東区", "license": "クリエイティブ・コモンズ 表示（CC BY）"}}, {"type": "Feature", "geometry": {"type": "Point", "coordinates": [139.801125, 35.667837]}, "properties": {"name": "牡丹地区集会所", "address": "東京都江東区牡丹3-28-6", "municipality": "江東区", "type": "公民館", "source": "江東区", "license": "クリエイティブ・コモンズ 表示（CC BY）"}}, {"type": "Feature", "geometry": {"type": "Point", "coordinates": [139.796437, 35.665296]}, "properties": {"name": "越中島地区集会所", "address": "東京都江東区越中島3-6-34", "municipality": "江東区", "type": "公民館", "source": "江東区", "license": "クリエイティブ・コモンズ 表示（CC BY）"}}, {"type": "Feature", "geometry": {"type": "Point", "coordinates": [139.80876, 35.66287]}, "properties": {"name": "塩浜東地区集会所", "address": "東京都江東区塩浜2-14-2", "municipality": "江東区", "type": "公民館", "source": "江東区", "license": "クリエイティブ・コモンズ 表示（CC BY）"}}, {"type": "Feature", "geometry": {"type": "Point", "coordinates": [139.803581, 35.657355]}, "properties": {"name": "枝川西地区集会所", "address": "東京都江東区枝川1-6-18", "municipality": "江東区", "type": "公民館", "source": "江東区", "license": "クリエイティブ・コモンズ 表示（CC BY）"}}, {"type": "Feature", "geometry": {"type": "Point", "coordinates": [139.813291, 35.657591]}, "properties": {"name": "潮見地区集会所", "address": "東京都江東区潮見1-18-9", "municipality": "江東区", "type": "公民館", "source": "江東区", "license": "クリエイティブ・コモンズ 表示（CC BY）"}}, {"type": "Feature", "geometry": {"type": "Point", "coordinates": [139.811514, 35.679689]}, "properties": {"name": "千石地区集会所", "address": "東京都江東区千石1-13-13", "municipality": "江東区", "type": "公民館", "source": "江東区", "license": "クリエイティブ・コモンズ 表示（CC BY）"}}, {"type": "Feature", "geometry": {"type": "Point", "coordinates": [139.81661, 35.6812]}, "properties": {"name": "千田地区集会所", "address": "東京都江東区千田21-15", "municipality": "江東区", "type": "公民館", "source": "江東区", "license": "クリエイティブ・コモンズ 表示（CC BY）"}}, {"type": "Feature", "geometry": {"type": "Point", "coordinates": [139.820235, 35.682558]}, "properties": {"name": "扇橋地区集会所", "address": "東京都江東区扇橋3-7-3", "municipality": "江東区", "type": "公民館", "source": "江東区", "license": "クリエイティブ・コモンズ 表示（CC BY）"}}, {"type": "Feature", "geometry": {"type": "Point", "coordinates": [139.811711, 35.687457]}, "properties": {"name": "住吉地区集会所", "address": "東京都江東区住吉1-8-12", "municipality": "江東区", "type": "公民館", "source": "江東区", "license": "クリエイティブ・コモンズ 表示（CC BY）"}}, {"type": "Feature", "geometry": {"type": "Point", "coordinates": [139.814994, 35.69137]}, "properties": {"name": "毛利地区集会所", "address": "東京都江東区毛利1-12-7", "municipality": "江東区", "type": "公民館", "source": "江東区", "license": "クリエイティブ・コモンズ 表示（CC BY）"}}, {"type": "Feature", "geometry": {"type": "Point", "coordinates": [139.80975, 35.66732]}, "properties": {"name": "東陽南地区集会所", "address": "東京都江東区東陽1-16-3", "municipality": "江東区", "type": "公民館", "source": "江東区", "license": "クリエイティブ・コモンズ 表示（CC BY）"}}, {"type": "Feature", "geometry": {"type": "Point", "coordinates": [139.818843, 35.67239]}, "properties": {"name": "東陽東地区集会所", "address": "東京都江東区東陽4-11-1", "municipality": "江東区", "type": "公民館", "source": "江東区", "license": "クリエイティブ・コモンズ 表示（CC BY）"}}, {"type": "Feature", "geometry": {"type": "Point", "coordinates": [139.822964, 35.704849]}, "properties": {"name": "亀戸西地区集会所", "address": "東京都江東区亀戸3-41-8", "municipality": "江東区", "type": "公民館", "source": "江東区", "license": "クリエイティブ・コモンズ 表示（CC BY）"}}, {"type": "Feature", "geometry": {"type": "Point", "coordinates": [139.826075, 35.702447]}, "properties": {"name": "亀戸北地区集会所", "address": "東京都江東区亀戸4-21-18", "municipality": "江東区", "type": "公民館", "source": "江東区", "license": "クリエイティブ・コモンズ 表示（CC BY）"}}, {"type": "Feature", "geometry": {"type": "Point", "coordinates": [139.83516, 35.696265]}, "properties": {"name": "亀戸南地区集会所", "address": "東京都江東区亀戸7-56-3", "municipality": "江東区", "type": "公民館", "source": "江東区", "license": "クリエイティブ・コモンズ 表示（CC BY）"}}, {"type": "Feature", "geometry": {"type": "Point", "coordinates": [139.833921, 35.701781]}, "properties": {"name": "亀戸水神地区集会所", "address": "東京都江東区亀戸8-27-5", "municipality": "江東区", "type": "公民館", "source": "江東区", "license": "クリエイティブ・コモンズ 表示（CC BY）"}}, {"type": "Feature", "geometry": {"type": "Point", "coordinates": [139.840646, 35.699359]}, "properties": {"name": "亀戸東地区集会所", "address": "東京都江東区亀戸9-34-1-135", "municipality": "江東区", "type": "公民館", "source": "江東区", "license": "クリエイティブ・コモンズ 表示（CC BY）"}}, {"type": "Feature", "geometry": {"type": "Point", "coordinates": [139.833344, 35.688757]}, "properties": {"name": "大島中央地区集会所", "address": "東京都江東区大島5-12-14", "municipality": "江東区", "type": "公民館", "source": "江東区", "license": "クリエイティブ・コモンズ 表示（CC BY）"}}, {"type": "Feature", "geometry": {"type": "Point", "coordinates": [139.838962, 35.69256]}, "properties": {"name": "大島地区集会所", "address": "東京都江東区大島7-16-4", "municipality": "江東区", "type": "公民館", "source": "江東区", "license": "クリエイティブ・コモンズ 表示（CC BY）"}}, {"type": "Feature", "geometry": {"type": "Point", "coordinates": [139.842884, 35.694248]}, "properties": {"name": "大島東地区集会所", "address": "東京都江東区大島7-29-4", "municipality": "江東区", "type": "公民館", "source": "江東区", "license": "クリエイティブ・コモンズ 表示（CC BY）"}}, {"type": "Feature", "geometry": {"type": "Point", "coordinates": [139.828433, 35.679872]}, "properties": {"name": "北砂中央地区集会所", "address": "東京都江東区北砂3-31-4", "municipality": "江東区", "type": "公民館", "source": "江東区", "license": "クリエイティブ・コモンズ 表示（CC BY）"}}, {"type": "Feature", "geometry": {"type": "Point", "coordinates": [139.83223, 35.67745]}, "properties": {"name": "北砂地区集会所", "address": "東京都江東区北砂4-20-13", "municipality": "江東区", "type": "公民館", "source": "江東区", "license": "クリエイティブ・コモンズ 表示（CC BY）"}}, {"type": "Feature", "geometry": {"type": "Point", "coordinates": [139.838388, 35.681572]}, "properties": {"name": "亀高地区集会所", "address": "東京都江東区北砂6-26-7", "municipality": "江東区", "type": "公民館", "source": "江東区", "license": "クリエイティブ・コモンズ 表示（CC BY）"}}, {"type": "Feature", "geometry": {"type": "Point", "coordinates": [139.84216, 35.68143]}, "properties": {"name": "東砂北地区集会所", "address": "東京都江東区東砂3-17-17", "municipality": "江東区", "type": "公民館", "source": "江東区", "license": "クリエイティブ・コモンズ 表示（CC BY）"}}, {"type": "Feature", "geometry": {"type": "Point", "coordinates": [139.821087, 35.679722]}, "properties": {"name": "南砂北地区集会所", "address": "東京都江東区南砂1-4-24", "municipality": "江東区", "type": "公民館", "source": "江東区", "license": "クリエイティブ・コモンズ 表示（CC BY）"}}, {"type": "Feature", "geometry": {"type": "Point", "coordinates": [139.841341, 35.674504]}, "properties": {"name": "東砂南地区集会所", "address": "東京都江東区東砂6-19-9", "municipality": "江東区", "type": "公民館", "source": "江東区", "license": "クリエイティブ・コモンズ 表示（CC BY）"}}, {"type": "Feature", "geometry": {"type": "Point", "coordinates": [139.839835, 35.670618]}, "properties": {"name": "東砂西地区集会所", "address": "東京都江東区東砂7-5-1", "municipality": "江東区", "type": "公民館", "source": "江東区", "license": "クリエイティブ・コモンズ 表示（CC BY）"}}, {"type": "Feature", "geometry": {"type": "Point", "coordinates": [139.827373, 35.674162]}, "properties": {"name": "南砂西地区集会所", "address": "東京都江東区南砂4-3-22", "municipality": "江東区", "type": "公民館", "source": "江東区", "license": "クリエイティブ・コモンズ 表示（CC BY）"}}, {"type": "Feature", "geometry": {"type": "Point", "coordinates": [139.798591, 35.671785]}, "properties": {"name": "富岡区民館", "address": "東京都江東区富岡1-16-12", "municipality": "江東区", "type": "公民館", "source": "江東区", "license": "クリエイティブ・コモンズ 表示（CC BY）"}}, {"type": "Feature", "geometry": {"type": "Point", "coordinates": [139.810294, 35.658523]}, "properties": {"name": "枝川区民館", "address": "東京都江東区枝川3-6-16", "municipality": "江東区", "type": "公民館", "source": "江東区", "license": "クリエイティブ・コモンズ 表示（CC BY）"}}, {"type": "Feature", "geometry": {"type": "Point", "coordinates": [139.814281, 35.682694]}, "properties": {"name": "小松橋区民館", "address": "東京都江東区扇橋2-1-5", "municipality": "江東区", "type": "公民館", "source": "江東区", "license": "クリエイティブ・コモンズ 表示（CC BY）"}}, {"type": "Feature", "geometry": {"type": "Point", "coordinates": [139.808576, 35.668629]}, "properties": {"name": "東陽区民館", "address": "東京都江東区東陽3-1-2", "municipality": "江東区", "type": "公民館", "source": "江東区", "license": "クリエイティブ・コモンズ 表示（CC BY）"}}, {"type": "Feature", "geometry": {"type": "Point", "coordinates": [139.828457, 35.677468]}, "properties": {"name": "砂町区民館", "address": "東京都江東区北砂4-7-3", "municipality": "江東区", "type": "公民館", "source": "江東区", "license": "クリエイティブ・コモンズ 表示（CC BY）"}}, {"type": "Feature", "geometry": {"type": "Point", "coordinates": [139.834852, 35.671228]}, "properties": {"name": "南砂区民館", "address": "東京都江東区南砂6-8-3", "municipality": "江東区", "type": "公民館", "source": "江東区", "license": "クリエイティブ・コモンズ 表示（CC BY）"}}, {"type": "Feature", "geometry": {"type": "Point", "coordinates": [139.826969, 35.589152]}, "properties": {"name": "総合区民センター防災倉庫", "address": "東京都江東区大島4-5-1総合区民センター3階", "municipality": "江東区", "type": "公民館", "source": "江東区", "license": "クリエイティブ・コモンズ 表示（CC BY）"}}]}