{"type": "FeatureCollection", "features": [{"type": "Feature", "geometry": {"type": "Point", "coordinates": [139.583878, 35.669415]}, "properties": {"name": "緑ヶ丘こどもフリースペースごりら", "address": "東京都調布市緑ヶ丘2-18-49", "municipality": "調布市", "needs": [], "frequency": "", "url": "", "lgCode": "132080", "source": "調布市", "license": "クリエイティブ・コモンズ 表示（CC BY）"}}, {"type": "Feature", "geometry": {"type": "Point", "coordinates": [139.58577, 35.662037]}, "properties": {"name": "みんな食堂「仙川スープ」", "address": "東京都調布市仙川町1-19-10", "municipality": "調布市", "needs": [], "frequency": "", "url": "https://motion-gallery.net/projects/sengawasoup", "lgCode": "132080", "source": "調布市", "license": "クリエイティブ・コモンズ 表示（CC BY）"}}, {"type": "Feature", "geometry": {"type": "Point", "coordinates": [139.587921, 35.64642]}, "properties": {"name": "坂の上のばあちゃん家", "address": "東京都調布市入間町3-22-5", "municipality": "調布市", "needs": [], "frequency": "", "url": "http://lin.ee/mAOvjkU", "lgCode": "132080", "source": "調布市", "license": "クリエイティブ・コモンズ 表示（CC BY）"}}, {"type": "Feature", "geometry": {"type": "Point", "coordinates": [139.56781, 35.662739]}, "properties": {"name": "つつじヶ丘こども食堂", "address": "東京都調布市西つつじヶ丘1-48-24", "municipality": "調布市", "needs": [], "frequency": "", "url": "https://kodomoto154.wordpress.com/", "lgCode": "132080", "source": "調布市", "license": "クリエイティブ・コモンズ 表示（CC BY）"}}, {"type": "Feature", "geometry": {"type": "Point", "coordinates": [139.558228, 35.67614]}, "properties": {"name": "子ども食堂深大寺東町", "address": "東京都調布市深大寺東町6-26-15", "municipality": "調布市", "needs": [], "frequency": "", "url": "", "lgCode": "132080", "source": "調布市", "license": "クリエイティブ・コモンズ 表示（CC BY）"}}, {"type": "Feature", "geometry": {"type": "Point", "coordinates": [139.55867, 35.676304]}, "properties": {"name": "ハナこども食堂", "address": "東京都調布市深大寺東町7-23-2", "municipality": "調布市", "needs": [], "frequency": "", "url": "https://instagram.com/hanakidspark?igshid=YmMyMTA2M2Y=", "lgCode": "132080", "source": "調布市", "license": "クリエイティブ・コモンズ 表示（CC BY）"}}, {"type": "Feature", "geometry": {"type": "Point", "coordinates": [139.557556, 35.666481]}, "properties": {"name": "絵堂なかよし子ども食堂", "address": "東京都調布市深大寺南町5-9", "municipality": "調布市", "needs": [], "frequency": "", "url": "", "lgCode": "132080", "source": "調布市", "license": "クリエイティブ・コモンズ 表示（CC BY）"}}, {"type": "Feature", "geometry": {"type": "Point", "coordinates": [139.565247, 35.657196]}, "properties": {"name": "しばさき彩こども食堂", "address": "東京都調布市柴崎1-64-9", "municipality": "調布市", "needs": [], "frequency": "", "url": "https://shibasaki-irodori-station.jimdofree.com", "lgCode": "132080", "source": "調布市", "license": "クリエイティブ・コモンズ 表示（CC BY）"}}, {"type": "Feature", "geometry": {"type": "Point", "coordinates": [139.553162, 35.654781]}, "properties": {"name": "さくら子育てステーション", "address": "東京都調布市八雲台1-22-1", "municipality": "調布市", "needs": [], "frequency": "", "url": "http://tanpopo-hoiku.jp/", "lgCode": "132080", "source": "調布市", "license": "クリエイティブ・コモンズ 表示（CC BY）"}}, {"type": "Feature", "geometry": {"type": "Point", "coordinates": [139.55545, 35.659374]}, "properties": {"name": "かしわの食堂（まい・夢）", "address": "東京都調布市佐須町2-18-1", "municipality": "調布市", "needs": [], "frequency": "", "url": "", "lgCode": "132080", "source": "調布市", "license": "クリエイティブ・コモンズ 表示（CC BY）"}}, {"type": "Feature", "geometry": {"type": "Point", "coordinates": [139.547806, 35.662521]}, "properties": {"name": "深大寺カフェ子ども食堂", "address": "東京都調布市深大寺元町1-11-1", "municipality": "調布市", "needs": [], "frequency": "", "url": "https://jindaijicafe.jimdofree.com/", "lgCode": "132080", "source": "調布市", "license": "クリエイティブ・コモンズ 表示（CC BY）"}}, {"type": "Feature", "geometry": {"type": "Point", "coordinates": [139.547806, 35.662521]}, "properties": {"name": "そらなかBASE", "address": "東京都調布市深大寺元町1-11-1 2F-17", "municipality": "調布市", "needs": [], "frequency": "", "url": "https://sorakanabase.net/", "lgCode": "132080", "source": "調布市", "license": "クリエイティブ・コモンズ 表示（CC BY）"}}, {"type": "Feature", "geometry": {"type": "Point", "coordinates": [139.552765, 35.652878]}, "properties": {"name": "まごじば", "address": "東京都調布市国領町1-7-1", "municipality": "調布市", "needs": [], "frequency": "", "url": "", "lgCode": "132080", "source": "調布市", "license": "クリエイティブ・コモンズ 表示（CC BY）"}}, {"type": "Feature", "geometry": {"type": "Point", "coordinates": [139.560684, 35.650097]}, "properties": {"name": "こくりょう子ども食堂わいわい", "address": "東京都調布市国領町3-8-15", "municipality": "調布市", "needs": [], "frequency": "", "url": "https://k-k-s-waiwai.jimdofree.com", "lgCode": "132080", "source": "調布市", "license": "クリエイティブ・コモンズ 表示（CC BY）"}}, {"type": "Feature", "geometry": {"type": "Point", "coordinates": [139.551697, 35.648472]}, "properties": {"name": "二小地区もりあげ隊", "address": "東京都調布市国領町5-76-3", "municipality": "調布市", "needs": [], "frequency": "", "url": "https://docs.google.com/forms/w5miSYj3gTYKRe4K7", "lgCode": "132080", "source": "調布市", "license": "クリエイティブ・コモンズ 表示（CC BY）"}}, {"type": "Feature", "geometry": {"type": "Point", "coordinates": [139.557281, 35.637943]}, "properties": {"name": "ウナパウザ", "address": "東京都調布市染地3-8-26", "municipality": "調布市", "needs": [], "frequency": "", "url": "https://docs.google.com/forms/SqrR5TnJiRcV75K39", "lgCode": "132080", "source": "調布市", "license": "クリエイティブ・コモンズ 表示（CC BY）"}}, {"type": "Feature", "geometry": {"type": "Point", "coordinates": [139.547974, 35.653828]}, "properties": {"name": "みさとや子ども食堂", "address": "東京都調布市布田2-2-6", "municipality": "調布市", "needs": [], "frequency": "", "url": "http://www.jca.apc.org/~misatoya/index.html", "lgCode": "132080", "source": "調布市", "license": "クリエイティブ・コモンズ 表示（CC BY）"}}, {"type": "Feature", "geometry": {"type": "Point", "coordinates": [139.548935, 35.653576]}, "properties": {"name": "ちょうふ子ども食堂", "address": "東京都調布市布田2-5-4", "municipality": "調布市", "needs": [], "frequency": "", "url": "https://www.facebook.com/chofukodomoshokudo", "lgCode": "132080", "source": "調布市", "license": "クリエイティブ・コモンズ 表示（CC BY）"}}, {"type": "Feature", "geometry": {"type": "Point", "coordinates": [139.544998, 35.646111]}, "properties": {"name": "ハッピーこども食堂", "address": "東京都調布市布田5-32-3", "municipality": "調布市", "needs": [], "frequency": "", "url": "https://happy-usako.jp", "lgCode": "132080", "source": "調布市", "license": "クリエイティブ・コモンズ 表示（CC BY）"}}, {"type": "Feature", "geometry": {"type": "Point", "coordinates": [139.544327, 35.657433]}, "properties": {"name": "電気通信大学こども食堂", "address": "東京都調布市調布ヶ丘1-5-1", "municipality": "調布市", "needs": [], "frequency": "", "url": "https://www.uec.ac.jp/news/announcement/...", "lgCode": "132080", "source": "調布市", "license": "クリエイティブ・コモンズ 表示（CC BY）"}}, {"type": "Feature", "geometry": {"type": "Point", "coordinates": [139.537399, 35.66021]}, "properties": {"name": "こども食堂かくしょうじ", "address": "東京都調布市富士見町1-35-5", "municipality": "調布市", "needs": [], "frequency": "", "url": "https://syokudou.kakushoji.or.jp", "lgCode": "132080", "source": "調布市", "license": "クリエイティブ・コモンズ 表示（CC BY）"}}, {"type": "Feature", "geometry": {"type": "Point", "coordinates": [139.542252, 35.658703]}, "properties": {"name": "富士見あおぞら子ども食堂", "address": "東京都調布市富士見町2-13-5", "municipality": "調布市", "needs": [], "frequency": "", "url": "https://www.instagram.com/fujimiaozora", "lgCode": "132080", "source": "調布市", "license": "クリエイティブ・コモンズ 表示（CC BY）"}}, {"type": "Feature", "geometry": {"type": "Point", "coordinates": [139.538177, 35.660427]}, "properties": {"name": "特定非営利活動法人フードバンク調布", "address": "東京都調布市富士見町1-37-9", "municipality": "調布市", "needs": [], "frequency": "", "url": "https://sites.google.com/view/foodbankchofu/", "lgCode": "132080", "source": "調布市", "license": "クリエイティブ・コモンズ 表示（CC BY）"}}, {"type": "Feature", "geometry": {"type": "Point", "coordinates": [139.532516, 35.659058]}, "properties": {"name": "風のテーブル", "address": "東京都調布市上石原1-36-7", "municipality": "調布市", "needs": [], "frequency": "", "url": "https://sudachikai.eco.to/kohitsujiya/", "lgCode": "132080", "source": "調布市", "license": "クリエイティブ・コモンズ 表示（CC BY）"}}, {"type": "Feature", "geometry": {"type": "Point", "coordinates": [139.522293, 35.653053]}, "properties": {"name": "子ども食堂かみいしわらたんぽぽ", "address": "東京都調布市上石原3-21-6", "municipality": "調布市", "needs": [], "frequency": "", "url": "https://instagram.com/kamiisiwaratanpopo?igshid=", "lgCode": "132080", "source": "調布市", "license": "クリエイティブ・コモンズ 表示（CC BY）"}}, {"type": "Feature", "geometry": {"type": "Point", "coordinates": [139.4472612, 35.68161091]}, "properties": {"name": "おいでよ。ごはんや", "address": "東京都国立市富士見台1-17-8", "municipality": "国立市", "needs": [], "frequency": "2", "url": "", "lgCode": "132152", "source": "国立市", "license": "クリエイティブ・コモンズ 表示（CC BY）"}}, {"type": "Feature", "geometry": {"type": "Point", "coordinates": [139.4424981, 35.68929325]}, "properties": {"name": "カサムシカ子ども食堂", "address": "東京都国立市中 3-5-60", "municipality": "国立市", "needs": [], "frequency": "3", "url": "", "lgCode": "132152", "source": "国立市", "license": "クリエイティブ・コモンズ 表示（CC BY）"}}, {"type": "Feature", "geometry": {"type": "Point", "coordinates": [139.4394076, 35.69293411]}, "properties": {"name": "たまご（多孫・他孫）食堂", "address": "東京都国立市中2-10-7", "municipality": "国立市", "needs": [], "frequency": "4", "url": "https://www.facebook.com/nakanakaiikai/", "lgCode": "132152", "source": "国立市", "license": "クリエイティブ・コモンズ 表示（CC BY）"}}, {"type": "Feature", "geometry": {"type": "Point", "coordinates": [139.4438361, 35.68761301]}, "properties": {"name": "おいしいじかん", "address": "東京都国立市富士見台2-39-1", "municipality": "国立市", "needs": [], "frequency": "5", "url": "", "lgCode": "132152", "source": "国立市", "license": "クリエイティブ・コモンズ 表示（CC BY）"}}, {"type": "Feature", "geometry": {"type": "Point", "coordinates": [139.4303275, 35.70110454]}, "properties": {"name": "きたまち学☆食", "address": "東京都国立市北3-23-1", "municipality": "国立市", "needs": ["学習支援"], "frequency": "7", "url": "", "lgCode": "132152", "source": "国立市", "license": "クリエイティブ・コモンズ 表示（CC BY）"}}, {"type": "Feature", "geometry": {"type": "Point", "coordinates": [139.4547772, 35.69164296]}, "properties": {"name": "ハートフルくにたち食堂", "address": "東京都国立市東 3-18-32", "municipality": "国立市", "needs": [], "frequency": "4", "url": "", "lgCode": "132152", "source": "国立市", "license": "クリエイティブ・コモンズ 表示（CC BY）"}}, {"type": "Feature", "geometry": {"type": "Point", "coordinates": [139.4490542, 35.68347175]}, "properties": {"name": "ぐるぐる食堂", "address": "東京都国立市富士見台1-8-38", "municipality": "国立市", "needs": [], "frequency": "4", "url": "", "lgCode": "132152", "source": "国立市", "license": "クリエイティブ・コモンズ 表示（CC BY）"}}, {"type": "Feature", "geometry": {"type": "Point", "coordinates": [139.4256635, 35.68362927]}, "properties": {"name": "SOMPO流子ども食堂", "address": "東京都国立市青柳1-21-14", "municipality": "国立市", "needs": [], "frequency": "5", "url": "", "lgCode": "132152", "source": "国立市", "license": "クリエイティブ・コモンズ 表示（CC BY）"}}, {"type": "Feature", "geometry": {"type": "Point", "coordinates": [139.4318817, 35.68579502]}, "properties": {"name": "くにちゃん食堂", "address": "東京都国立市富士見台4-10-1", "municipality": "国立市", "needs": [], "frequency": "5", "url": "", "lgCode": "132152", "source": "国立市", "license": "クリエイティブ・コモンズ 表示（CC BY）"}}, {"type": "Feature", "geometry": {"type": "Point", "coordinates": [139.4300278, 35.68549131]}, "properties": {"name": "矢川の子がも食堂", "address": "東京都国立市富士見台4-17-65", "municipality": "国立市", "needs": [], "frequency": "5", "url": "", "lgCode": "132152", "source": "国立市", "license": "クリエイティブ・コモンズ 表示（CC BY）"}}, {"type": "Feature", "geometry": {"type": "Point", "coordinates": [139.431137, 35.674431]}, "properties": {"name": "", "address": "東京都国立市泉2－3－2 1号棟", "municipality": "国立市", "needs": [], "frequency": "", "url": "", "lgCode": "", "source": "国立市", "license": "クリエイティブ・コモンズ 表示（CC BY）"}}, {"type": "Feature", "geometry": {"type": "Point", "coordinates": [139.433563, 35.68515]}, "properties": {"name": "", "address": "東京都国立市富士見台3－35－3", "municipality": "国立市", "needs": [], "frequency": "", "url": "", "lgCode": "", "source": "国立市", "license": "クリエイティブ・コモンズ 表示（CC BY）"}}, {"type": "Feature", "geometry": {"type": "Point", "coordinates": [139.586777, 35.766113]}, "properties": {"name": "大泉まちの子ども食堂", "address": "東京都練馬区大泉学園町5-6-17", "municipality": "練馬区", "needs": [], "frequency": "1", "url": "https://www.facebook.com/まちの駅大泉学園-518954241505597/", "lgCode": "131202", "source": "練馬区", "license": "クリエイティブ・コモンズ 表示（CC BY）"}}, {"type": "Feature", "geometry": {"type": "Point", "coordinates": [139.589615, 35.747997]}, "properties": {"name": "おおいずみ子ども食堂", "address": "東京都練馬区東大泉5‐35‐12", "municipality": "練馬区", "needs": [], "frequency": "1", "url": "", "lgCode": "131202", "source": "練馬区", "license": "クリエイティブ・コモンズ 表示（CC BY）"}}, {"type": "Feature", "geometry": {"type": "Point", "coordinates": [139.655212, 35.732212]}, "properties": {"name": "子ども交流食堂たまっこ", "address": "東京都練馬区豊玉中3-3-12", "municipality": "練馬区", "needs": [], "frequency": "1", "url": "https://www.foryou.or.jp/corp2/toyotama/", "lgCode": "131202", "source": "練馬区", "license": "クリエイティブ・コモンズ 表示（CC BY）"}}, {"type": "Feature", "geometry": {"type": "Point", "coordinates": [139.668793, 35.734505]}, "properties": {"name": "桜台子育て応援食堂", "address": "東京都練馬区豊玉北１-12-３", "municipality": "練馬区", "needs": [], "frequency": "2", "url": "http://kodomoshokudo.com　https://cfs.tokyo", "lgCode": "131202", "source": "練馬区", "license": "クリエイティブ・コモンズ 表示（CC BY）"}}, {"type": "Feature", "geometry": {"type": "Point", "coordinates": [139.608002, 35.742867]}, "properties": {"name": "石神井ゆうやけ子ども食堂", "address": "東京都練馬区石神井町1-24-6原田ビル3階", "municipality": "練馬区", "needs": [], "frequency": "2", "url": "http://nayutaflat3.blogspot.com/", "lgCode": "131202", "source": "練馬区", "license": "クリエイティブ・コモンズ 表示（CC BY）"}}, {"type": "Feature", "geometry": {"type": "Point", "coordinates": [139.593582, 35.751606]}, "properties": {"name": "太陽の子東大泉保育園こども食堂", "address": "東京都練馬区東大泉2-9-16", "municipality": "練馬区", "needs": [], "frequency": "1", "url": "https://www.kidslifenursery.com/base/nerima/higashioizumi/", "lgCode": "131202", "source": "練馬区", "license": "クリエイティブ・コモンズ 表示（CC BY）"}}, {"type": "Feature", "geometry": {"type": "Point", "coordinates": [139.633133, 35.751556]}, "properties": {"name": "てへっ！こども食堂", "address": "東京都練馬区高松4-1-28むつみ荘", "municipality": "練馬区", "needs": [], "frequency": "2", "url": "https://twitter.com/nerima_tehe ", "lgCode": "131202", "source": "練馬区", "license": "クリエイティブ・コモンズ 表示（CC BY）"}}, {"type": "Feature", "geometry": {"type": "Point", "coordinates": [139.614105, 35.7626]}, "properties": {"name": "どんぐりの家こども食堂", "address": "東京都練馬区土支田2-22-15", "municipality": "練馬区", "needs": [], "frequency": "2", "url": "https://www.facebook.com/dongurinoie.doshida/", "lgCode": "131202", "source": "練馬区", "license": "クリエイティブ・コモンズ 表示（CC BY）"}}, {"type": "Feature", "geometry": {"type": "Point", "coordinates": [139.624619, 35.748974]}, "properties": {"name": "ねりまこども食堂", "address": "東京都練馬区谷原1-3-7", "municipality": "練馬区", "needs": [], "frequency": "2", "url": "http://nerima-kodomo.net", "lgCode": "131202", "source": "練馬区", "license": "クリエイティブ・コモンズ 表示（CC BY）"}}, {"type": "Feature", "geometry": {"type": "Point", "coordinates": [139.650223, 35.740055]}, "properties": {"name": "練馬地域ふれあい食堂", "address": "東京都練馬区練馬4-2-3", "municipality": "練馬区", "needs": [], "frequency": "1", "url": "", "lgCode": "131202", "source": "練馬区", "license": "クリエイティブ・コモンズ 表示（CC BY）"}}, {"type": "Feature", "geometry": {"type": "Point", "coordinates": [139.592773, 35.748013]}, "properties": {"name": "ハッピーお茶家ころころ", "address": "東京都練馬区東大泉1-15-10", "municipality": "練馬区", "needs": [], "frequency": "3", "url": "https://happyhiroba.wixsite.com/mysite", "lgCode": "131202", "source": "練馬区", "license": "クリエイティブ・コモンズ 表示（CC BY）"}}, {"type": "Feature", "geometry": {"type": "Point", "coordinates": [139.625824, 35.757977]}, "properties": {"name": "光が丘サンサン食堂", "address": "東京都練馬区光が丘3-9-3-206南外階段2F", "municipality": "練馬区", "needs": [], "frequency": "1", "url": "https://www.instagram.com/sunsunkodomosyokudo", "lgCode": "131202", "source": "練馬区", "license": "クリエイティブ・コモンズ 表示（CC BY）"}}, {"type": "Feature", "geometry": {"type": "Point", "coordinates": [139.644501, 35.739269]}, "properties": {"name": "ふろしきこども食堂", "address": "東京都練馬区向山2-3-7", "municipality": "練馬区", "needs": [], "frequency": "1", "url": "", "lgCode": "131202", "source": "練馬区", "license": "クリエイティブ・コモンズ 表示（CC BY）"}}, {"type": "Feature", "geometry": {"type": "Point", "coordinates": [139.631653, 35.763229]}, "properties": {"name": "みんなン家", "address": "東京都練馬区光が丘２-４-10　※開催場所と事務局の場所が異なりますので、郵送等を検討される場合はまず問い合わせ先までご連絡ください。", "municipality": "練馬区", "needs": [], "frequency": "1", "url": "", "lgCode": "131202", "source": "練馬区", "license": "クリエイティブ・コモンズ 表示（CC BY）"}}, {"type": "Feature", "geometry": {"type": "Point", "coordinates": [139.606415, 35.740135]}, "properties": {"name": "みんなの食堂すまいる", "address": "東京都練馬区石神井町3-2-8レイクサイド石神井公園1F ", "municipality": "練馬区", "needs": [], "frequency": "1", "url": "", "lgCode": "131202", "source": "練馬区", "license": "クリエイティブ・コモンズ 表示（CC BY）"}}, {"type": "Feature", "geometry": {"type": "Point", "coordinates": [139.624847, 35.765297]}, "properties": {"name": "らくぜん子ども食堂", "address": "東京都練馬区旭町1-31-4", "municipality": "練馬区", "needs": [], "frequency": "1", "url": "http://www.rakuzenkurabu.jp", "lgCode": "131202", "source": "練馬区", "license": "クリエイティブ・コモンズ 表示（CC BY）"}}, {"type": "Feature", "geometry": {"type": "Point", "coordinates": [139.673004, 35.735977]}, "properties": {"name": "ぼっとうよはくラボのこどもとおとな食堂", "address": "東京都練馬区旭丘1-65-18旭丘ダイヤモンドビル202", "municipality": "練馬区", "needs": [], "frequency": "1", "url": "https://labo.bottou489.com/", "lgCode": "131202", "source": "練馬区", "license": "クリエイティブ・コモンズ 表示（CC BY）"}}, {"type": "Feature", "geometry": {"type": "Point", "coordinates": [139.607437, 35.761738]}, "properties": {"name": "長さんこども食堂", "address": "東京都練馬区大泉町2-54-9", "municipality": "練馬区", "needs": [], "frequency": "1", "url": "", "lgCode": "131202", "source": "練馬区", "license": "クリエイティブ・コモンズ 表示（CC BY）"}}, {"type": "Feature", "geometry": {"type": "Point", "coordinates": [139.628525, 35.776901]}, "properties": {"name": "旭町こども食堂ニコ", "address": "東京都練馬区旭町 3-26-7柴崎ビル1階 ", "municipality": "練馬区", "needs": [], "frequency": "1", "url": "https://twitter.com/nikokids2022", "lgCode": "131202", "source": "練馬区", "license": "クリエイティブ・コモンズ 表示（CC BY）"}}, {"type": "Feature", "geometry": {"type": "Point", "coordinates": [139.647797, 35.732155]}, "properties": {"name": "こども食堂バァバんち", "address": "東京都練馬区中村１-8-2-7", "municipality": "練馬区", "needs": [], "frequency": "8", "url": "https://www.wixwp.net", "lgCode": "131202", "source": "練馬区", "license": "クリエイティブ・コモンズ 表示（CC BY）"}}, {"type": "Feature", "geometry": {"type": "Point", "coordinates": [139.647491, 35.742386]}, "properties": {"name": "こども食堂ぽてと", "address": "東京都練馬区練馬4-10-14総建メゾン三幸102", "municipality": "練馬区", "needs": [], "frequency": "1", "url": "https://www.potato.or.jp", "lgCode": "131202", "source": "練馬区", "license": "クリエイティブ・コモンズ 表示（CC BY）"}}, {"type": "Feature", "geometry": {"type": "Point", "coordinates": [139.607727, 35.761559]}, "properties": {"name": "みさよ子ども食堂", "address": "東京都練馬区土支田3-27-27", "municipality": "練馬区", "needs": [], "frequency": "1", "url": "", "lgCode": "131202", "source": "練馬区", "license": "クリエイティブ・コモンズ 表示（CC BY）"}}, {"type": "Feature", "geometry": {"type": "Point", "coordinates": [139.678192, 35.734161]}, "properties": {"name": "ＳＯＭＰＯ流こども食堂そんぽの家Ｓ江古田", "address": "東京都練馬区旭丘2-5-2", "municipality": "練馬区", "needs": [], "frequency": "1", "url": "https://www.sompocare.com/service/home/satsuki/H000355", "lgCode": "131202", "source": "練馬区", "license": "クリエイティブ・コモンズ 表示（CC BY）"}}, {"type": "Feature", "geometry": {"type": "Point", "coordinates": [139.597778, 35.75819]}, "properties": {"name": "ＳＯＭＰＯ流こども食堂そんぽの家Ｓ大泉北", "address": "東京都練馬区大泉町5-2-5", "municipality": "練馬区", "needs": [], "frequency": "1", "url": "https://www.sompocare.com/service/home/satsuki/H000366", "lgCode": "131202", "source": "練馬区", "license": "クリエイティブ・コモンズ 表示（CC BY）"}}, {"type": "Feature", "geometry": {"type": "Point", "coordinates": [139.595245, 35.726555]}, "properties": {"name": "ＳＯＭＰＯ流こども食堂そんぽの家Ｓ上石神井", "address": "東京都練馬区上石神井2-22-27", "municipality": "練馬区", "needs": [], "frequency": "1", "url": "https://www.sompocare.com/service/home/satsuki/H000409", "lgCode": "131202", "source": "練馬区", "license": "クリエイティブ・コモンズ 表示（CC BY）"}}, {"type": "Feature", "geometry": {"type": "Point", "coordinates": [139.656815, 35.756805]}, "properties": {"name": "ＳＯＭＰＯ流こども食堂そんぽの家Ｓ平和台", "address": "東京都練馬区平和台4-9-14", "municipality": "練馬区", "needs": [], "frequency": "1", "url": "https://www.sompocare.com/service/home/satsuki/H000419", "lgCode": "131202", "source": "練馬区", "license": "クリエイティブ・コモンズ 表示（CC BY）"}}, {"type": "Feature", "geometry": {"type": "Point", "coordinates": [139.614182, 35.761574]}, "properties": {"name": "ＳＯＭＰＯ流こども食堂そんぽの家S練馬土支田", "address": "東京都練馬区土支田2-21-3", "municipality": "練馬区", "needs": [], "frequency": "1", "url": "https://www.sompocare.com/service/hom/satsuki/H000305", "lgCode": "131202", "source": "練馬区", "license": "クリエイティブ・コモンズ 表示（CC BY）"}}, {"type": "Feature", "geometry": {"type": "Point", "coordinates": [139.605255, 35.748508]}, "properties": {"name": "ＳＯＭＰＯ流こども食堂そんぽの家石神井公園", "address": "東京都練馬区石神井町2-34-14", "municipality": "練馬区", "needs": [], "frequency": "1", "url": "https://www.sompocare.com/service/home/kaigo/H000259", "lgCode": "131202", "source": "練馬区", "license": "クリエイティブ・コモンズ 表示（CC BY）"}}, {"type": "Feature", "geometry": {"type": "Point", "coordinates": [139.619583, 35.7644]}, "properties": {"name": "ＳＯＭＰＯ流こども食堂そんぽの家光が丘", "address": "東京都練馬区土支田1-15-16", "municipality": "練馬区", "needs": [], "frequency": "1", "url": "https://www.sompocare.com/service/home/kaigo/H000162", "lgCode": "131202", "source": "練馬区", "license": "クリエイティブ・コモンズ 表示（CC BY）"}}, {"type": "Feature", "geometry": {"type": "Point", "coordinates": [139.671265, 35.751732]}, "properties": {"name": "ＳＯＭＰＯ流こども食堂そんぽの家氷川台", "address": "東京都練馬区氷川台3-2-6", "municipality": "練馬区", "needs": [], "frequency": "1", "url": "https://www.sompocare.com/service/home/kaigo/H000246", "lgCode": "131202", "source": "練馬区", "license": "クリエイティブ・コモンズ 表示（CC BY）"}}, {"type": "Feature", "geometry": {"type": "Point", "coordinates": [139.665405, 35.743]}, "properties": {"name": "ＳＯＭＰＯ流こども食堂そんぽの家GH桜台", "address": "東京都練馬区桜台2-29-11", "municipality": "練馬区", "needs": [], "frequency": "1", "url": "https://www.sompocare.com/service/home/grouphome/Z000071", "lgCode": "131202", "source": "練馬区", "license": "クリエイティブ・コモンズ 表示（CC BY）"}}, {"type": "Feature", "geometry": {"type": "Point", "coordinates": [139.638351, 35.730396]}, "properties": {"name": "ＳＯＭＰＯ流こども食堂ラヴィーレ鷺ノ宮", "address": "東京都練馬区中村南3-23-11", "municipality": "練馬区", "needs": [], "frequency": "1", "url": "https://www.sompocare.com/service/home/kaigo/H000040", "lgCode": "131202", "source": "練馬区", "license": "クリエイティブ・コモンズ 表示（CC BY）"}}, {"type": "Feature", "geometry": {"type": "Point", "coordinates": [139.65773, 35.730892]}, "properties": {"name": "ＳＯＭＰＯ流こども食堂ラヴィーレ練馬", "address": "東京都練馬区豊玉中2-27-10", "municipality": "練馬区", "needs": [], "frequency": "1", "url": "https://www.sompocare.com/service/home/kaigo/H000086", "lgCode": "131202", "source": "練馬区", "license": "クリエイティブ・コモンズ 表示（CC BY）"}}, {"type": "Feature", "geometry": {"type": "Point", "coordinates": [139.570892, 35.736584]}, "properties": {"name": "ＳＯＭＰＯ流こども食堂ラヴィーレ南大泉", "address": "東京都練馬区南大泉2-1-28", "municipality": "練馬区", "needs": [], "frequency": "1", "url": "https://www.sompocare.com/service/home/kaigo/H000081", "lgCode": "131202", "source": "練馬区", "license": "クリエイティブ・コモンズ 表示（CC BY）"}}, {"type": "Feature", "geometry": {"type": "Point", "coordinates": [139.628738, 35.745956]}, "properties": {"name": "ＳＯＭＰＯ流こども食堂そんぽの家練馬", "address": "東京都練馬区高松3-1-18", "municipality": "練馬区", "needs": [], "frequency": "1", "url": "https://www.sompocare.com/service/home/kaigo/H000458", "lgCode": "131202", "source": "練馬区", "license": "クリエイティブ・コモンズ 表示（CC BY）"}}, {"type": "Feature", "geometry": {"type": "Point", "coordinates": [139.591095, 35.742104]}, "properties": {"name": "石神井台かめさん食堂", "address": "東京都練馬区石神井台3-20-9メゾン・ド・クレイン103 ", "municipality": "練馬区", "needs": [], "frequency": "4", "url": "https://www.instagram.com/kamesan_shokudo/", "lgCode": "131202", "source": "練馬区", "license": "クリエイティブ・コモンズ 表示（CC BY）"}}, {"type": "Feature", "geometry": {"type": "Point", "coordinates": [139.670135, 35.742733]}, "properties": {"name": "子ども未来食堂", "address": "東京都練馬区羽沢2-5-3", "municipality": "練馬区", "needs": [], "frequency": "1", "url": "https://kodomomirai.tokyo", "lgCode": "131202", "source": "練馬区", "license": "クリエイティブ・コモンズ 表示（CC BY）"}}, {"type": "Feature", "geometry": {"type": "Point", "coordinates": [139.624039, 35.763611]}, "properties": {"name": "ねりたか子ども食堂", "address": "東京都練馬区旭町1-12-31", "municipality": "練馬区", "needs": [], "frequency": "1", "url": "", "lgCode": "131202", "source": "練馬区", "license": "クリエイティブ・コモンズ 表示（CC BY）"}}, {"type": "Feature", "geometry": {"type": "Point", "coordinates": [139.572403, 35.729553]}, "properties": {"name": "子ども食堂みんないっしょ！", "address": "東京都練馬区関町北4丁目", "municipality": "練馬区", "needs": [], "frequency": "1", "url": "", "lgCode": "131202", "source": "練馬区", "license": "クリエイティブ・コモンズ 表示（CC BY）"}}, {"type": "Feature", "geometry": {"type": "Point", "coordinates": [139.574173, 35.76474]}, "properties": {"name": "こども食堂in西大泉", "address": "東京都練馬区西大泉4-20-17", "municipality": "練馬区", "needs": [], "frequency": "1", "url": "https://www.instagram.com/KODOMO.OOIZUMI/", "lgCode": "131202", "source": "練馬区", "license": "クリエイティブ・コモンズ 表示（CC BY）"}}, {"type": "Feature", "geometry": {"type": "Point", "coordinates": [139.572571, 35.729549]}, "properties": {"name": "こども食堂ゆとろぎ-焼きリンゴ-", "address": "東京都練馬区関町北4-21-61", "municipality": "練馬区", "needs": [], "frequency": "1", "url": "", "lgCode": "131202", "source": "練馬区", "license": "クリエイティブ・コモンズ 表示（CC BY）"}}, {"type": "Feature", "geometry": {"type": "Point", "coordinates": [139.626999, 35.770611]}, "properties": {"name": "あさひちょうこども食堂", "address": "東京都練馬区旭町2-14-18", "municipality": "練馬区", "needs": [], "frequency": "", "url": "https://www.instagram.com/hikarigaoka2020/", "lgCode": "131202", "source": "練馬区", "license": "クリエイティブ・コモンズ 表示（CC BY）"}}, {"type": "Feature", "geometry": {"type": "Point", "coordinates": [139.657166, 35.759335]}, "properties": {"name": "はなことば練馬平和台", "address": "東京都練馬区平和台4-20-3", "municipality": "練馬区", "needs": [], "frequency": "1", "url": "https://hanakotoba.co.jp/", "lgCode": "131202", "source": "練馬区", "license": "クリエイティブ・コモンズ 表示（CC BY）"}}, {"type": "Feature", "geometry": {"type": "Point", "coordinates": [139.617767, 35.766136]}, "properties": {"name": "第3育秀苑こども食堂", "address": "東京都練馬区土支田1-31-5", "municipality": "練馬区", "needs": [], "frequency": "1", "url": "https://www.ikushukai.or.jp", "lgCode": "131202", "source": "練馬区", "license": "クリエイティブ・コモンズ 表示（CC BY）"}}, {"type": "Feature", "geometry": {"type": "Point", "coordinates": [139.591873, 35.727165]}, "properties": {"name": "オトトイロのこども食堂", "address": "東京都練馬区上石神井2-26-9", "municipality": "練馬区", "needs": [], "frequency": "3", "url": "https://ototoilo.com/", "lgCode": "131202", "source": "練馬区", "license": "クリエイティブ・コモンズ 表示（CC BY）"}}, {"type": "Feature", "geometry": {"type": "Point", "coordinates": [139.605865, 35.745705]}, "properties": {"name": "石神井だれでも食堂", "address": "東京都練馬区石神井町2-15-15", "municipality": "練馬区", "needs": [], "frequency": "4", "url": "https://www.wakaneri.org/", "lgCode": "131202", "source": "練馬区", "license": "クリエイティブ・コモンズ 表示（CC BY）"}}, {"type": "Feature", "geometry": {"type": "Point", "coordinates": [139.605515, 35.72905]}, "properties": {"name": "ありんこ食堂", "address": "東京都練馬区下石神井2-36-24", "municipality": "練馬区", "needs": [], "frequency": "1", "url": "https://www.instagram.com/arinco_gohan00", "lgCode": "131202", "source": "練馬区", "license": "クリエイティブ・コモンズ 表示（CC BY）"}}, {"type": "Feature", "geometry": {"type": "Point", "coordinates": [139.625732, 35.761833]}, "properties": {"name": "にじまちキッチン", "address": "東京都練馬区光が丘5-6-1光が丘パークタウン公園南団地管理サービス事務所内", "municipality": "練馬区", "needs": [], "frequency": "2", "url": "https://www.instagram.com/nijimachi.place/", "lgCode": "131202", "source": "練馬区", "license": "クリエイティブ・コモンズ 表示（CC BY）"}}, {"type": "Feature", "geometry": {"type": "Point", "coordinates": [139.662811, 35.743015]}, "properties": {"name": "じょうさいのこども食堂", "address": "東京都練馬区桜台2-46-11", "municipality": "練馬区", "needs": [], "frequency": "2", "url": "https://jyousaisakuradai17.wixsite.com/shokudo/josai", "lgCode": "131202", "source": "練馬区", "license": "クリエイティブ・コモンズ 表示（CC BY）"}}, {"type": "Feature", "geometry": {"type": "Point", "coordinates": [139.663269, 35.74353]}, "properties": {"name": "やよいのこども食堂", "address": "東京都練馬区桜台2-36-9", "municipality": "練馬区", "needs": [], "frequency": "2", "url": "https://jyousaisakuradai17.wixsite.com/shokudo/yayoi", "lgCode": "131202", "source": "練馬区", "license": "クリエイティブ・コモンズ 表示（CC BY）"}}, {"type": "Feature", "geometry": {"type": "Point", "coordinates": [139.637207, 35.751316]}, "properties": {"name": "子ども食堂おひさま", "address": "東京都練馬区春日町5-33-29", "municipality": "練馬区", "needs": [], "frequency": "2", "url": "", "lgCode": "131202", "source": "練馬区", "license": "クリエイティブ・コモンズ 表示（CC BY）"}}, {"type": "Feature", "geometry": {"type": "Point", "coordinates": [139.639633, 35.756996]}, "properties": {"name": "子ども食堂ビューティーシニアS'", "address": "東京都練馬区春日町4-35-24片山様方", "municipality": "練馬区", "needs": [], "frequency": "1", "url": "", "lgCode": "131202", "source": "練馬区", "license": "クリエイティブ・コモンズ 表示（CC BY）"}}, {"type": "Feature", "geometry": {"type": "Point", "coordinates": [139.586487, 35.738754]}, "properties": {"name": "こども食堂ひだまり", "address": "東京都練馬区石神井台6-1-11", "municipality": "練馬区", "needs": [], "frequency": "1", "url": "https://www.instagram.com/kodomosyokudouhidamari/", "lgCode": "131202", "source": "練馬区", "license": "クリエイティブ・コモンズ 表示（CC BY）"}}, {"type": "Feature", "geometry": {"type": "Point", "coordinates": [139.645416, 35.762867]}, "properties": {"name": "こども食堂とフードパントリーのスダチ", "address": "東京都練馬区田柄2-5-26", "municipality": "練馬区", "needs": [], "frequency": "1", "url": "https://sites.google.com/view/foodpantrysudachi", "lgCode": "131202", "source": "練馬区", "license": "クリエイティブ・コモンズ 表示（CC BY）"}}, {"type": "Feature", "geometry": {"type": "Point", "coordinates": [139.672073, 35.737034]}, "properties": {"name": "江古田駅前こども食堂", "address": "東京都練馬区栄町4-1お志ど里ビル2階", "municipality": "練馬区", "needs": [], "frequency": "2", "url": "", "lgCode": "131202", "source": "練馬区", "license": "クリエイティブ・コモンズ 表示（CC BY）"}}, {"type": "Feature", "geometry": {"type": "Point", "coordinates": [139.697128, 35.735428]}, "properties": {"name": "要町あさやけ子ども食堂", "address": "豊島区要町1-39-4", "municipality": "豊島区", "needs": [], "frequency": "4", "url": "", "lgCode": "131164", "source": "豊島区", "license": "クリエイティブ・コモンズ 表示（CC BY）"}}, {"type": "Feature", "geometry": {"type": "Point", "coordinates": [139.717926, 35.73872]}, "properties": {"name": "たらふく子ども食堂", "address": "豊島区上池袋3-10-3", "municipality": "豊島区", "needs": [], "frequency": "5", "url": "", "lgCode": "131164", "source": "豊島区", "license": "クリエイティブ・コモンズ 表示（CC BY）"}}, {"type": "Feature", "geometry": {"type": "Point", "coordinates": [139.722061, 35.733624]}, "properties": {"name": "里葉こども食堂", "address": "豊島区北大塚3-7-1", "municipality": "豊島区", "needs": [], "frequency": "5", "url": "", "lgCode": "131164", "source": "豊島区", "license": "クリエイティブ・コモンズ 表示（CC BY）"}}, {"type": "Feature", "geometry": {"type": "Point", "coordinates": [139.726761, 35.735245]}, "properties": {"name": "北大塚こども食堂・友", "address": "豊島区北大塚3-34-7", "municipality": "豊島区", "needs": [], "frequency": "5", "url": "", "lgCode": "131164", "source": "豊島区", "license": "クリエイティブ・コモンズ 表示（CC BY）"}}, {"type": "Feature", "geometry": {"type": "Point", "coordinates": [139.728088, 35.732582]}, "properties": {"name": "OOC子ども食堂", "address": "豊島区北大塚2-12-2", "municipality": "豊島区", "needs": [], "frequency": "1", "url": "", "lgCode": "131164", "source": "豊島区", "license": "クリエイティブ・コモンズ 表示（CC BY）"}}, {"type": "Feature", "geometry": {"type": "Point", "coordinates": [139.710678, 35.715916]}, "properties": {"name": "ちとっこテラス", "address": "豊島区高田3-37-17", "municipality": "豊島区", "needs": ["学習支援"], "frequency": "4", "url": "", "lgCode": "131164", "source": "豊島区", "license": "クリエイティブ・コモンズ 表示（CC BY）"}}, {"type": "Feature", "geometry": {"type": "Point", "coordinates": [139.719208, 35.713242]}, "properties": {"name": "はなぶさ子ども・だれでも食堂", "address": "豊島区高田1-11-1", "municipality": "豊島区", "needs": [], "frequency": "4", "url": "", "lgCode": "131164", "source": "豊島区", "license": "クリエイティブ・コモンズ 表示（CC BY）"}}, {"type": "Feature", "geometry": {"type": "Point", "coordinates": [139.71666, 35.726112]}, "properties": {"name": "フロンティア紡ぐ子ども食堂", "address": "豊島区2-63-4", "municipality": "豊島区", "needs": [], "frequency": "5", "url": "", "lgCode": "131164", "source": "豊島区", "license": "クリエイティブ・コモンズ 表示（CC BY）"}}, {"type": "Feature", "geometry": {"type": "Point", "coordinates": [139.709351, 35.730228]}, "properties": {"name": "ニシイケ食堂", "address": "豊島区西池袋周辺", "municipality": "豊島区", "needs": [], "frequency": "4", "url": "", "lgCode": "131164", "source": "豊島区", "license": "クリエイティブ・コモンズ 表示（CC BY）"}}, {"type": "Feature", "geometry": {"type": "Point", "coordinates": [139.69725, 35.729256]}, "properties": {"name": "Patrick's Friends & Home子ども食堂", "address": "豊島区長崎1-28-22", "municipality": "豊島区", "needs": [], "frequency": "5", "url": "", "lgCode": "131164", "source": "豊島区", "license": "クリエイティブ・コモンズ 表示（CC BY）"}}, {"type": "Feature", "geometry": {"type": "Point", "coordinates": [139.714279, 35.733334]}, "properties": {"name": "みんなのふくろう食堂", "address": "豊島区東池袋1-44-3", "municipality": "豊島区", "needs": [], "frequency": "5", "url": "", "lgCode": "131164", "source": "豊島区", "license": "クリエイティブ・コモンズ 表示（CC BY）"}}, {"type": "Feature", "geometry": {"type": "Point", "coordinates": [139.707306, 35.736408]}, "properties": {"name": "TWO FINGERS子ども食堂", "address": "豊島区池袋3-54-2", "municipality": "豊島区", "needs": [], "frequency": "3", "url": "", "lgCode": "131164", "source": "豊島区", "license": "クリエイティブ・コモンズ 表示（CC BY）"}}, {"type": "Feature", "geometry": {"type": "Point", "coordinates": [139.719528, 35.737659]}, "properties": {"name": "かみいけ子ども食堂", "address": "豊島区上池袋3-1-10", "municipality": "豊島区", "needs": [], "frequency": "5", "url": "", "lgCode": "131164", "source": "豊島区", "license": "クリエイティブ・コモンズ 表示（CC BY）"}}, {"type": "Feature", "geometry": {"type": "Point", "coordinates": [139.786606, 35.729622]}, "properties": {"name": "東日暮里子ども食堂", "address": "荒川区東日暮里2-5-11", "municipality": "荒川区", "needs": [], "frequency": "4", "url": "", "lgCode": "131181", "source": "荒川区", "license": "クリエイティブ・コモンズ 表示（CC BY）"}}, {"type": "Feature", "geometry": {"type": "Point", "coordinates": [139.758499, 35.745491]}, "properties": {"name": "子ども食堂ふらっと♭", "address": "荒川区西尾久4-28-8", "municipality": "荒川区", "needs": [], "frequency": "4", "url": "", "lgCode": "131181", "source": "荒川区", "license": "クリエイティブ・コモンズ 表示（CC BY）"}}, {"type": "Feature", "geometry": {"type": "Point", "coordinates": [139.771179, 35.737507]}, "properties": {"name": "タヴェルナ～小さな食堂～", "address": "荒川区西日暮里6-15-11", "municipality": "荒川区", "needs": [], "frequency": "5", "url": "", "lgCode": "131181", "source": "荒川区", "license": "クリエイティブ・コモンズ 表示（CC BY）"}}, {"type": "Feature", "geometry": {"type": "Point", "coordinates": [139.781342, 35.737194]}, "properties": {"name": "こがちゃん食堂", "address": "荒川区荒川4-23-12", "municipality": "荒川区", "needs": [], "frequency": "4", "url": "", "lgCode": "131181", "source": "荒川区", "license": "クリエイティブ・コモンズ 表示（CC BY）"}}, {"type": "Feature", "geometry": {"type": "Point", "coordinates": [139.837708, 35.696728]}, "properties": {"name": "江東中学生勉強会", "address": "東京都江東区亀戸7-41-16", "municipality": "江東区", "needs": [], "frequency": "", "url": "", "lgCode": "131083", "source": "江東区", "license": "クリエイティブ・コモンズ 表示（CC BY）"}}, {"type": "Feature", "geometry": {"type": "Point", "coordinates": [139.840271, 35.671444]}, "properties": {"name": "すなまちよっちゃん家こども食堂", "address": "東京都江東区東砂7-9-13", "municipality": "江東区", "needs": [], "frequency": "", "url": "http://www.facebook.com/sunamachikodomo/", "lgCode": "131083", "source": "江東区", "license": "クリエイティブ・コモンズ 表示（CC BY）"}}, {"type": "Feature", "geometry": {"type": "Point", "coordinates": [139.802155, 35.685516]}, "properties": {"name": "たかもり食堂", "address": "東京都江東区森下3-12-17", "municipality": "江東区", "needs": [], "frequency": "", "url": "https://www.facebook.com/106843082108061/", "lgCode": "131083", "source": "江東区", "license": "クリエイティブ・コモンズ 表示（CC BY）"}}, {"type": "Feature", "geometry": {"type": "Point", "coordinates": [139.79129, 35.676689]}, "properties": {"name": "佐賀町パパスこども食堂", "address": "東京都江東区佐賀1-16-6", "municipality": "江東区", "needs": [], "frequency": "", "url": "http://sagacho-papas.com", "lgCode": "131083", "source": "江東区", "license": "クリエイティブ・コモンズ 表示（CC BY）"}}, {"type": "Feature", "geometry": {"type": "Point", "coordinates": [139.795197, 35.673225]}, "properties": {"name": "チア食堂すた～でぃあむ☆", "address": "東京都江東区門前仲町1-13-12", "municipality": "江東区", "needs": [], "frequency": "", "url": "https://stardium.jp", "lgCode": "131083", "source": "江東区", "license": "クリエイティブ・コモンズ 表示（CC BY）"}}, {"type": "Feature", "geometry": {"type": "Point", "coordinates": [139.831345, 35.688026]}, "properties": {"name": "すずね食堂", "address": "東京都江東区大島4-16-7", "municipality": "江東区", "needs": [], "frequency": "", "url": "", "lgCode": "131083", "source": "江東区", "license": "クリエイティブ・コモンズ 表示（CC BY）"}}, {"type": "Feature", "geometry": {"type": "Point", "coordinates": [139.820267, 35.683983]}, "properties": {"name": "子ども食堂りとるふぉれすと", "address": "東京都江東区扇橋3-22-2", "municipality": "江東区", "needs": [], "frequency": "", "url": "https://littleforest.my.canva.site/", "lgCode": "131083", "source": "江東区", "license": "クリエイティブ・コモンズ 表示（CC BY）"}}, {"type": "Feature", "geometry": {"type": "Point", "coordinates": [139.833298, 35.676666]}, "properties": {"name": "ぐっち子ども食堂", "address": "東京都江東区北砂4-34-2", "municipality": "江東区", "needs": [], "frequency": "", "url": "https://www.facebook.com/gucchikodomo", "lgCode": "131083", "source": "江東区", "license": "クリエイティブ・コモンズ 表示（CC BY）"}}, {"type": "Feature", "geometry": {"type": "Point", "coordinates": [139.798203, 35.686169]}, "properties": {"name": "いちばん星子ども食堂", "address": "東京都江東区森下1-5-12", "municipality": "江東区", "needs": [], "frequency": "", "url": "https://www.instagram.com/polaris_kodama", "lgCode": "131083", "source": "江東区", "license": "クリエイティブ・コモンズ 表示（CC BY）"}}, {"type": "Feature", "geometry": {"type": "Point", "coordinates": [139.813644, 35.687611]}, "properties": {"name": "ウスクラこども食堂", "address": "東京都江東区住吉1ｰ13ｰ12", "municipality": "江東区", "needs": [], "frequency": "", "url": "https://www.instagram.com/", "lgCode": "131083", "source": "江東区", "license": "クリエイティブ・コモンズ 表示（CC BY）"}}, {"type": "Feature", "geometry": {"type": "Point", "coordinates": [139.799911, 35.687874]}, "properties": {"name": "おひさまこども食堂", "address": "東京都江東区森下2ｰ14", "municipality": "江東区", "needs": [], "frequency": "", "url": "", "lgCode": "131083", "source": "江東区", "license": "クリエイティブ・コモンズ 表示（CC BY）"}}, {"type": "Feature", "geometry": {"type": "Point", "coordinates": [139.83168, 35.694225]}, "properties": {"name": "すとれいとぱぁそんず食堂", "address": "東京都江東区亀戸6ｰ48ｰ3", "municipality": "江東区", "needs": [], "frequency": "", "url": "https://straightpersons.jp", "lgCode": "131083", "source": "江東区", "license": "クリエイティブ・コモンズ 表示（CC BY）"}}, {"type": "Feature", "geometry": {"type": "Point", "coordinates": [139.831589, 35.698551]}, "properties": {"name": "のびっこ食堂", "address": "東京都江東区亀戸5ｰ38ｰ31", "municipality": "江東区", "needs": [], "frequency": "", "url": "https://www.facebook.com/kameidonokodomonoibasho/posts/", "lgCode": "131083", "source": "江東区", "license": "クリエイティブ・コモンズ 表示（CC BY）"}}, {"type": "Feature", "geometry": {"type": "Point", "coordinates": [139.806076, 35.671482]}, "properties": {"name": "ひかりの子食堂", "address": "東京都江東区木場2ｰ17ｰ9ｰ103", "municipality": "江東区", "needs": [], "frequency": "", "url": "https://www.instagram.com/hikarinoko_kiba", "lgCode": "131083", "source": "江東区", "license": "クリエイティブ・コモンズ 表示（CC BY）"}}, {"type": "Feature", "geometry": {"type": "Point", "coordinates": [139.801544, 35.659199]}, "properties": {"name": "キャナルタウンこども食堂", "address": "東京都江東区塩浜1ｰ5ｰ1", "municipality": "江東区", "needs": [], "frequency": "", "url": "https://www.instagram.com/canaltown2025/", "lgCode": "131083", "source": "江東区", "license": "クリエイティブ・コモンズ 表示（CC BY）"}}, {"type": "Feature", "geometry": {"type": "Point", "coordinates": [139.796249, 35.674786]}, "properties": {"name": "深川姉御家『健康&食育』こども食堂", "address": "東京都江東区深川2-6-2", "municipality": "江東区", "needs": [], "frequency": "", "url": "https://www.instagram.com/anegoyafukagawa", "lgCode": "131083", "source": "江東区", "license": "クリエイティブ・コモンズ 表示（CC BY）"}}, {"type": "Feature", "geometry": {"type": "Point", "coordinates": [139.823013, 35.671898]}, "properties": {"name": "M2カフェこども食堂", "address": "東京都江東区南砂2ｰ3ｰ4", "municipality": "江東区", "needs": [], "frequency": "", "url": "", "lgCode": "131083", "source": "江東区", "license": "クリエイティブ・コモンズ 表示（CC BY）"}}, {"type": "Feature", "geometry": {"type": "Point", "coordinates": [139.824799, 35.695362]}, "properties": {"name": "蝶素敵こども食堂", "address": "東京都江東区亀戸1ｰ33ｰ5", "municipality": "江東区", "needs": [], "frequency": "", "url": "", "lgCode": "131083", "source": "江東区", "license": "クリエイティブ・コモンズ 表示（CC BY）"}}, {"type": "Feature", "geometry": {"type": "Point", "coordinates": [139.828354, 35.696518]}, "properties": {"name": "プチかおる食堂", "address": "東京都江東区亀戸6ｰ31ｰ1", "municipality": "江東区", "needs": [], "frequency": "", "url": "", "lgCode": "131083", "source": "江東区", "license": "クリエイティブ・コモンズ 表示（CC BY）"}}, {"type": "Feature", "geometry": {"type": "Point", "coordinates": [139.801025, 35.667984]}, "properties": {"name": "ぼたんこども食堂", "address": "東京都江東区牡丹3-28-6", "municipality": "江東区", "needs": [], "frequency": "", "url": "https://ameblo.jp/botan-kodomosyokudou/", "lgCode": "131083", "source": "江東区", "license": "クリエイティブ・コモンズ 表示（CC BY）"}}, {"type": "Feature", "geometry": {"type": "Point", "coordinates": [139.790695, 35.63739]}, "properties": {"name": "無印良品東京有明こども食堂", "address": "東京都江東区有明2-1-7", "municipality": "江東区", "needs": [], "frequency": "", "url": "", "lgCode": "131083", "source": "江東区", "license": "クリエイティブ・コモンズ 表示（CC BY）"}}, {"type": "Feature", "geometry": {"type": "Point", "coordinates": [139.801498, 35.643654]}, "properties": {"name": "フローレンスの保育園こども食堂みんつく東雲", "address": "東京都江東区東雲2-1-22", "municipality": "江東区", "needs": [], "frequency": "", "url": "http://mirai.florence.or.jp/minnanomirai/shinonome/", "lgCode": "131083", "source": "江東区", "license": "クリエイティブ・コモンズ 表示（CC BY）"}}, {"type": "Feature", "geometry": {"type": "Point", "coordinates": [139.809937, 35.678112]}, "properties": {"name": "そんぽの家S木場公園ユニバーサル(地域共生)食堂", "address": "東京都江東区平野4ｰ10ｰ3", "municipality": "江東区", "needs": [], "frequency": "", "url": "", "lgCode": "131083", "source": "江東区", "license": "クリエイティブ・コモンズ 表示（CC BY）"}}, {"type": "Feature", "geometry": {"type": "Point", "coordinates": [139.818878, 35.672199]}, "properties": {"name": "東陽子ども食堂スマイル", "address": "東京都江東区東陽4ｰ11ｰ1", "municipality": "江東区", "needs": [], "frequency": "", "url": "", "lgCode": "131083", "source": "江東区", "license": "クリエイティブ・コモンズ 表示（CC BY）"}}, {"type": "Feature", "geometry": {"type": "Point", "coordinates": [139.823013, 35.671898]}, "properties": {"name": "ネコダ食堂", "address": "東京都江東区南砂2ｰ3ｰ1ｰ126", "municipality": "江東区", "needs": [], "frequency": "", "url": "", "lgCode": "131083", "source": "江東区", "license": "クリエイティブ・コモンズ 表示（CC BY）"}}, {"type": "Feature", "geometry": {"type": "Point", "coordinates": [139.216736, 35.764088]}, "properties": {"name": "大久野みつぼし食堂", "address": "東京都西多摩郡日の出町大久野1660-1", "municipality": "日の出町", "needs": [], "frequency": "", "url": "", "lgCode": "133051", "source": "日の出町", "license": "クリエイティブ・コモンズ 表示（CC BY）"}}, {"type": "Feature", "geometry": {"type": "Point", "coordinates": [139.537704, 35.726208]}, "properties": {"name": "わいわいクッキング", "address": "西東京市南町5-6-11", "municipality": "西東京市", "needs": [], "frequency": "5", "url": "", "lgCode": "132292", "source": "西東京市", "license": "クリエイティブ・コモンズ 表示（CC BY）"}}, {"type": "Feature", "geometry": {"type": "Point", "coordinates": [139.537048, 35.742188]}, "properties": {"name": "放課後キッチン・ごろごろ", "address": "西東京市緑町3-8", "municipality": "西東京市", "needs": [], "frequency": "1", "url": "", "lgCode": "132292", "source": "西東京市", "license": "クリエイティブ・コモンズ 表示（CC BY）"}}, {"type": "Feature", "geometry": {"type": "Point", "coordinates": [139.521423, 35.728203]}, "properties": {"name": "飯もり山", "address": "西東京市芝久保町3-11-3\r\n", "municipality": "西東京市", "needs": [], "frequency": "1", "url": "", "lgCode": "132292", "source": "西東京市", "license": "クリエイティブ・コモンズ 表示（CC BY）"}}, {"type": "Feature", "geometry": {"type": "Point", "coordinates": [139.554153, 35.724728]}, "properties": {"name": "やぎさわ子ども食堂", "address": "西東京市柳沢2-11-13", "municipality": "西東京市", "needs": [], "frequency": "5", "url": "", "lgCode": "132292", "source": "西東京市", "license": "クリエイティブ・コモンズ 表示（CC BY）"}}, {"type": "Feature", "geometry": {"type": "Point", "coordinates": [139.548676, 35.731529]}, "properties": {"name": "子ども食堂　おひさまキッチン", "address": "西東京市保谷町4-11-26", "municipality": "西東京市", "needs": [], "frequency": "1", "url": "", "lgCode": "132292", "source": "西東京市", "license": "クリエイティブ・コモンズ 表示（CC BY）"}}, {"type": "Feature", "geometry": {"type": "Point", "coordinates": [139.553375, 35.737301]}, "properties": {"name": "「木・々」　子ども食堂", "address": "西東京市保谷町6-25-1", "municipality": "西東京市", "needs": [], "frequency": "5", "url": "", "lgCode": "132292", "source": "西東京市", "license": "クリエイティブ・コモンズ 表示（CC BY）"}}, {"type": "Feature", "geometry": {"type": "Point", "coordinates": [139.53595, 35.737587]}, "properties": {"name": "こども食堂　陽気なキッチン　　", "address": "西東京市緑町2-1-8", "municipality": "西東京市", "needs": [], "frequency": "5", "url": "", "lgCode": "132292", "source": "西東京市", "license": "クリエイティブ・コモンズ 表示（CC BY）"}}, {"type": "Feature", "geometry": {"type": "Point", "coordinates": [139.544449, 35.753349]}, "properties": {"name": "浦野屋　やきとんてるてる　ひばりが丘店　子ども食堂", "address": "西東京市ひばりが丘北4-2-24", "municipality": "西東京市", "needs": [], "frequency": "5", "url": "", "lgCode": "132292", "source": "西東京市", "license": "クリエイティブ・コモンズ 表示（CC BY）"}}, {"type": "Feature", "geometry": {"type": "Point", "coordinates": [139.556595, 35.735443]}, "properties": {"name": "こども食堂　げんき", "address": "西東京市富士町1-1-1", "municipality": "西東京市", "needs": [], "frequency": "4", "url": "", "lgCode": "132292", "source": "西東京市", "license": "クリエイティブ・コモンズ 表示（CC BY）"}}, {"type": "Feature", "geometry": {"type": "Point", "coordinates": [139.551697, 35.7444]}, "properties": {"name": "こひつじ食堂", "address": "西東京市住吉町6-14-5", "municipality": "西東京市", "needs": [], "frequency": "5", "url": "", "lgCode": "132292", "source": "西東京市", "license": "クリエイティブ・コモンズ 表示（CC BY）"}}, {"type": "Feature", "geometry": {"type": "Point", "coordinates": [139.550186, 35.75304]}, "properties": {"name": "ＹＬこども食堂", "address": "西東京市ひばりが丘北1-7-14", "municipality": "西東京市", "needs": [], "frequency": "1", "url": "", "lgCode": "132292", "source": "西東京市", "license": "クリエイティブ・コモンズ 表示（CC BY）"}}, {"type": "Feature", "geometry": {"type": "Point", "coordinates": [139.545212, 35.753597]}, "properties": {"name": "こども食堂ジョイフル", "address": "西東京市ひばりが丘北4-3-13", "municipality": "西東京市", "needs": [], "frequency": "5", "url": "", "lgCode": "132292", "source": "西東京市", "license": "クリエイティブ・コモンズ 表示（CC BY）"}}, {"type": "Feature", "geometry": {"type": "Point", "coordinates": [139.558487, 35.722736]}, "properties": {"name": "こども（おとな）食堂プネウマ", "address": "西東京市東伏見5-9-6", "municipality": "西東京市", "needs": [], "frequency": "5", "url": "", "lgCode": "132292", "source": "西東京市", "license": "クリエイティブ・コモンズ 表示（CC BY）"}}, {"type": "Feature", "geometry": {"type": "Point", "coordinates": [139.55304, 35.74308]}, "properties": {"name": "こどもカフェ「とんのいえ」", "address": "西東京市泉町4-3-21", "municipality": "西東京市", "needs": [], "frequency": "5", "url": "", "lgCode": "132292", "source": "西東京市", "license": "クリエイティブ・コモンズ 表示（CC BY）"}}, {"type": "Feature", "geometry": {"type": "Point", "coordinates": [139.540222, 35.748394]}, "properties": {"name": "ひばりが丘スープキッチン", "address": "西東京市ひばりが丘2-12-16", "municipality": "西東京市", "needs": [], "frequency": "3", "url": "", "lgCode": "132292", "source": "西東京市", "license": "クリエイティブ・コモンズ 表示（CC BY）"}}, {"type": "Feature", "geometry": {"type": "Point", "coordinates": [139.539764, 35.720135]}, "properties": {"name": "こども・地域　あおぞら食堂", "address": "西東京市向台町2-16-22", "municipality": "西東京市", "needs": [], "frequency": "5", "url": "", "lgCode": "132292", "source": "西東京市", "license": "クリエイティブ・コモンズ 表示（CC BY）"}}, {"type": "Feature", "geometry": {"type": "Point", "coordinates": [139.560059, 35.75312]}, "properties": {"name": "SOMPO流の子ども食堂（そんぽの家S保谷北町）", "address": "西東京市北町6-1-28", "municipality": "西東京市", "needs": [], "frequency": "5", "url": "", "lgCode": "132292", "source": "西東京市", "license": "クリエイティブ・コモンズ 表示（CC BY）"}}, {"type": "Feature", "geometry": {"type": "Point", "coordinates": [139.565704, 35.747459]}, "properties": {"name": "SOMPO流の子ども食堂（そんぽの家S保谷駅前）", "address": "西東京市東町3-5-2", "municipality": "西東京市", "needs": [], "frequency": "5", "url": "", "lgCode": "132292", "source": "西東京市", "license": "クリエイティブ・コモンズ 表示（CC BY）"}}, {"type": "Feature", "geometry": {"type": "Point", "coordinates": [139.550903, 35.742592]}, "properties": {"name": "SOMPO流の子ども食堂（そんぽの家S西東京泉町）", "address": "西東京市泉町2-14-13", "municipality": "西東京市", "needs": [], "frequency": "5", "url": "", "lgCode": "132292", "source": "西東京市", "license": "クリエイティブ・コモンズ 表示（CC BY）"}}, {"type": "Feature", "geometry": {"type": "Point", "coordinates": [139.558487, 35.73724]}, "properties": {"name": "SOMPO流の子ども食堂（そんぽの家西東京）", "address": "西東京市中町6-5-12", "municipality": "西東京市", "needs": [], "frequency": "5", "url": "", "lgCode": "132292", "source": "西東京市", "license": "クリエイティブ・コモンズ 表示（CC BY）"}}, {"type": "Feature", "geometry": {"type": "Point", "coordinates": [139.534241, 35.7141]}, "properties": {"name": "SOMPO流の子ども食堂（そんぽの家S武蔵野）", "address": "西東京市新町5-14-14", "municipality": "西東京市", "needs": [], "frequency": "5", "url": "", "lgCode": "132292", "source": "西東京市", "license": "クリエイティブ・コモンズ 表示（CC BY）"}}, {"type": "Feature", "geometry": {"type": "Point", "coordinates": [139.553558, 35.720924]}, "properties": {"name": "SOMPO流の子ども食堂（そんぽの家柳沢）", "address": "西東京市柳沢3-5-27", "municipality": "西東京市", "needs": [], "frequency": "5", "url": "", "lgCode": "132292", "source": "西東京市", "license": "クリエイティブ・コモンズ 表示（CC BY）"}}, {"type": "Feature", "geometry": {"type": "Point", "coordinates": [139.561752, 35.723557]}, "properties": {"name": "SOMPO流の子ども食堂（そんぽの家S東伏見）", "address": "西東京市東伏見4-4-25", "municipality": "西東京市", "needs": [], "frequency": "5", "url": "", "lgCode": "132292", "source": "西東京市", "license": "クリエイティブ・コモンズ 表示（CC BY）"}}, {"type": "Feature", "geometry": {"type": "Point", "coordinates": [139.531189, 35.739792]}, "properties": {"name": "SOMPO流の子ども食堂（そんぽの家ひばりが丘）", "address": "西東京市西原町5-3-12", "municipality": "西東京市", "needs": [], "frequency": "5", "url": "", "lgCode": "132292", "source": "西東京市", "license": "クリエイティブ・コモンズ 表示（CC BY）"}}, {"type": "Feature", "geometry": {"type": "Point", "coordinates": [139.535812, 35.726063]}, "properties": {"name": "子ども食堂「ゆいな」", "address": "西東京市南町5-1-15", "municipality": "西東京市", "needs": [], "frequency": "5", "url": "", "lgCode": "132292", "source": "西東京市", "license": "クリエイティブ・コモンズ 表示（CC BY）"}}, {"type": "Feature", "geometry": {"type": "Point", "coordinates": [139.525513, 35.722473]}, "properties": {"name": "むさとく こども食堂", "address": "西東京市向台町6-14-2", "municipality": "西東京市", "needs": [], "frequency": "5", "url": "", "lgCode": "132292", "source": "西東京市", "license": "クリエイティブ・コモンズ 表示（CC BY）"}}, {"type": "Feature", "geometry": {"type": "Point", "coordinates": [139.442139, 35.653]}, "properties": {"name": "みんなの食堂・スプーン", "address": "東京都多摩市一ノ宮1-18-7", "municipality": "多摩市", "needs": [], "frequency": "6", "url": "", "lgCode": "132241", "source": "多摩市", "license": "クリエイティブ・コモンズ 表示（CC BY）"}}, {"type": "Feature", "geometry": {"type": "Point", "coordinates": [139.430405, 35.616463]}, "properties": {"name": "だれでも食堂", "address": "東京都多摩市落合3-17-1", "municipality": "多摩市", "needs": [], "frequency": "3", "url": "", "lgCode": "132241", "source": "多摩市", "license": "クリエイティブ・コモンズ 表示（CC BY）"}}, {"type": "Feature", "geometry": {"type": "Point", "coordinates": [139.437103, 35.6422]}, "properties": {"name": "わくわく子ども食堂", "address": "東京都多摩市東寺方626-2", "municipality": "多摩市", "needs": [], "frequency": "5", "url": "", "lgCode": "132241", "source": "多摩市", "license": "クリエイティブ・コモンズ 表示（CC BY）"}}, {"type": "Feature", "geometry": {"type": "Point", "coordinates": [139.456558, 35.62207]}, "properties": {"name": "ハーモニーカフェ", "address": "東京都多摩市諏訪4-2", "municipality": "多摩市", "needs": [], "frequency": "5", "url": "", "lgCode": "132241", "source": "多摩市", "license": "クリエイティブ・コモンズ 表示（CC BY）"}}, {"type": "Feature", "geometry": {"type": "Point", "coordinates": [139.457184, 35.630806]}, "properties": {"name": "子ども食堂　ほくの家", "address": "東京都多摩市聖ヶ丘2-22-3-1", "municipality": "多摩市", "needs": [], "frequency": "3", "url": "", "lgCode": "132241", "source": "多摩市", "license": "クリエイティブ・コモンズ 表示（CC BY）"}}, {"type": "Feature", "geometry": {"type": "Point", "coordinates": [139.435806, 35.634953]}, "properties": {"name": "愛宕だれでも食堂", "address": "東京都多摩市愛宕1-1-1", "municipality": "多摩市", "needs": [], "frequency": "3", "url": "", "lgCode": "132241", "source": "多摩市", "license": "クリエイティブ・コモンズ 表示（CC BY）"}}, {"type": "Feature", "geometry": {"type": "Point", "coordinates": [139.437851, 35.623344]}, "properties": {"name": "子ども食堂　きっちん空", "address": "東京都多摩市貝取1-47-9", "municipality": "多摩市", "needs": [], "frequency": "5", "url": "", "lgCode": "132241", "source": "多摩市", "license": "クリエイティブ・コモンズ 表示（CC BY）"}}, {"type": "Feature", "geometry": {"type": "Point", "coordinates": [139.443481, 35.650337]}, "properties": {"name": "ピンクララタマ子ども誰でも食堂", "address": "東京都多摩市一ノ宮3-5-24", "municipality": "多摩市", "needs": [], "frequency": "5", "url": "", "lgCode": "132241", "source": "多摩市", "license": "クリエイティブ・コモンズ 表示（CC BY）"}}, {"type": "Feature", "geometry": {"type": "Point", "coordinates": [139.442947, 35.631596]}, "properties": {"name": "亀ハウス", "address": "東京都多摩市永山1-17-11-Ｂ1", "municipality": "多摩市", "needs": [], "frequency": "3", "url": "", "lgCode": "132241", "source": "多摩市", "license": "クリエイティブ・コモンズ 表示（CC BY）"}}, {"type": "Feature", "geometry": {"type": "Point", "coordinates": [139.419373, 35.625309]}, "properties": {"name": "オリーブきっちん", "address": "東京都多摩山王下1-13-13", "municipality": "多摩市", "needs": [], "frequency": "5", "url": "", "lgCode": "132241", "source": "多摩市", "license": "クリエイティブ・コモンズ 表示（CC BY）"}}, {"type": "Feature", "geometry": {"type": "Point", "coordinates": [139.40509, 35.614376]}, "properties": {"name": "こども食堂　ほっこりキッチン", "address": "東京都多摩唐木田1-15-3", "municipality": "多摩市", "needs": [], "frequency": "5", "url": "", "lgCode": "132241", "source": "多摩市", "license": "クリエイティブ・コモンズ 表示（CC BY）"}}, {"type": "Feature", "geometry": {"type": "Point", "coordinates": [139.449478, 35.62096]}, "properties": {"name": "子ども食堂　福祉亭", "address": "東京都多摩市永山4-2-3-104", "municipality": "多摩市", "needs": [], "frequency": "5", "url": "", "lgCode": "132241", "source": "多摩市", "license": "クリエイティブ・コモンズ 表示（CC BY）"}}, {"type": "Feature", "geometry": {"type": "Point", "coordinates": [139.451401, 35.622433]}, "properties": {"name": "子どものひろば　リバティ", "address": "東京都多摩市諏訪5-6-2-101", "municipality": "多摩市", "needs": [], "frequency": "1", "url": "", "lgCode": "132241", "source": "多摩市", "license": "クリエイティブ・コモンズ 表示（CC BY）"}}, {"type": "Feature", "geometry": {"type": "Point", "coordinates": [139.452667, 35.633198]}, "properties": {"name": "みんなのしょくどう", "address": "東京都多摩市馬引沢2-3-23", "municipality": "多摩市", "needs": [], "frequency": "5", "url": "", "lgCode": "132241", "source": "多摩市", "license": "クリエイティブ・コモンズ 表示（CC BY）"}}, {"type": "Feature", "geometry": {"type": "Point", "coordinates": [139.443604, 35.650921]}, "properties": {"name": "まんまるぱ～る", "address": "東京都多摩市一ノ宮2-13-25", "municipality": "多摩市", "needs": [], "frequency": "5", "url": "", "lgCode": "132241", "source": "多摩市", "license": "クリエイティブ・コモンズ 表示（CC BY）"}}, {"type": "Feature", "geometry": {"type": "Point", "coordinates": [139.441162, 35.654263]}, "properties": {"name": "子ども食堂　ココっと", "address": "東京都多摩市一ノ宮1-11-26", "municipality": "多摩市", "needs": [], "frequency": "8", "url": "", "lgCode": "132241", "source": "多摩市", "license": "クリエイティブ・コモンズ 表示（CC BY）"}}, {"type": "Feature", "geometry": {"type": "Point", "coordinates": [139.427475, 35.640808]}, "properties": {"name": "こども食堂　えんそく", "address": "東京都多摩市和田2006-4", "municipality": "多摩市", "needs": [], "frequency": "5", "url": "", "lgCode": "132241", "source": "多摩市", "license": "クリエイティブ・コモンズ 表示（CC BY）"}}, {"type": "Feature", "geometry": {"type": "Point", "coordinates": [139.445206, 35.627163]}, "properties": {"name": "メルティング・ダイニング", "address": "東京都多摩市永山2-8-1", "municipality": "多摩市", "needs": [], "frequency": "8", "url": "", "lgCode": "132241", "source": "多摩市", "license": "クリエイティブ・コモンズ 表示（CC BY）"}}, {"type": "Feature", "geometry": {"type": "Point", "coordinates": [139.404129, 35.752522]}, "properties": {"name": "武蔵村山子ども食堂", "address": "東京都武蔵村山市神明4-17-1", "municipality": "武蔵村山市", "needs": [], "frequency": "5", "url": "https://kodomoto-m.jimdo.com/", "lgCode": "132233", "source": "武蔵村山市", "license": "クリエイティブ・コモンズ 表示（CC BY）"}}, {"type": "Feature", "geometry": {"type": "Point", "coordinates": [139.382141, 35.758621]}, "properties": {"name": "まどか食堂", "address": "東京都武蔵村山市本町3-40-3 ", "municipality": "武蔵村山市", "needs": [], "frequency": "5", "url": "https://twitter.com/madokasyokudou", "lgCode": "132233", "source": "武蔵村山市", "license": "クリエイティブ・コモンズ 表示（CC BY）"}}, {"type": "Feature", "geometry": {"type": "Point", "coordinates": [139.403259, 35.746132]}, "properties": {"name": "children’s kitchenうぉーく ", "address": "東京都武蔵村山市学園4-5-1", "municipality": "武蔵村山市", "needs": [], "frequency": "5", "url": "", "lgCode": "132233", "source": "武蔵村山市", "license": "クリエイティブ・コモンズ 表示（CC BY）"}}, {"type": "Feature", "geometry": {"type": "Point", "coordinates": [139.404388, 35.746723]}, "properties": {"name": "Walk食堂", "address": "東京都武蔵村山市学園3-5-12", "municipality": "武蔵村山市", "needs": [], "frequency": "5", "url": "", "lgCode": "132233", "source": "武蔵村山市", "license": "クリエイティブ・コモンズ 表示（CC BY）"}}, {"type": "Feature", "geometry": {"type": "Point", "coordinates": [139.36055, 35.75845]}, "properties": {"name": "子ども食堂ぶどうハウス", "address": "東京都武蔵村山市中原3-11-6", "municipality": "武蔵村山市", "needs": [], "frequency": "5", "url": "", "lgCode": "132233", "source": "武蔵村山市", "license": "クリエイティブ・コモンズ 表示（CC BY）"}}, {"type": "Feature", "geometry": {"type": "Point", "coordinates": [139.40419, 35.740524]}, "properties": {"name": "みんなの食堂　みっつ武蔵村山", "address": "東京都武蔵村山市大南2-47-14", "municipality": "武蔵村山市", "needs": [], "frequency": "5", "url": "https://instagram.com/mit.musashimurayama/", "lgCode": "132233", "source": "武蔵村山市", "license": "クリエイティブ・コモンズ 表示（CC BY）"}}, {"type": "Feature", "geometry": {"type": "Point", "coordinates": [139.382751, 35.751911]}, "properties": {"name": "SOMPOの子ども食堂 ", "address": "東京都武蔵村山市三ツ藤1-4-1 ", "municipality": "武蔵村山市", "needs": [], "frequency": "5", "url": "", "lgCode": "132233", "source": "武蔵村山市", "license": "クリエイティブ・コモンズ 表示（CC BY）"}}, {"type": "Feature", "geometry": {"type": "Point", "coordinates": [139.568013, 35.64514]}, "properties": {"name": "NPO法人 狛江子ども食堂", "address": "東京都狛江市和泉本町4-7-51", "municipality": "狛江市", "needs": [], "frequency": "3", "url": "https://komae-kodomoshokudo.amebaownd.com/", "lgCode": "132195", "source": "狛江市", "license": "クリエイティブ・コモンズ 表示（CC BY）"}}, {"type": "Feature", "geometry": {"type": "Point", "coordinates": [139.567064, 35.633377]}, "properties": {"name": "みんなの居場所", "address": "東京都狛江市元和泉2-35-1", "municipality": "狛江市", "needs": [], "frequency": "5", "url": "https://komaekubo1234.kokosil.net/ja/place/00001f000000000000020000003f0194", "lgCode": "132195", "source": "狛江市", "license": "クリエイティブ・コモンズ 表示（CC BY）"}}, {"type": "Feature", "geometry": {"type": "Point", "coordinates": [139.580245, 35.630515]}, "properties": {"name": "こどもの多摩里食堂", "address": "東京都狛江市東和泉2-9-11", "municipality": "狛江市", "needs": [], "frequency": "5", "url": "https://komaekubo1234.kokosil.net/ja/place/00001f000000000000020000003f0075", "lgCode": "132195", "source": "狛江市", "license": "クリエイティブ・コモンズ 表示（CC BY）"}}, {"type": "Feature", "geometry": {"type": "Point", "coordinates": [139.575847, 35.628329]}, "properties": {"name": "ごはん＋居場所 おかえり", "address": "東京都狛江市東和泉2-20-12-1F", "municipality": "狛江市", "needs": [], "frequency": "5", "url": "http://okaeri.webcrow.jp/", "lgCode": "132195", "source": "狛江市", "license": "クリエイティブ・コモンズ 表示（CC BY）"}}, {"type": "Feature", "geometry": {"type": "Point", "coordinates": [139.577365, 35.630338]}, "properties": {"name": "月末食堂", "address": "東京都狛江市東和泉1-32-3-102", "municipality": "狛江市", "needs": [], "frequency": "5", "url": "https://komaekubo1234.kokosil.net/ja/place/00001f000000000000020000003f00ce", "lgCode": "132195", "source": "狛江市", "license": "クリエイティブ・コモンズ 表示（CC BY）"}}, {"type": "Feature", "geometry": {"type": "Point", "coordinates": [139.586058, 35.632142]}, "properties": {"name": "コスモスこども・おとな食堂", "address": "東京都狛江市岩戸南2-2-5", "municipality": "狛江市", "needs": [], "frequency": "5", "url": "https://komaekubo1234.kokosil.net/ja/place/00001f000000000000020000003f0494", "lgCode": "132196", "source": "狛江市", "license": "クリエイティブ・コモンズ 表示（CC BY）"}}, {"type": "Feature", "geometry": {"type": "Point", "coordinates": [139.46936, 35.752728]}, "properties": {"name": "まちの縁側本町　夕ぐれ食堂", "address": "東京都東村山市本町4-1-8", "municipality": "東村山市", "needs": [], "frequency": "4", "url": "", "lgCode": "132136", "source": "東村山市", "license": "クリエイティブ・コモンズ 表示（CC BY）"}}, {"type": "Feature", "geometry": {"type": "Point", "coordinates": [139.470734, 35.758457]}, "properties": {"name": "子ども食堂　リコード", "address": "東京都東村山市本町3-9-40", "municipality": "東村山市", "needs": [], "frequency": "4", "url": "", "lgCode": "132136", "source": "東村山市", "license": "クリエイティブ・コモンズ 表示（CC BY）"}}, {"type": "Feature", "geometry": {"type": "Point", "coordinates": [139.49025, 35.76207]}, "properties": {"name": "ふれあいこども食堂あおば", "address": "東京都東村山市青葉町2-25-66", "municipality": "東村山市", "needs": [], "frequency": "5", "url": "", "lgCode": "132136", "source": "東村山市", "license": "クリエイティブ・コモンズ 表示（CC BY）"}}, {"type": "Feature", "geometry": {"type": "Point", "coordinates": [139.471481, 35.750854]}, "properties": {"name": "ふれあいこども食堂", "address": "東京都東村山市栄町1-1-18", "municipality": "東村山市", "needs": [], "frequency": "4", "url": "", "lgCode": "132136", "source": "東村山市", "license": "クリエイティブ・コモンズ 表示（CC BY）"}}, {"type": "Feature", "geometry": {"type": "Point", "coordinates": [139.474762, 35.75275]}, "properties": {"name": "にちよう食堂", "address": "東京都東村山市栄町1-29-34", "municipality": "東村山市", "needs": [], "frequency": "5", "url": "", "lgCode": "132136", "source": "東村山市", "license": "クリエイティブ・コモンズ 表示（CC BY）"}}, {"type": "Feature", "geometry": {"type": "Point", "coordinates": [139.464127, 35.745064]}, "properties": {"name": "おひさま食堂", "address": "東京都東村山市富士見町5-1-93", "municipality": "東村山市", "needs": [], "frequency": "4", "url": "", "lgCode": "132136", "source": "東村山市", "license": "クリエイティブ・コモンズ 表示（CC BY）"}}, {"type": "Feature", "geometry": {"type": "Point", "coordinates": [139.447372, 35.757427]}, "properties": {"name": "万福食堂", "address": "東京都東村山市廻田町3-12-6", "municipality": "東村山市", "needs": [], "frequency": "5", "url": "", "lgCode": "132136", "source": "東村山市", "license": "クリエイティブ・コモンズ 表示（CC BY）"}}, {"type": "Feature", "geometry": {"type": "Point", "coordinates": [139.462891, 35.761208]}, "properties": {"name": "東村山地域食堂ふたば", "address": "東京都東村山市野口町1-15-5", "municipality": "東村山市", "needs": [], "frequency": "5", "url": "", "lgCode": "132136", "source": "東村山市", "license": "クリエイティブ・コモンズ 表示（CC BY）"}}, {"type": "Feature", "geometry": {"type": "Point", "coordinates": [139.465118, 35.745415]}, "properties": {"name": "SOMPO流　子ども食堂（八坂）", "address": "東京都東村山市栄町3-23-1", "municipality": "東村山市", "needs": [], "frequency": "5", "url": "", "lgCode": "132136", "source": "東村山市", "license": "クリエイティブ・コモンズ 表示（CC BY）"}}, {"type": "Feature", "geometry": {"type": "Point", "coordinates": [139.478653, 35.740032]}, "properties": {"name": "SOMPO流　子ども食堂（萩山）", "address": "東京都東村山市萩山町2-9-46", "municipality": "東村山市", "needs": [], "frequency": "5", "url": "", "lgCode": "132136", "source": "東村山市", "license": "クリエイティブ・コモンズ 表示（CC BY）"}}, {"type": "Feature", "geometry": {"type": "Point", "coordinates": [139.458633, 35.750439]}, "properties": {"name": "SOMPO流　子ども食堂（久米川）", "address": "東京都東村山市美住町1-19-10", "municipality": "東村山市", "needs": [], "frequency": "5", "url": "", "lgCode": "132136", "source": "東村山市", "license": "クリエイティブ・コモンズ 表示（CC BY）"}}, {"type": "Feature", "geometry": {"type": "Point", "coordinates": [139.450439, 35.737759]}, "properties": {"name": "子どもたちのお弁当屋さん", "address": "東京都東村山市富士見町2-19-23", "municipality": "東村山市", "needs": [], "frequency": "8", "url": "", "lgCode": "132136", "source": "東村山市", "license": "クリエイティブ・コモンズ 表示（CC BY）"}}, {"type": "Feature", "geometry": {"type": "Point", "coordinates": [139.47908, 35.753193]}, "properties": {"name": "恩多こども食堂", "address": "東京都東村山市恩多町3-3-22", "municipality": "東村山市", "needs": [], "frequency": "3", "url": "", "lgCode": "132136", "source": "東村山市", "license": "クリエイティブ・コモンズ 表示（CC BY）"}}, {"type": "Feature", "geometry": {"type": "Point", "coordinates": [139.401184, 35.67662]}, "properties": {"name": "おむすびキッチン", "address": "日野市日野本町", "municipality": "日野市", "needs": [], "frequency": "", "url": "", "lgCode": "132128", "source": "日野市", "license": "クリエイティブ・コモンズ 表示（CC BY）"}}, {"type": "Feature", "geometry": {"type": "Point", "coordinates": [139.391296, 35.677238]}, "properties": {"name": "子ども食堂さくらちゃん", "address": "日野市大坂上", "municipality": "日野市", "needs": [], "frequency": "", "url": "", "lgCode": "132128", "source": "日野市", "license": "クリエイティブ・コモンズ 表示（CC BY）"}}, {"type": "Feature", "geometry": {"type": "Point", "coordinates": [139.391296, 35.677238]}, "properties": {"name": "こぼし場　ななめ食堂", "address": "日野市大坂上", "municipality": "日野市", "needs": [], "frequency": "", "url": "", "lgCode": "132128", "source": "日野市", "license": "クリエイティブ・コモンズ 表示（CC BY）"}}, {"type": "Feature", "geometry": {"type": "Point", "coordinates": [139.391296, 35.677238]}, "properties": {"name": "すみれ食堂", "address": "日野市大坂上", "municipality": "日野市", "needs": [], "frequency": "", "url": "", "lgCode": "132128", "source": "日野市", "license": "クリエイティブ・コモンズ 表示（CC BY）"}}, {"type": "Feature", "geometry": {"type": "Point", "coordinates": [139.373871, 35.647652]}, "properties": {"name": "西平山子どもゼロえん食堂", "address": "日野市西平山", "municipality": "日野市", "needs": [], "frequency": "", "url": "", "lgCode": "132128", "source": "日野市", "license": "クリエイティブ・コモンズ 表示（CC BY）"}}, {"type": "Feature", "geometry": {"type": "Point", "coordinates": [139.401184, 35.67662]}, "properties": {"name": "ひのたま食堂", "address": "日野市日野本町", "municipality": "日野市", "needs": [], "frequency": "", "url": "", "lgCode": "132128", "source": "日野市", "license": "クリエイティブ・コモンズ 表示（CC BY）"}}, {"type": "Feature", "geometry": {"type": "Point", "coordinates": [139.396866, 35.670719]}, "properties": {"name": "みんなのくれよんランチ", "address": "日野市神明", "municipality": "日野市", "needs": [], "frequency": "", "url": "", "lgCode": "132128", "source": "日野市", "license": "クリエイティブ・コモンズ 表示（CC BY）"}}, {"type": "Feature", "geometry": {"type": "Point", "coordinates": [139.373672, 35.655525]}, "properties": {"name": "", "address": "日野市旭が丘", "municipality": "日野市", "needs": [], "frequency": "", "url": "", "lgCode": "", "source": "日野市", "license": "クリエイティブ・コモンズ 表示（CC BY）"}}, {"type": "Feature", "geometry": {"type": "Point", "coordinates": [139.388351, 35.643295]}, "properties": {"name": "", "address": "日野市平山", "municipality": "日野市", "needs": [], "frequency": "", "url": "", "lgCode": "", "source": "日野市", "license": "クリエイティブ・コモンズ 表示（CC BY）"}}, {"type": "Feature", "geometry": {"type": "Point", "coordinates": [139.396866, 35.670719]}, "properties": {"name": "", "address": "日野市神明", "municipality": "日野市", "needs": [], "frequency": "", "url": "", "lgCode": "", "source": "日野市", "license": "クリエイティブ・コモンズ 表示（CC BY）"}}, {"type": "Feature", "geometry": {"type": "Point", "coordinates": [139.494324, 35.69595]}, "properties": {"name": "食・学・活きるみんなの居場所また明日", "address": "東京都小金井市貫井南町4丁目14番14号1階", "municipality": "小金井市", "needs": [], "frequency": "", "url": "", "lgCode": "132101", "source": "小金井市", "license": "クリエイティブ・コモンズ 表示（CC BY）"}}, {"type": "Feature", "geometry": {"type": "Point", "coordinates": [139.508301, 35.694691]}, "properties": {"name": "みんなのおうちりんごっこハウス", "address": "東京都小金井市中町4丁目7番7号", "municipality": "小金井市", "needs": [], "frequency": "", "url": "https://yu-park.wixsite.com/ringokkohouse", "lgCode": "132101", "source": "小金井市", "license": "クリエイティブ・コモンズ 表示（CC BY）"}}, {"type": "Feature", "geometry": {"type": "Point", "coordinates": [139.516052, 35.709995]}, "properties": {"name": "こきんダイナー", "address": "東京都小金井市緑町3丁目3番23号 公民館緑分館研修室", "municipality": "小金井市", "needs": [], "frequency": "月2回", "url": "https://forms.gle/aqhFyvPjBibamgdq5", "lgCode": "132101", "source": "小金井市", "license": "クリエイティブ・コモンズ 表示（CC BY）"}}, {"type": "Feature", "geometry": {"type": "Point", "coordinates": [139.501038, 35.708359]}, "properties": {"name": "元気もり杜子ども食堂", "address": "東京都小金井市本町4丁目7番1号", "municipality": "小金井市", "needs": [], "frequency": "", "url": "", "lgCode": "132101", "source": "小金井市", "license": "クリエイティブ・コモンズ 表示（CC BY）"}}, {"type": "Feature", "geometry": {"type": "Point", "coordinates": [139.509888, 35.695637]}, "properties": {"name": "こども食堂はけのそら", "address": "東京都小金井市中町1丁目8番20号", "municipality": "小金井市", "needs": [], "frequency": "", "url": "", "lgCode": "132101", "source": "小金井市", "license": "クリエイティブ・コモンズ 表示（CC BY）"}}, {"type": "Feature", "geometry": {"type": "Point", "coordinates": [139.46245, 35.57641]}, "properties": {"name": "にこにこ清風食堂", "address": "東京都町田市金井6-15-1", "municipality": "町田市", "needs": [], "frequency": "5", "url": "https://ameblo.jp/seifu-nikoniko/", "lgCode": "132098", "source": "町田市", "license": "クリエイティブ・コモンズ 表示（CC BY）"}}, {"type": "Feature", "geometry": {"type": "Point", "coordinates": [139.467785, 35.525053]}, "properties": {"name": "みんなでごはん", "address": "東京都町田市小川3-2-3", "municipality": "町田市", "needs": [], "frequency": "5", "url": "https://minnadegohanmachida.jimdosite.com/", "lgCode": "132098", "source": "町田市", "license": "クリエイティブ・コモンズ 表示（CC BY）"}}, {"type": "Feature", "geometry": {"type": "Point", "coordinates": [139.486155, 35.584662]}, "properties": {"name": "コミュニティキッチン鶴川", "address": "東京都町田市能ヶ谷3-2-1", "municipality": "町田市", "needs": [], "frequency": "5", "url": "https://m.facebook.com/commufire/", "lgCode": "132098", "source": "町田市", "license": "クリエイティブ・コモンズ 表示（CC BY）"}}, {"type": "Feature", "geometry": {"type": "Point", "coordinates": [139.43348, 35.584883]}, "properties": {"name": "ふくちゃん食堂", "address": "東京都町田市野津田町38-2", "municipality": "町田市", "needs": [], "frequency": "4", "url": "", "lgCode": "132098", "source": "町田市", "license": "クリエイティブ・コモンズ 表示（CC BY）"}}, {"type": "Feature", "geometry": {"type": "Point", "coordinates": [139.468947, 35.602697]}, "properties": {"name": "レッツごはん", "address": "東京都町田市真光寺2-13-20", "municipality": "町田市", "needs": [], "frequency": "5", "url": "", "lgCode": "132098", "source": "町田市", "license": "クリエイティブ・コモンズ 表示（CC BY）"}}, {"type": "Feature", "geometry": {"type": "Point", "coordinates": [139.46392, 35.568379]}, "properties": {"name": "おむすび食堂＆冒険遊び場おむすび", "address": "東京都町田市玉川学園6-2-16", "municipality": "町田市", "needs": [], "frequency": "5", "url": "https://lit.link/OMUSUBi", "lgCode": "132098", "source": "町田市", "license": "クリエイティブ・コモンズ 表示（CC BY）"}}, {"type": "Feature", "geometry": {"type": "Point", "coordinates": [139.467597, 35.522782]}, "properties": {"name": "キッチン南いただきます", "address": "東京都町田市南町田1-9-20", "municipality": "町田市", "needs": [], "frequency": "5", "url": "", "lgCode": "132098", "source": "町田市", "license": "クリエイティブ・コモンズ 表示（CC BY）"}}, {"type": "Feature", "geometry": {"type": "Point", "coordinates": [139.381966, 35.595145]}, "properties": {"name": "めいちゃんの活き生き食堂", "address": "東京都町田市小山町1729-1", "municipality": "町田市", "needs": [], "frequency": "8", "url": "", "lgCode": "132098", "source": "町田市", "license": "クリエイティブ・コモンズ 表示（CC BY）"}}, {"type": "Feature", "geometry": {"type": "Point", "coordinates": [139.424938, 35.574021]}, "properties": {"name": "きららボナペティこども食堂", "address": "東京都町田市忠生1-5-3", "municipality": "町田市", "needs": [], "frequency": "7", "url": "", "lgCode": "132098", "source": "町田市", "license": "クリエイティブ・コモンズ 表示（CC BY）"}}, {"type": "Feature", "geometry": {"type": "Point", "coordinates": [139.402832, 35.590656]}, "properties": {"name": "みんなの子ども食堂さくらんぼう", "address": "東京都町田市小山田桜台1-20", "municipality": "町田市", "needs": [], "frequency": "3", "url": "https://www.facebook.com/groups/sakuranbou", "lgCode": "132098", "source": "町田市", "license": "クリエイティブ・コモンズ 表示（CC BY）"}}, {"type": "Feature", "geometry": {"type": "Point", "coordinates": [139.461769, 35.539001]}, "properties": {"name": "みんなの食堂", "address": "東京都町田市高ヶ坂7-28-2", "municipality": "町田市", "needs": [], "frequency": "5", "url": "", "lgCode": "132098", "source": "町田市", "license": "クリエイティブ・コモンズ 表示（CC BY）"}}, {"type": "Feature", "geometry": {"type": "Point", "coordinates": [139.450857, 35.543317]}, "properties": {"name": "すまいるキッチン", "address": "東京都町田市原町田4-18-3", "municipality": "町田市", "needs": [], "frequency": "5", "url": "https://sequoia-name-8e1.notion.site/6b6704fed85943b5aa309cc2d3990d81", "lgCode": "132098", "source": "町田市", "license": "クリエイティブ・コモンズ 表示（CC BY）"}}, {"type": "Feature", "geometry": {"type": "Point", "coordinates": [139.374568, 35.595005]}, "properties": {"name": "こども食堂せかい", "address": "東京都町田市小山町1149-17", "municipality": "町田市", "needs": [], "frequency": "1", "url": "https://instagram.com/sekai_2022?igshid=OGQ5ZDc2ODk2ZA==", "lgCode": "132098", "source": "町田市", "license": "クリエイティブ・コモンズ 表示（CC BY）"}}, {"type": "Feature", "geometry": {"type": "Point", "coordinates": [139.33948, 35.607238]}, "properties": {"name": "こども・コミュニティ食堂あいはらごはん", "address": "東京都町田市相原町547-14", "municipality": "町田市", "needs": [], "frequency": "5", "url": "", "lgCode": "132098", "source": "町田市", "license": "クリエイティブ・コモンズ 表示（CC BY）"}}, {"type": "Feature", "geometry": {"type": "Point", "coordinates": [139.480331, 35.549972]}, "properties": {"name": "寺子屋ごはん", "address": "東京都町田市成瀬台2-34-12", "municipality": "町田市", "needs": [], "frequency": "4", "url": "https://terakoyagohan.jimdofree.com/", "lgCode": "132098", "source": "町田市", "license": "クリエイティブ・コモンズ 表示（CC BY）"}}, {"type": "Feature", "geometry": {"type": "Point", "coordinates": [139.424857, 35.578024]}, "properties": {"name": "しぜんの国食堂", "address": "東京都町田市忠生2-5-3", "municipality": "町田市", "needs": [], "frequency": "5", "url": "https://sizen-no-kuni.net/", "lgCode": "132098", "source": "町田市", "license": "クリエイティブ・コモンズ 表示（CC BY）"}}, {"type": "Feature", "geometry": {"type": "Point", "coordinates": [139.389241, 35.595422]}, "properties": {"name": "SouZoo食堂", "address": "東京都町田市小山ヶ丘1-14-1", "municipality": "町田市", "needs": [], "frequency": "5", "url": "https://welfuture.co.jp/souzoolp/", "lgCode": "132098", "source": "町田市", "license": "クリエイティブ・コモンズ 表示（CC BY）"}}, {"type": "Feature", "geometry": {"type": "Point", "coordinates": [139.486718, 35.535156]}, "properties": {"name": "東光寺いこいの広場", "address": "東京都町田市南成瀬8-1-14", "municipality": "町田市", "needs": [], "frequency": "5", "url": "https://twitter.com/toukoujiikoi?s=21&t=xbfP6FcOd02-gQiuHUKOhA", "lgCode": "132098", "source": "町田市", "license": "クリエイティブ・コモンズ 表示（CC BY）"}}, {"type": "Feature", "geometry": {"type": "Point", "coordinates": [139.499809, 35.578271]}, "properties": {"name": "みんなdeごはん", "address": "東京都町田市三輪町392", "municipality": "町田市", "needs": [], "frequency": "4", "url": "https://www.facebook.com/minnna.de.gohann", "lgCode": "132098", "source": "町田市", "license": "クリエイティブ・コモンズ 表示（CC BY）"}}, {"type": "Feature", "geometry": {"type": "Point", "coordinates": [139.366425, 35.713005]}, "properties": {"name": "あきしまこどもクッキング", "address": "東京都昭島市つつじが丘3-7-7", "municipality": "昭島市", "needs": [], "frequency": "5", "url": "", "lgCode": "", "source": "昭島市", "license": "クリエイティブ・コモンズ 表示（CC BY）"}}, {"type": "Feature", "geometry": {"type": "Point", "coordinates": [139.356873, 35.712029]}, "properties": {"name": "たまりば☆ぬくぬく", "address": "東京都昭島市松原町1-3-10", "municipality": "昭島市", "needs": [], "frequency": "5", "url": "", "lgCode": "", "source": "昭島市", "license": "クリエイティブ・コモンズ 表示（CC BY）"}}, {"type": "Feature", "geometry": {"type": "Point", "coordinates": [139.385498, 35.697132]}, "properties": {"name": "あおぞらみんな食堂", "address": "東京都昭島市郷地町2-20-24", "municipality": "昭島市", "needs": [], "frequency": "3", "url": "", "lgCode": "", "source": "昭島市", "license": "クリエイティブ・コモンズ 表示（CC BY）"}}, {"type": "Feature", "geometry": {"type": "Point", "coordinates": [139.374084, 35.71418]}, "properties": {"name": "あのねの会あのね食堂", "address": "東京都昭島市宮沢町512-13", "municipality": "昭島市", "needs": [], "frequency": "3", "url": "", "lgCode": "", "source": "昭島市", "license": "クリエイティブ・コモンズ 表示（CC BY）"}}, {"type": "Feature", "geometry": {"type": "Point", "coordinates": [139.377106, 35.703201]}, "properties": {"name": "子ども料理ひろば", "address": "東京都昭島市玉川町5-13-13", "municipality": "昭島市", "needs": [], "frequency": "5", "url": "", "lgCode": "", "source": "昭島市", "license": "クリエイティブ・コモンズ 表示（CC BY）"}}, {"type": "Feature", "geometry": {"type": "Point", "coordinates": [139.360031, 35.718567]}, "properties": {"name": "昭島子ども食堂みほりん広場", "address": "東京都昭島市拝島町3926-11", "municipality": "昭島市", "needs": [], "frequency": "5", "url": "", "lgCode": "", "source": "昭島市", "license": "クリエイティブ・コモンズ 表示（CC BY）"}}, {"type": "Feature", "geometry": {"type": "Point", "coordinates": [139.370178, 35.705967]}, "properties": {"name": "", "address": "東京都昭島市朝日町4-5", "municipality": "昭島市", "needs": [], "frequency": "", "url": "", "lgCode": "", "source": "昭島市", "license": "クリエイティブ・コモンズ 表示（CC BY）"}}, {"type": "Feature", "geometry": {"type": "Point", "coordinates": [139.386063, 35.696857]}, "properties": {"name": "", "address": "東京都昭島市郷地町2-20-5", "municipality": "昭島市", "needs": [], "frequency": "", "url": "", "lgCode": "", "source": "昭島市", "license": "クリエイティブ・コモンズ 表示（CC BY）"}}, {"type": "Feature", "geometry": {"type": "Point", "coordinates": [139.51358, 35.675999]}, "properties": {"name": "あおばこどもの居場所", "address": "東京都府中市紅葉丘1-35", "municipality": "府中市", "needs": ["学習支援"], "frequency": "5", "url": "https://fuchu-planet.jp/organizations/169", "lgCode": "132063", "source": "府中市", "license": "クリエイティブ・コモンズ 表示（CC BY）"}}, {"type": "Feature", "geometry": {"type": "Point", "coordinates": [139.456161, 35.657455]}, "properties": {"name": "いっちゃん家わくわく子ども食堂", "address": "東京都府中市住吉町5-17-7-101", "municipality": "府中市", "needs": [], "frequency": "5", "url": "", "lgCode": "132063", "source": "府中市", "license": "クリエイティブ・コモンズ 表示（CC BY）"}}, {"type": "Feature", "geometry": {"type": "Point", "coordinates": [139.50914, 35.665356]}, "properties": {"name": "グレイスキッチン", "address": "東京都府中市白糸台4-2-8", "municipality": "府中市", "needs": ["フリースペース", "無料物品コーナー"], "frequency": "5", "url": "https://gracekitchen.jimdofree.com/", "lgCode": "132063", "source": "府中市", "license": "クリエイティブ・コモンズ 表示（CC BY）"}}, {"type": "Feature", "geometry": {"type": "Point", "coordinates": [139.460953, 35.688625]}, "properties": {"name": "子ども食堂・なな", "address": "東京都府中市武蔵台2-2", "municipality": "府中市", "needs": [], "frequency": "5", "url": "https://twitter.com/MusashidaiN", "lgCode": "132063", "source": "府中市", "license": "クリエイティブ・コモンズ 表示（CC BY）"}}, {"type": "Feature", "geometry": {"type": "Point", "coordinates": [139.473419, 35.669476]}, "properties": {"name": "こどもの居場所作り＠府中", "address": "東京都府中市片町2-2", "municipality": "府中市", "needs": [], "frequency": "5", "url": "https://www.facebook.com/ibasho.fuchu", "lgCode": "132063", "source": "府中市", "license": "クリエイティブ・コモンズ 表示（CC BY）"}}, {"type": "Feature", "geometry": {"type": "Point", "coordinates": [139.485855, 35.690559]}, "properties": {"name": "新町こどもカレー食堂", "address": "東京都府中市新町3-1", "municipality": "府中市", "needs": ["学習支援"], "frequency": "5", "url": "", "lgCode": "132063", "source": "府中市", "license": "クリエイティブ・コモンズ 表示（CC BY）"}}, {"type": "Feature", "geometry": {"type": "Point", "coordinates": [139.472641, 35.681515]}, "properties": {"name": "とうきょうどけん子ども食堂", "address": "東京都府中市晴見町2-15-5", "municipality": "府中市", "needs": [], "frequency": "5", "url": "https://twitter.com/tokyodokenFK", "lgCode": "132063", "source": "府中市", "license": "クリエイティブ・コモンズ 表示（CC BY）"}}, {"type": "Feature", "geometry": {"type": "Point", "coordinates": [139.442062, 35.670513]}, "properties": {"name": "にっころ食堂", "address": "東京都府中市日新町4-46-7", "municipality": "府中市", "needs": [], "frequency": "5", "url": "https://twitter.com/nikkorosyokudou", "lgCode": "132063", "source": "府中市", "license": "クリエイティブ・コモンズ 表示（CC BY）"}}, {"type": "Feature", "geometry": {"type": "Point", "coordinates": [139.49408, 35.669128]}, "properties": {"name": "ひがしふちゅう駅前こども食堂", "address": "東京都府中市清水が丘1-2", "municipality": "府中市", "needs": ["学習支援"], "frequency": "5", "url": "https://hkodomoshokudou.jimdofree.com", "lgCode": "132063", "source": "府中市", "license": "クリエイティブ・コモンズ 表示（CC BY）"}}, {"type": "Feature", "geometry": {"type": "Point", "coordinates": [139.481461, 35.67123]}, "properties": {"name": "みんなの食堂", "address": "府中市宮町1-100 ", "municipality": "府中市", "needs": [], "frequency": "5", "url": "https://peraichi.com/landing_pages/view/minna-fuchu", "lgCode": "132063", "source": "府中市", "license": "クリエイティブ・コモンズ 表示（CC BY）"}}, {"type": "Feature", "geometry": {"type": "Point", "coordinates": [139.479935, 35.677242]}, "properties": {"name": "ラ・メンサ・デリ・アンジェリ 天使の食卓", "address": "東京都府中市府中町1-40-11", "municipality": "府中市", "needs": ["学習支援"], "frequency": "4", "url": "", "lgCode": "132063", "source": "府中市", "license": "クリエイティブ・コモンズ 表示（CC BY）"}}, {"type": "Feature", "geometry": {"type": "Point", "coordinates": [139.278397, 35.789616]}, "properties": {"name": "武尊塾", "address": "東京都青梅市東青梅3-22-4", "municipality": "青梅市", "needs": ["学習支援"], "frequency": "3", "url": "https://www.busonkai-busonjuku.jp/", "lgCode": "132055", "source": "青梅市", "license": "クリエイティブ・コモンズ 表示（CC BY）"}}, {"type": "Feature", "geometry": {"type": "Point", "coordinates": [139.288696, 35.772816]}, "properties": {"name": "すぺーすまゆだま", "address": "東京都青梅市友田町3-96-1", "municipality": "青梅市", "needs": [], "frequency": "3", "url": "https://www.mayudama2018.jp/", "lgCode": "132055", "source": "青梅市", "license": "クリエイティブ・コモンズ 表示（CC BY）"}}, {"type": "Feature", "geometry": {"type": "Point", "coordinates": [139.266708, 35.789818]}, "properties": {"name": "か～もくの会", "address": "東京都青梅市勝沼3-78", "municipality": "青梅市", "needs": [], "frequency": "3", "url": "", "lgCode": "132055", "source": "青梅市", "license": "クリエイティブ・コモンズ 表示（CC BY）"}}, {"type": "Feature", "geometry": {"type": "Point", "coordinates": [139.266708, 35.789818]}, "properties": {"name": "子どもFREE・CAFE", "address": "東京都青梅市勝沼3-78", "municipality": "青梅市", "needs": [], "frequency": "1", "url": "", "lgCode": "132055", "source": "青梅市", "license": "クリエイティブ・コモンズ 表示（CC BY）"}}, {"type": "Feature", "geometry": {"type": "Point", "coordinates": [139.299545, 35.79657]}, "properties": {"name": "なかま亭", "address": "東京都青梅市今寺4-6-25", "municipality": "青梅市", "needs": [], "frequency": "3", "url": "", "lgCode": "132055", "source": "青梅市", "license": "クリエイティブ・コモンズ 表示（CC BY）"}}, {"type": "Feature", "geometry": {"type": "Point", "coordinates": [139.298676, 35.798805]}, "properties": {"name": "どんぐりやま", "address": "東京都青梅市今寺3-379-8", "municipality": "青梅市", "needs": [], "frequency": "5", "url": "http://donguriyama2020.com/", "lgCode": "132055", "source": "青梅市", "license": "クリエイティブ・コモンズ 表示（CC BY）"}}, {"type": "Feature", "geometry": {"type": "Point", "coordinates": [139.301941, 35.79903]}, "properties": {"name": "ゆうやけ子ども食堂かすみ", "address": "東京都青梅市藤橋2-614-18", "municipality": "青梅市", "needs": [], "frequency": "5", "url": "", "lgCode": "132055", "source": "青梅市", "license": "クリエイティブ・コモンズ 表示（CC BY）"}}, {"type": "Feature", "geometry": {"type": "Point", "coordinates": [139.266708, 35.789818]}, "properties": {"name": "Kanpa cafe mio", "address": "東京都青梅市勝沼3-78", "municipality": "青梅市", "needs": [], "frequency": "3", "url": "", "lgCode": "132055", "source": "青梅市", "license": "クリエイティブ・コモンズ 表示（CC BY）"}}, {"type": "Feature", "geometry": {"type": "Point", "coordinates": [139.312744, 35.805725]}, "properties": {"name": "和楽倶楽部", "address": "東京都青梅市今井2", "municipality": "青梅市", "needs": [], "frequency": "5", "url": "", "lgCode": "132055", "source": "青梅市", "license": "クリエイティブ・コモンズ 表示（CC BY）"}}, {"type": "Feature", "geometry": {"type": "Point", "coordinates": [139.290253, 35.789551]}, "properties": {"name": "CAFE TOIRO", "address": "東京都青梅市野上町3-19-4", "municipality": "青梅市", "needs": [], "frequency": "2", "url": "https://www.cafe-toiro.jp/", "lgCode": "132055", "source": "青梅市", "license": "クリエイティブ・コモンズ 表示（CC BY）"}}, {"type": "Feature", "geometry": {"type": "Point", "coordinates": [139.591843, 35.69886]}, "properties": {"name": "ゆとりえもったいない食堂", "address": "東京都武蔵野市吉祥寺南町4−25−5", "municipality": "武蔵野市", "needs": [], "frequency": "3", "url": "", "lgCode": "132039", "source": "武蔵野市", "license": "クリエイティブ・コモンズ 表示（CC BY）"}}, {"type": "Feature", "geometry": {"type": "Point", "coordinates": [139.561691, 35.713974]}, "properties": {"name": "わいわいライス", "address": "東京都武蔵野市緑町1−5−22", "municipality": "武蔵野市", "needs": [], "frequency": "5", "url": "", "lgCode": "132039", "source": "武蔵野市", "license": "クリエイティブ・コモンズ 表示（CC BY）"}}, {"type": "Feature", "geometry": {"type": "Point", "coordinates": [139.564178, 35.712406]}, "properties": {"name": "ミュー食堂", "address": "東京都武蔵野市中町3−4−9", "municipality": "武蔵野市", "needs": [], "frequency": "6", "url": "", "lgCode": "132039", "source": "武蔵野市", "license": "クリエイティブ・コモンズ 表示（CC BY）"}}, {"type": "Feature", "geometry": {"type": "Point", "coordinates": [139.581757, 35.704395]}, "properties": {"name": "ファイブグループこども食堂", "address": "東京都武蔵野市吉祥寺本町1−22−1", "municipality": "武蔵野市", "needs": [], "frequency": "5", "url": "", "lgCode": "132039", "source": "武蔵野市", "license": "クリエイティブ・コモンズ 表示（CC BY）"}}, {"type": "Feature", "geometry": {"type": "Point", "coordinates": [139.850723, 35.74762]}, "properties": {"name": "あおとこども食堂", "address": "東京都葛飾区青戸3－14", "municipality": "葛飾区", "needs": [], "frequency": "2", "url": "http://rainbow-ribbon-net.org", "lgCode": "131229", "source": "葛飾区", "license": "クリエイティブ・コモンズ 表示（CC BY）"}}, {"type": "Feature", "geometry": {"type": "Point", "coordinates": [139.850342, 35.737621]}, "properties": {"name": "立石みんな子ども食堂", "address": "東京都葛飾区立石1丁目21-12 自由の庭(レンタルスペース)", "municipality": "葛飾区", "needs": [], "frequency": "", "url": "https://www.facebook.com/tateisikodomo/", "lgCode": "131229", "source": "葛飾区", "license": "クリエイティブ・コモンズ 表示（CC BY）"}}, {"type": "Feature", "geometry": {"type": "Point", "coordinates": [139.850342, 35.737621]}, "properties": {"name": "たていしこども食堂実行委員会", "address": "東京都葛飾区立石1丁目21−12 スペース杉", "municipality": "葛飾区", "needs": [], "frequency": "", "url": "https://www.facebook.com/tateisikodomo/", "lgCode": "131229", "source": "葛飾区", "license": "クリエイティブ・コモンズ 表示（CC BY）"}}, {"type": "Feature", "geometry": {"type": "Point", "coordinates": [139.848831, 35.764935]}, "properties": {"name": "えまいまキッチン", "address": "東京都葛飾区亀有3-32-3-2F", "municipality": "葛飾区", "needs": ["食事提供、エンタメコンテンツ提供"], "frequency": "1", "url": "https://emeima.com/", "lgCode": "131229", "source": "葛飾区", "license": "クリエイティブ・コモンズ 表示（CC BY）"}}, {"type": "Feature", "geometry": {"type": "Point", "coordinates": [139.843048, 35.756649]}, "properties": {"name": "青空っ子こども食堂", "address": "東京都葛飾区お花茶屋3-5-6", "municipality": "葛飾区", "needs": [], "frequency": "", "url": "https://sorakko2011.wixsite.com/shokudo", "lgCode": "131229", "source": "葛飾区", "license": "クリエイティブ・コモンズ 表示（CC BY）"}}, {"type": "Feature", "geometry": {"type": "Point", "coordinates": [139.868906, 35.7807536]}, "properties": {"name": "こども食堂　トコ", "address": "東京都葛飾区東水元2-35-16", "municipality": "葛飾区", "needs": [], "frequency": "5", "url": "", "lgCode": "131229", "source": "葛飾区", "license": "クリエイティブ・コモンズ 表示（CC BY）"}}, {"type": "Feature", "geometry": {"type": "Point", "coordinates": [139.859253, 35.739128]}, "properties": {"name": "ほっこり食堂", "address": "東京都葛飾区立石8-51-7", "municipality": "葛飾区", "needs": [], "frequency": "1", "url": "", "lgCode": "131229", "source": "葛飾区", "license": "クリエイティブ・コモンズ 表示（CC BY）"}}, {"type": "Feature", "geometry": {"type": "Point", "coordinates": [139.874786, 35.773033]}, "properties": {"name": "マミー子ども食堂", "address": "東金町4-7-7", "municipality": "葛飾区", "needs": ["食事提供"], "frequency": "4", "url": "", "lgCode": "131229", "source": "葛飾区", "license": "クリエイティブ・コモンズ 表示（CC BY）"}}, {"type": "Feature", "geometry": {"type": "Point", "coordinates": [139.695541, 35.765148]}, "properties": {"name": "まえのふれあいこども食堂", "address": "板橋区前野2-43-15", "municipality": "板橋区", "needs": [], "frequency": "", "url": "", "lgCode": "131199", "source": "板橋区", "license": "クリエイティブ・コモンズ 表示（CC BY）"}}, {"type": "Feature", "geometry": {"type": "Point", "coordinates": [139.699768, 35.768726]}, "properties": {"name": "板橋いずみ教会子ども食堂（ジョイフルクラブ）", "address": "板橋区泉町52-6", "municipality": "板橋区", "needs": [], "frequency": "", "url": "", "lgCode": "131199", "source": "板橋区", "license": "クリエイティブ・コモンズ 表示（CC BY）"}}, {"type": "Feature", "geometry": {"type": "Point", "coordinates": [139.703705, 35.762417]}, "properties": {"name": "陽ちゃん家こども食堂", "address": "板橋区宮本町6-12", "municipality": "板橋区", "needs": [], "frequency": "", "url": "", "lgCode": "131199", "source": "板橋区", "license": "クリエイティブ・コモンズ 表示（CC BY）"}}, {"type": "Feature", "geometry": {"type": "Point", "coordinates": [139.682175, 35.776421]}, "properties": {"name": "ことぶき子ども食堂", "address": "板橋区相生町8-3　1F", "municipality": "板橋区", "needs": [], "frequency": "", "url": "", "lgCode": "131199", "source": "板橋区", "license": "クリエイティブ・コモンズ 表示（CC BY）"}}, {"type": "Feature", "geometry": {"type": "Point", "coordinates": [139.70108, 35.770481]}, "properties": {"name": "南蔵院こども会", "address": "板橋区蓮沼町48-8", "municipality": "板橋区", "needs": [], "frequency": "", "url": "", "lgCode": "131199", "source": "板橋区", "license": "クリエイティブ・コモンズ 表示（CC BY）"}}, {"type": "Feature", "geometry": {"type": "Point", "coordinates": [139.694016, 35.776203]}, "properties": {"name": "しむらん通り食堂", "address": "板橋区志村1-35-15 ", "municipality": "板橋区", "needs": [], "frequency": "", "url": "", "lgCode": "131199", "source": "板橋区", "license": "クリエイティブ・コモンズ 表示（CC BY）"}}, {"type": "Feature", "geometry": {"type": "Point", "coordinates": [139.698059, 35.777744]}, "properties": {"name": "赤ちゃん食堂ねるこ", "address": "板橋区小豆沢2-21-17-302", "municipality": "板橋区", "needs": [], "frequency": "", "url": "", "lgCode": "131199", "source": "板橋区", "license": "クリエイティブ・コモンズ 表示（CC BY）"}}, {"type": "Feature", "geometry": {"type": "Point", "coordinates": [139.690247, 35.782063]}, "properties": {"name": "かもめこども食堂", "address": "板橋区東坂下1-12-7 ", "municipality": "板橋区", "needs": [], "frequency": "", "url": "", "lgCode": "131199", "source": "板橋区", "license": "クリエイティブ・コモンズ 表示（CC BY）"}}, {"type": "Feature", "geometry": {"type": "Point", "coordinates": [139.69046, 35.783401]}, "properties": {"name": "いずみの苑コミュニティ弁当", "address": "板橋区東坂下 2-2-22", "municipality": "板橋区", "needs": [], "frequency": "", "url": "", "lgCode": "131199", "source": "板橋区", "license": "クリエイティブ・コモンズ 表示（CC BY）"}}, {"type": "Feature", "geometry": {"type": "Point", "coordinates": [139.676544, 35.782967]}, "properties": {"name": "NPO板橋こども食堂", "address": "板橋区蓮根2-21-11", "municipality": "板橋区", "needs": [], "frequency": "", "url": "", "lgCode": "131199", "source": "板橋区", "license": "クリエイティブ・コモンズ 表示（CC BY）"}}, {"type": "Feature", "geometry": {"type": "Point", "coordinates": [139.684082, 35.78302]}, "properties": {"name": "さかした子ども食堂", "address": "板橋区坂下 2-22-5", "municipality": "板橋区", "needs": [], "frequency": "", "url": "", "lgCode": "131199", "source": "板橋区", "license": "クリエイティブ・コモンズ 表示（CC BY）"}}, {"type": "Feature", "geometry": {"type": "Point", "coordinates": [139.68779, 35.782558]}, "properties": {"name": "にこにこ食堂", "address": "板橋区坂下2-1-3", "municipality": "板橋区", "needs": [], "frequency": "", "url": "", "lgCode": "131199", "source": "板橋区", "license": "クリエイティブ・コモンズ 表示（CC BY）"}}, {"type": "Feature", "geometry": {"type": "Point", "coordinates": [139.68454, 35.784954]}, "properties": {"name": "SOMPO流子ども食堂　高島平", "address": "板橋区坂下3-5-2", "municipality": "板橋区", "needs": [], "frequency": "", "url": "", "lgCode": "131199", "source": "板橋区", "license": "クリエイティブ・コモンズ 表示（CC BY）"}}, {"type": "Feature", "geometry": {"type": "Point", "coordinates": [139.663956, 35.790867]}, "properties": {"name": "ごはん塾・にじいろぱーく", "address": "板橋区高島平8-21-11", "municipality": "板橋区", "needs": [], "frequency": "", "url": "", "lgCode": "131199", "source": "板橋区", "license": "クリエイティブ・コモンズ 表示（CC BY）"}}, {"type": "Feature", "geometry": {"type": "Point", "coordinates": [139.655487, 35.791317]}, "properties": {"name": "SOMPO流こども食堂　新高島平", "address": "板橋区高島平7-17ｰ9", "municipality": "板橋区", "needs": [], "frequency": "", "url": "", "lgCode": "131199", "source": "板橋区", "license": "クリエイティブ・コモンズ 表示（CC BY）"}}, {"type": "Feature", "geometry": {"type": "Point", "coordinates": [139.660507, 35.790775]}, "properties": {"name": "まいにちおいで子ども食堂", "address": "板橋区高島平7-23ｰ21", "municipality": "板橋区", "needs": [], "frequency": "", "url": "", "lgCode": "131199", "source": "板橋区", "license": "クリエイティブ・コモンズ 表示（CC BY）"}}, {"type": "Feature", "geometry": {"type": "Point", "coordinates": [139.665573, 35.786098]}, "properties": {"name": "地域リビング おかえりごはん", "address": "板橋区高島平2-28-1-102", "municipality": "板橋区", "needs": [], "frequency": "", "url": "", "lgCode": "131199", "source": "板橋区", "license": "クリエイティブ・コモンズ 表示（CC BY）"}}, {"type": "Feature", "geometry": {"type": "Point", "coordinates": [139.688919, 35.75695]}, "properties": {"name": "リル・インフィニティ〈子ども食堂〉", "address": "板橋区南常盤台1-18-5", "municipality": "板橋区", "needs": [], "frequency": "", "url": "", "lgCode": "131199", "source": "板橋区", "license": "クリエイティブ・コモンズ 表示（CC BY）"}}, {"type": "Feature", "geometry": {"type": "Point", "coordinates": [139.674271, 35.762276]}, "properties": {"name": "ブランチCAF? in まもりん坊", "address": "板橋区上板橋2-30ｰ2", "municipality": "板橋区", "needs": [], "frequency": "", "url": "", "lgCode": "131199", "source": "板橋区", "license": "クリエイティブ・コモンズ 表示（CC BY）"}}, {"type": "Feature", "geometry": {"type": "Point", "coordinates": [139.681381, 35.757122]}, "properties": {"name": "SOMPO流子ども食堂　ときわ台南", "address": "板橋区東新町1-29ｰ6", "municipality": "板橋区", "needs": [], "frequency": "", "url": "", "lgCode": "131199", "source": "板橋区", "license": "クリエイティブ・コモンズ 表示（CC BY）"}}, {"type": "Feature", "geometry": {"type": "Point", "coordinates": [139.671051, 35.780399]}, "properties": {"name": "こども食堂ｂｙハーブ＆おいしい野菜塾", "address": "板橋区西台2-12ｰ12", "municipality": "板橋区", "needs": [], "frequency": "", "url": "", "lgCode": "131199", "source": "板橋区", "license": "クリエイティブ・コモンズ 表示（CC BY）"}}, {"type": "Feature", "geometry": {"type": "Point", "coordinates": [139.689651, 35.756493]}, "properties": {"name": "長秀龍子ども食堂", "address": "板橋区南常盤台1-20ｰ4", "municipality": "板橋区", "needs": [], "frequency": "", "url": "", "lgCode": "131199", "source": "板橋区", "license": "クリエイティブ・コモンズ 表示（CC BY）"}}, {"type": "Feature", "geometry": {"type": "Point", "coordinates": [139.68985, 35.76141]}, "properties": {"name": "寺子屋学園こども食堂", "address": "板橋区常盤台2-15ｰ9", "municipality": "板橋区", "needs": [], "frequency": "", "url": "", "lgCode": "131199", "source": "板橋区", "license": "クリエイティブ・コモンズ 表示（CC BY）"}}, {"type": "Feature", "geometry": {"type": "Point", "coordinates": [139.668961, 35.772373]}, "properties": {"name": "西徳げんき食堂", "address": "板橋区西台4-８-13　", "municipality": "板橋区", "needs": [], "frequency": "", "url": "", "lgCode": "131199", "source": "板橋区", "license": "クリエイティブ・コモンズ 表示（CC BY）"}}, {"type": "Feature", "geometry": {"type": "Point", "coordinates": [139.676193, 35.763916]}, "properties": {"name": "こども食堂　良ちゃん", "address": "板橋区常盤台4-33ｰ3", "municipality": "板橋区", "needs": [], "frequency": "", "url": "", "lgCode": "131199", "source": "板橋区", "license": "クリエイティブ・コモンズ 表示（CC BY）"}}, {"type": "Feature", "geometry": {"type": "Point", "coordinates": [139.686691, 35.764847]}, "properties": {"name": "SOMPO流子ども食堂 ときわ台", "address": "板橋区前野町2-18-3", "municipality": "板橋区", "needs": [], "frequency": "", "url": "", "lgCode": "131199", "source": "板橋区", "license": "クリエイティブ・コモンズ 表示（CC BY）"}}, {"type": "Feature", "geometry": {"type": "Point", "coordinates": [139.685333, 35.744156]}, "properties": {"name": "「上二テラス」ランチタイム", "address": "板橋区向原3-1-12", "municipality": "板橋区", "needs": [], "frequency": "", "url": "", "lgCode": "131199", "source": "板橋区", "license": "クリエイティブ・コモンズ 表示（CC BY）"}}, {"type": "Feature", "geometry": {"type": "Point", "coordinates": [139.684357, 35.746605]}, "properties": {"name": "ななテラスこども食堂", "address": "板橋区向原3-7-7", "municipality": "板橋区", "needs": [], "frequency": "", "url": "", "lgCode": "131199", "source": "板橋区", "license": "クリエイティブ・コモンズ 表示（CC BY）"}}, {"type": "Feature", "geometry": {"type": "Point", "coordinates": [139.677368, 35.773575]}, "properties": {"name": "SOMPO流こども食堂　若木", "address": "板橋区若木3-3-1", "municipality": "板橋区", "needs": [], "frequency": "", "url": "", "lgCode": "131199", "source": "板橋区", "license": "クリエイティブ・コモンズ 表示（CC BY）"}}, {"type": "Feature", "geometry": {"type": "Point", "coordinates": [139.639847, 35.779041]}, "properties": {"name": "SOMPO流子ども食堂　奈美木成増", "address": "板橋区赤塚3-13ｰ1", "municipality": "板橋区", "needs": [], "frequency": "", "url": "", "lgCode": "131199", "source": "板橋区", "license": "クリエイティブ・コモンズ 表示（CC BY）"}}, {"type": "Feature", "geometry": {"type": "Point", "coordinates": [139.648926, 35.783321]}, "properties": {"name": "SOMPO流子ども食堂　赤塚公園", "address": "板橋区大門7-5", "municipality": "板橋区", "needs": [], "frequency": "", "url": "", "lgCode": "131199", "source": "板橋区", "license": "クリエイティブ・コモンズ 表示（CC BY）"}}, {"type": "Feature", "geometry": {"type": "Point", "coordinates": [139.637711, 35.76955]}, "properties": {"name": "株式会社コスモメイトサービス", "address": "板橋区赤塚新町3-32-11-101", "municipality": "板橋区", "needs": [], "frequency": "", "url": "", "lgCode": "131199", "source": "板橋区", "license": "クリエイティブ・コモンズ 表示（CC BY）"}}, {"type": "Feature", "geometry": {"type": "Point", "coordinates": [139.664047, 35.776688]}, "properties": {"name": "SOMPO流子ども食堂", "address": "板橋区徳丸6-1-11", "municipality": "板橋区", "needs": [], "frequency": "", "url": "", "lgCode": "131199", "source": "板橋区", "license": "クリエイティブ・コモンズ 表示（CC BY）"}}, {"type": "Feature", "geometry": {"type": "Point", "coordinates": [139.65625, 35.772324]}, "properties": {"name": "福まね嬉　こども食堂", "address": "板橋区徳丸3-29-2", "municipality": "板橋区", "needs": [], "frequency": "", "url": "", "lgCode": "131199", "source": "板橋区", "license": "クリエイティブ・コモンズ 表示（CC BY）"}}, {"type": "Feature", "geometry": {"type": "Point", "coordinates": [139.659149, 35.777954]}, "properties": {"name": "カフェひびき（誰でも食堂）", "address": "板橋区徳丸6-13-18", "municipality": "板橋区", "needs": [], "frequency": "", "url": "", "lgCode": "131199", "source": "板橋区", "license": "クリエイティブ・コモンズ 表示（CC BY）"}}, {"type": "Feature", "geometry": {"type": "Point", "coordinates": [139.638885, 35.771832]}, "properties": {"name": "SOMPOの子ども食堂", "address": "板橋区赤塚新町2-7-16", "municipality": "板橋区", "needs": [], "frequency": "", "url": "", "lgCode": "131199", "source": "板橋区", "license": "クリエイティブ・コモンズ 表示（CC BY）"}}, {"type": "Feature", "geometry": {"type": "Point", "coordinates": [139.648376, 35.778515]}, "properties": {"name": "くじらハウス赤塚こども食堂", "address": "板橋区赤塚7-26-7", "municipality": "板橋区", "needs": [], "frequency": "", "url": "", "lgCode": "131199", "source": "板橋区", "license": "クリエイティブ・コモンズ 表示（CC BY）"}}, {"type": "Feature", "geometry": {"type": "Point", "coordinates": [139.664429, 35.768566]}, "properties": {"name": "こども食堂　ニクビッタ", "address": "板橋区徳丸1-7-12 シールドB1F ", "municipality": "板橋区", "needs": [], "frequency": "", "url": "", "lgCode": "131199", "source": "板橋区", "license": "クリエイティブ・コモンズ 表示（CC BY）"}}, {"type": "Feature", "geometry": {"type": "Point", "coordinates": [139.664429, 35.768566]}, "properties": {"name": "ゆとりんぼ", "address": "板橋区徳丸1-7-12", "municipality": "板橋区", "needs": [], "frequency": "", "url": "", "lgCode": "131199", "source": "板橋区", "license": "クリエイティブ・コモンズ 表示（CC BY）"}}, {"type": "Feature", "geometry": {"type": "Point", "coordinates": [139.632736, 35.774536]}, "properties": {"name": "あったかごはんの会", "address": "板橋区成増1-12-4", "municipality": "板橋区", "needs": [], "frequency": "", "url": "", "lgCode": "131199", "source": "板橋区", "license": "クリエイティブ・コモンズ 表示（CC BY）"}}, {"type": "Feature", "geometry": {"type": "Point", "coordinates": [139.635513, 35.783161]}, "properties": {"name": "子ども食堂　たんぽぽ", "address": "板橋区成増4-14-18", "municipality": "板橋区", "needs": [], "frequency": "", "url": "", "lgCode": "131199", "source": "板橋区", "license": "クリエイティブ・コモンズ 表示（CC BY）"}}, {"type": "Feature", "geometry": {"type": "Point", "coordinates": [139.642944, 35.795986]}, "properties": {"name": "SOMPO流子ども食堂　板橋三園", "address": "板橋区三園2-12-14", "municipality": "板橋区", "needs": [], "frequency": "", "url": "", "lgCode": "131199", "source": "板橋区", "license": "クリエイティブ・コモンズ 表示（CC BY）"}}, {"type": "Feature", "geometry": {"type": "Point", "coordinates": [139.708832, 35.757053]}, "properties": {"name": "SOMPO流子ども食堂　板橋仲宿", "address": "板橋区仲宿50ｰ1", "municipality": "板橋区", "needs": [], "frequency": "", "url": "", "lgCode": "131199", "source": "板橋区", "license": "クリエイティブ・コモンズ 表示（CC BY）"}}, {"type": "Feature", "geometry": {"type": "Point", "coordinates": [139.706192, 35.749233]}, "properties": {"name": "みんなの食堂　フラワー", "address": "板橋区大山東町25ｰ12 ", "municipality": "板橋区", "needs": [], "frequency": "", "url": "", "lgCode": "131199", "source": "板橋区", "license": "クリエイティブ・コモンズ 表示（CC BY）"}}, {"type": "Feature", "geometry": {"type": "Point", "coordinates": [139.695114, 35.749729]}, "properties": {"name": "親子ひろば", "address": "板橋区大谷口上町1-3", "municipality": "板橋区", "needs": [], "frequency": "", "url": "", "lgCode": "131199", "source": "板橋区", "license": "クリエイティブ・コモンズ 表示（CC BY）"}}, {"type": "Feature", "geometry": {"type": "Point", "coordinates": [139.698547, 35.761478]}, "properties": {"name": "にっこりキッチン！", "address": "板橋区富士見町17ｰ15", "municipality": "板橋区", "needs": [], "frequency": "", "url": "", "lgCode": "131199", "source": "板橋区", "license": "クリエイティブ・コモンズ 表示（CC BY）"}}, {"type": "Feature", "geometry": {"type": "Point", "coordinates": [139.700653, 35.761024]}, "properties": {"name": "りんごのたね", "address": "板橋区富士見町3-1", "municipality": "板橋区", "needs": [], "frequency": "", "url": "", "lgCode": "131199", "source": "板橋区", "license": "クリエイティブ・コモンズ 表示（CC BY）"}}, {"type": "Feature", "geometry": {"type": "Point", "coordinates": [139.716217, 35.747688]}, "properties": {"name": "こども食堂　よかや", "address": "板橋区板橋1-31-8 ", "municipality": "板橋区", "needs": [], "frequency": "", "url": "", "lgCode": "131199", "source": "板橋区", "license": "クリエイティブ・コモンズ 表示（CC BY）"}}, {"type": "Feature", "geometry": {"type": "Point", "coordinates": [139.718307, 35.752209]}, "properties": {"name": "ノンナの家", "address": "板橋区板橋4-53-2", "municipality": "板橋区", "needs": [], "frequency": "", "url": "", "lgCode": "131199", "source": "板橋区", "license": "クリエイティブ・コモンズ 表示（CC BY）"}}, {"type": "Feature", "geometry": {"type": "Point", "coordinates": [139.702133, 35.745537]}, "properties": {"name": "大山こども食堂・みんなの広場", "address": "板橋区大山金井町48-2", "municipality": "板橋区", "needs": [], "frequency": "", "url": "", "lgCode": "131199", "source": "板橋区", "license": "クリエイティブ・コモンズ 表示（CC BY）"}}, {"type": "Feature", "geometry": {"type": "Point", "coordinates": [139.698761, 35.748878]}, "properties": {"name": "ハッピー大山子ども食堂", "address": "板橋区大山町40-5", "municipality": "板橋区", "needs": [], "frequency": "", "url": "", "lgCode": "131199", "source": "板橋区", "license": "クリエイティブ・コモンズ 表示（CC BY）"}}, {"type": "Feature", "geometry": {"type": "Point", "coordinates": [139.695312, 35.75536]}, "properties": {"name": "子ども食堂 鶏のから騒ぎ", "address": "板橋区弥生町31-15", "municipality": "板橋区", "needs": [], "frequency": "", "url": "", "lgCode": "131199", "source": "板橋区", "license": "クリエイティブ・コモンズ 表示（CC BY）"}}, {"type": "Feature", "geometry": {"type": "Point", "coordinates": [139.691711, 35.755131]}, "properties": {"name": "地域のみなぱ食堂", "address": "板橋区弥生町58-1", "municipality": "板橋区", "needs": [], "frequency": "", "url": "", "lgCode": "131199", "source": "板橋区", "license": "クリエイティブ・コモンズ 表示（CC BY）"}}, {"type": "Feature", "geometry": {"type": "Point", "coordinates": [139.619705, 35.727169]}, "properties": {"name": "井草・ゆうゆう見守り隊～ふれあい食堂", "address": "東京都杉並区井草2-15-15", "municipality": "杉並区", "needs": [], "frequency": "5", "url": "", "lgCode": "131156", "source": "杉並区", "license": "クリエイティブ・コモンズ 表示（CC BY）"}}, {"type": "Feature", "geometry": {"type": "Point", "coordinates": [139.623672, 35.724442]}, "properties": {"name": "こども食堂ホルモン良ちゃん", "address": "東京都杉並区井草1-6-3", "municipality": "杉並区", "needs": [], "frequency": "5", "url": "", "lgCode": "131156", "source": "杉並区", "license": "クリエイティブ・コモンズ 表示（CC BY）"}}, {"type": "Feature", "geometry": {"type": "Point", "coordinates": [139.608994, 35.722507]}, "properties": {"name": "四宮ごはん", "address": "東京都杉並区上井草2-28-3", "municipality": "杉並区", "needs": [], "frequency": "", "url": "", "lgCode": "131156", "source": "杉並区", "license": "クリエイティブ・コモンズ 表示（CC BY）"}}, {"type": "Feature", "geometry": {"type": "Point", "coordinates": [139.619705, 35.727169]}, "properties": {"name": "OHANA食堂", "address": "東京都杉並区井草2-15-15", "municipality": "杉並区", "needs": [], "frequency": "5", "url": "", "lgCode": "131156", "source": "杉並区", "license": "クリエイティブ・コモンズ 表示（CC BY）"}}, {"type": "Feature", "geometry": {"type": "Point", "coordinates": [139.60408, 35.721958]}, "properties": {"name": "子ども食堂ほーぷ", "address": "東京都杉並区上井草3-19-23", "municipality": "杉並区", "needs": [], "frequency": "6", "url": "", "lgCode": "131156", "source": "杉並区", "license": "クリエイティブ・コモンズ 表示（CC BY）"}}, {"type": "Feature", "geometry": {"type": "Point", "coordinates": [139.632935, 35.714954]}, "properties": {"name": "むさしのパントリー", "address": "東京都杉並区下井草1-6-17", "municipality": "杉並区", "needs": [], "frequency": "5", "url": "", "lgCode": "131156", "source": "杉並区", "license": "クリエイティブ・コモンズ 表示（CC BY）"}}, {"type": "Feature", "geometry": {"type": "Point", "coordinates": [139.595764, 35.706738]}, "properties": {"name": "西荻・寺子屋食堂", "address": "東京都杉並区西荻北4-4-4", "municipality": "杉並区", "needs": [], "frequency": "4", "url": "", "lgCode": "131156", "source": "杉並区", "license": "クリエイティブ・コモンズ 表示（CC BY）"}}, {"type": "Feature", "geometry": {"type": "Point", "coordinates": [139.597488, 35.713032]}, "properties": {"name": "ワイワイ食堂コーナー中高生タイムスペシャル", "address": "東京都杉並区善福寺1-18-9", "municipality": "杉並区", "needs": [], "frequency": "5", "url": "", "lgCode": "131156", "source": "杉並区", "license": "クリエイティブ・コモンズ 表示（CC BY）"}}, {"type": "Feature", "geometry": {"type": "Point", "coordinates": [139.594193, 35.71764]}, "properties": {"name": "kosatenパントリー", "address": "東京都杉並区善福寺3-2-14", "municipality": "杉並区", "needs": [], "frequency": "5", "url": "", "lgCode": "131156", "source": "杉並区", "license": "クリエイティブ・コモンズ 表示（CC BY）"}}, {"type": "Feature", "geometry": {"type": "Point", "coordinates": [139.594193, 35.71764]}, "properties": {"name": "みんなの食堂@kosaten", "address": "東京都杉並区善福寺3-2-14", "municipality": "杉並区", "needs": [], "frequency": "3", "url": "", "lgCode": "131156", "source": "杉並区", "license": "クリエイティブ・コモンズ 表示（CC BY）"}}, {"type": "Feature", "geometry": {"type": "Point", "coordinates": [139.587082, 35.711788]}, "properties": {"name": "みんなの食堂ルンルン", "address": "東京都杉並区善福寺2-24-8", "municipality": "杉並区", "needs": [], "frequency": "3", "url": "", "lgCode": "131156", "source": "杉並区", "license": "クリエイティブ・コモンズ 表示（CC BY）"}}, {"type": "Feature", "geometry": {"type": "Point", "coordinates": [139.597488, 35.705143]}, "properties": {"name": "西荻クリキンディのひとしずく", "address": "東京都杉並区西荻北3-14-5", "municipality": "杉並区", "needs": [], "frequency": "5", "url": "", "lgCode": "131156", "source": "杉並区", "license": "クリエイティブ・コモンズ 表示（CC BY）"}}, {"type": "Feature", "geometry": {"type": "Point", "coordinates": [139.613235, 35.713524]}, "properties": {"name": "桃井・みんなde食堂(みんしょく)", "address": "東京都杉並区桃井1-35-2", "municipality": "杉並区", "needs": [], "frequency": "5", "url": "", "lgCode": "131156", "source": "杉並区", "license": "クリエイティブ・コモンズ 表示（CC BY）"}}, {"type": "Feature", "geometry": {"type": "Point", "coordinates": [139.618469, 35.696487]}, "properties": {"name": "にんじんキッズカフェ・荻窪ふれあいの家", "address": "東京都杉並区荻窪2-29-3", "municipality": "杉並区", "needs": [], "frequency": "5", "url": "", "lgCode": "131156", "source": "杉並区", "license": "クリエイティブ・コモンズ 表示（CC BY）"}}, {"type": "Feature", "geometry": {"type": "Point", "coordinates": [139.627106, 35.700573]}, "properties": {"name": "フードパントリーしょうけい", "address": "東京都杉並区荻窪3-41-24", "municipality": "杉並区", "needs": [], "frequency": "8", "url": "", "lgCode": "131156", "source": "杉並区", "license": "クリエイティブ・コモンズ 表示（CC BY）"}}, {"type": "Feature", "geometry": {"type": "Point", "coordinates": [139.614258, 35.699509]}, "properties": {"name": "ほたるパントリー", "address": "東京都杉並区南荻窪4-6-11", "municipality": "杉並区", "needs": [], "frequency": "", "url": "", "lgCode": "131156", "source": "杉並区", "license": "クリエイティブ・コモンズ 表示（CC BY）"}}, {"type": "Feature", "geometry": {"type": "Point", "coordinates": [139.619766, 35.701374]}, "properties": {"name": "子ども食堂おぎよん", "address": "東京都杉並区荻窪4-11-15", "municipality": "杉並区", "needs": [], "frequency": "4", "url": "", "lgCode": "131156", "source": "杉並区", "license": "クリエイティブ・コモンズ 表示（CC BY）"}}, {"type": "Feature", "geometry": {"type": "Point", "coordinates": [139.627106, 35.700573]}, "properties": {"name": "しょうけいこども食堂", "address": "東京都杉並区荻窪3-41-24", "municipality": "杉並区", "needs": [], "frequency": "5", "url": "", "lgCode": "131156", "source": "杉並区", "license": "クリエイティブ・コモンズ 表示（CC BY）"}}, {"type": "Feature", "geometry": {"type": "Point", "coordinates": [139.618469, 35.701511]}, "properties": {"name": "子ども食堂まんぷく", "address": "東京都杉並区荻窪5-10-22", "municipality": "杉並区", "needs": [], "frequency": "5", "url": "", "lgCode": "131156", "source": "杉並区", "license": "クリエイティブ・コモンズ 表示（CC BY）"}}, {"type": "Feature", "geometry": {"type": "Point", "coordinates": [139.620667, 35.710388]}, "properties": {"name": "キッチンあまぬま", "address": "東京都杉並区天沼3-19-16", "municipality": "杉並区", "needs": [], "frequency": "5", "url": "", "lgCode": "131156", "source": "杉並区", "license": "クリエイティブ・コモンズ 表示（CC BY）"}}, {"type": "Feature", "geometry": {"type": "Point", "coordinates": [139.63031, 35.705757]}, "properties": {"name": "阿佐ヶ谷ガヤガヤ食堂", "address": "東京都杉並区阿佐ヶ谷北2-25-8", "municipality": "杉並区", "needs": [], "frequency": "5", "url": "", "lgCode": "131156", "source": "杉並区", "license": "クリエイティブ・コモンズ 表示（CC BY）"}}, {"type": "Feature", "geometry": {"type": "Point", "coordinates": [139.632812, 35.705166]}, "properties": {"name": "リベルタこども食堂", "address": "東京都杉並区阿佐ヶ谷北2-5-7", "municipality": "杉並区", "needs": [], "frequency": "4", "url": "", "lgCode": "131156", "source": "杉並区", "license": "クリエイティブ・コモンズ 表示（CC BY）"}}, {"type": "Feature", "geometry": {"type": "Point", "coordinates": [139.652985, 35.706806]}, "properties": {"name": "みんなのお家 エルガーハウス", "address": "東京都杉並区高円寺北2-14-13", "municipality": "杉並区", "needs": [], "frequency": "4", "url": "", "lgCode": "131156", "source": "杉並区", "license": "クリエイティブ・コモンズ 表示（CC BY）"}}, {"type": "Feature", "geometry": {"type": "Point", "coordinates": [139.630447, 35.701443]}, "properties": {"name": "JAまごころ食堂", "address": "東京都杉並区成田東5-18-7", "municipality": "杉並区", "needs": [], "frequency": "8", "url": "", "lgCode": "131156", "source": "杉並区", "license": "クリエイティブ・コモンズ 表示（CC BY）"}}, {"type": "Feature", "geometry": {"type": "Point", "coordinates": [139.629791, 35.702042]}, "properties": {"name": "こども食堂あまてらす", "address": "東京都杉並区阿佐谷南3-10-8", "municipality": "杉並区", "needs": [], "frequency": "5", "url": "", "lgCode": "131156", "source": "杉並区", "license": "クリエイティブ・コモンズ 表示（CC BY）"}}, {"type": "Feature", "geometry": {"type": "Point", "coordinates": [139.63591, 35.700592]}, "properties": {"name": "おひさま食堂@南阿佐谷", "address": "東京都杉並区阿佐谷南1-16-8", "municipality": "杉並区", "needs": [], "frequency": "8", "url": "", "lgCode": "131156", "source": "杉並区", "license": "クリエイティブ・コモンズ 表示（CC BY）"}}, {"type": "Feature", "geometry": {"type": "Point", "coordinates": [139.635956, 35.701653]}, "properties": {"name": "トリドリ子ども食堂", "address": "東京都杉並区阿佐谷南3-1-21", "municipality": "杉並区", "needs": [], "frequency": "5", "url": "", "lgCode": "131156", "source": "杉並区", "license": "クリエイティブ・コモンズ 表示（CC BY）"}}, {"type": "Feature", "geometry": {"type": "Point", "coordinates": [139.652985, 35.706806]}, "properties": {"name": "高円寺わくわく食堂", "address": "東京都杉並区高円寺北2-14-13", "municipality": "杉並区", "needs": [], "frequency": "5", "url": "", "lgCode": "131156", "source": "杉並区", "license": "クリエイティブ・コモンズ 表示（CC BY）"}}, {"type": "Feature", "geometry": {"type": "Point", "coordinates": [139.653412, 35.699482]}, "properties": {"name": "高円寺子ども食堂", "address": "東京都杉並区高円寺南2-33-32", "municipality": "杉並区", "needs": [], "frequency": "4", "url": "", "lgCode": "131156", "source": "杉並区", "license": "クリエイティブ・コモンズ 表示（CC BY）"}}, {"type": "Feature", "geometry": {"type": "Point", "coordinates": [139.6586, 35.693779]}, "properties": {"name": "バードバス子ども食堂", "address": "東京都杉並区和田3-6-7", "municipality": "杉並区", "needs": [], "frequency": "5", "url": "", "lgCode": "131156", "source": "杉並区", "license": "クリエイティブ・コモンズ 表示（CC BY）"}}, {"type": "Feature", "geometry": {"type": "Point", "coordinates": [139.659393, 35.691513]}, "properties": {"name": "はっぴー食堂", "address": "東京都杉並区和田1-41-10-2F", "municipality": "杉並区", "needs": [], "frequency": "5", "url": "", "lgCode": "131156", "source": "杉並区", "license": "クリエイティブ・コモンズ 表示（CC BY）"}}, {"type": "Feature", "geometry": {"type": "Point", "coordinates": [139.652161, 35.691746]}, "properties": {"name": "寺子屋in妙法寺", "address": "東京都杉並区堀ノ内3-48-8", "municipality": "杉並区", "needs": [], "frequency": "8", "url": "", "lgCode": "131156", "source": "杉並区", "license": "クリエイティブ・コモンズ 表示（CC BY）"}}, {"type": "Feature", "geometry": {"type": "Point", "coordinates": [139.659729, 35.690006]}, "properties": {"name": "杉並みんなの食堂", "address": "東京都杉並区和田2-21-39", "municipality": "杉並区", "needs": [], "frequency": "5", "url": "", "lgCode": "131156", "source": "杉並区", "license": "クリエイティブ・コモンズ 表示（CC BY）"}}, {"type": "Feature", "geometry": {"type": "Point", "coordinates": [139.639374, 35.671764]}, "properties": {"name": "ふくぷくひろば", "address": "東京都杉並区永福2-6-12", "municipality": "杉並区", "needs": [], "frequency": "8", "url": "", "lgCode": "131156", "source": "杉並区", "license": "クリエイティブ・コモンズ 表示（CC BY）"}}, {"type": "Feature", "geometry": {"type": "Point", "coordinates": [139.659851, 35.684605]}, "properties": {"name": "八十八ちいき食堂", "address": "東京都杉並区方南2-16-6", "municipality": "杉並区", "needs": [], "frequency": "4", "url": "", "lgCode": "131156", "source": "杉並区", "license": "クリエイティブ・コモンズ 表示（CC BY）"}}, {"type": "Feature", "geometry": {"type": "Point", "coordinates": [139.659637, 35.678432]}, "properties": {"name": "方南にこにこパントリー", "address": "東京都杉並区方南1-51-7", "municipality": "杉並区", "needs": [], "frequency": "8", "url": "", "lgCode": "131156", "source": "杉並区", "license": "クリエイティブ・コモンズ 表示（CC BY）"}}, {"type": "Feature", "geometry": {"type": "Point", "coordinates": [139.655151, 35.683056]}, "properties": {"name": "子ども未来食堂", "address": "東京都杉並区和泉4-48-15", "municipality": "杉並区", "needs": [], "frequency": "5", "url": "", "lgCode": "131156", "source": "杉並区", "license": "クリエイティブ・コモンズ 表示（CC BY）"}}, {"type": "Feature", "geometry": {"type": "Point", "coordinates": [139.623367, 35.67189]}, "properties": {"name": "ころころ食堂☆高井戸", "address": "東京都杉並区下高井戸5-4-42", "municipality": "杉並区", "needs": [], "frequency": "5", "url": "", "lgCode": "131156", "source": "杉並区", "license": "クリエイティブ・コモンズ 表示（CC BY）"}}, {"type": "Feature", "geometry": {"type": "Point", "coordinates": [139.633377, 35.6693]}, "properties": {"name": "こども食堂アランチーニ", "address": "東京都杉並区下高井戸3-1-4 2F", "municipality": "杉並区", "needs": [], "frequency": "1", "url": "", "lgCode": "131156", "source": "杉並区", "license": "クリエイティブ・コモンズ 表示（CC BY）"}}, {"type": "Feature", "geometry": {"type": "Point", "coordinates": [139.650223, 35.703865]}, "properties": {"name": "四丁目子ども食堂", "address": "東京都杉並区高円寺南4-28-2-1F", "municipality": "杉並区", "needs": [], "frequency": "", "url": "", "lgCode": "131156", "source": "杉並区", "license": "クリエイティブ・コモンズ 表示（CC BY）"}}, {"type": "Feature", "geometry": {"type": "Point", "coordinates": [139.712143, 35.644714]}, "properties": {"name": "恵比寿じもと食堂", "address": "東京都渋谷区恵比寿4-5-15", "municipality": "渋谷区", "needs": [], "frequency": "", "url": "", "lgCode": "131130", "source": "渋谷区", "license": "クリエイティブ・コモンズ 表示（CC BY）"}}, {"type": "Feature", "geometry": {"type": "Point", "coordinates": [139.712143, 35.644714]}, "properties": {"name": "景丘の家・こども食堂", "address": "東京都渋谷区恵比寿4-5-15", "municipality": "渋谷区", "needs": [], "frequency": "", "url": "", "lgCode": "131130", "source": "渋谷区", "license": "クリエイティブ・コモンズ 表示（CC BY）"}}, {"type": "Feature", "geometry": {"type": "Point", "coordinates": [139.712143, 35.644714]}, "properties": {"name": "恵比寿ママ食堂", "address": "東京都渋谷区恵比寿4-5-15", "municipality": "渋谷区", "needs": [], "frequency": "", "url": "", "lgCode": "131130", "source": "渋谷区", "license": "クリエイティブ・コモンズ 表示（CC BY）"}}, {"type": "Feature", "geometry": {"type": "Point", "coordinates": [139.712143, 35.644714]}, "properties": {"name": "東京西ロータリークラブこどもテーブル", "address": "東京都渋谷区恵比寿4-5-15", "municipality": "渋谷区", "needs": [], "frequency": "", "url": "", "lgCode": "131130", "source": "渋谷区", "license": "クリエイティブ・コモンズ 表示（CC BY）"}}, {"type": "Feature", "geometry": {"type": "Point", "coordinates": [139.712143, 35.644714]}, "properties": {"name": "渋谷のラジオの教室子供テーブル", "address": "東京都渋谷区恵比寿4-5-15", "municipality": "渋谷区", "needs": [], "frequency": "", "url": "", "lgCode": "131130", "source": "渋谷区", "license": "クリエイティブ・コモンズ 表示（CC BY）"}}, {"type": "Feature", "geometry": {"type": "Point", "coordinates": [139.715836, 35.646595]}, "properties": {"name": "卯めこども食堂", "address": "東京都渋谷区恵比寿1-25-12", "municipality": "渋谷区", "needs": [], "frequency": "", "url": "", "lgCode": "131130", "source": "渋谷区", "license": "クリエイティブ・コモンズ 表示（CC BY）"}}, {"type": "Feature", "geometry": {"type": "Point", "coordinates": [139.698334, 35.65247]}, "properties": {"name": "パール子どもテーブル活動", "address": "東京都渋谷区鉢山町3-27", "municipality": "渋谷区", "needs": [], "frequency": "", "url": "", "lgCode": "131130", "source": "渋谷区", "license": "クリエイティブ・コモンズ 表示（CC BY）"}}, {"type": "Feature", "geometry": {"type": "Point", "coordinates": [139.704269, 35.650669]}, "properties": {"name": "ミート・ザ・おやつ", "address": "東京都渋谷区代官山7-9", "municipality": "渋谷区", "needs": [], "frequency": "", "url": "", "lgCode": "131130", "source": "渋谷区", "license": "クリエイティブ・コモンズ 表示（CC BY）"}}, {"type": "Feature", "geometry": {"type": "Point", "coordinates": [139.704269, 35.650669]}, "properties": {"name": "長谷戸生活学校子ども食堂", "address": "東京都渋谷区代官山7-9", "municipality": "渋谷区", "needs": [], "frequency": "", "url": "", "lgCode": "131130", "source": "渋谷区", "license": "クリエイティブ・コモンズ 表示（CC BY）"}}, {"type": "Feature", "geometry": {"type": "Point", "coordinates": [139.701523, 35.653038]}, "properties": {"name": "渋谷こどもテーブルゆめとぴあ", "address": "東京都渋谷区鶯谷町10-15", "municipality": "渋谷区", "needs": [], "frequency": "", "url": "", "lgCode": "131130", "source": "渋谷区", "license": "クリエイティブ・コモンズ 表示（CC BY）"}}, {"type": "Feature", "geometry": {"type": "Point", "coordinates": [139.701523, 35.653038]}, "properties": {"name": "渋谷・長崎歴史文化情報発信塾", "address": "東京都渋谷区鶯谷町10-15", "municipality": "渋谷区", "needs": [], "frequency": "", "url": "", "lgCode": "131130", "source": "渋谷区", "license": "クリエイティブ・コモンズ 表示（CC BY）"}}, {"type": "Feature", "geometry": {"type": "Point", "coordinates": [139.70874, 35.647682]}, "properties": {"name": "くるり食堂", "address": "東京都渋谷区恵比寿西1-７-９", "municipality": "渋谷区", "needs": [], "frequency": "", "url": "", "lgCode": "131130", "source": "渋谷区", "license": "クリエイティブ・コモンズ 表示（CC BY）"}}, {"type": "Feature", "geometry": {"type": "Point", "coordinates": [139.707138, 35.654686]}, "properties": {"name": "リフレッシュ氷川こども食堂", "address": "東京都渋谷区東1-26-23", "municipality": "渋谷区", "needs": [], "frequency": "", "url": "", "lgCode": "131130", "source": "渋谷区", "license": "クリエイティブ・コモンズ 表示（CC BY）"}}, {"type": "Feature", "geometry": {"type": "Point", "coordinates": [139.70459, 35.662029]}, "properties": {"name": "美竹の丘こどもごはん", "address": "東京都渋谷区渋谷1-18-9", "municipality": "渋谷区", "needs": [], "frequency": "", "url": "", "lgCode": "131130", "source": "渋谷区", "license": "クリエイティブ・コモンズ 表示（CC BY）"}}, {"type": "Feature", "geometry": {"type": "Point", "coordinates": [139.713898, 35.655617]}, "properties": {"name": "渋喜屋テーブル", "address": "東京都渋谷区広尾3-2-14", "municipality": "渋谷区", "needs": [], "frequency": "", "url": "", "lgCode": "131130", "source": "渋谷区", "license": "クリエイティブ・コモンズ 表示（CC BY）"}}, {"type": "Feature", "geometry": {"type": "Point", "coordinates": [139.703766, 35.658371]}, "properties": {"name": "スマイルきっちんナチュレ", "address": "東京都渋谷区渋谷2-22-7", "municipality": "渋谷区", "needs": [], "frequency": "", "url": "", "lgCode": "131130", "source": "渋谷区", "license": "クリエイティブ・コモンズ 表示（CC BY）"}}, {"type": "Feature", "geometry": {"type": "Point", "coordinates": [139.707489, 35.660439]}, "properties": {"name": "オーガニックおおうち食堂", "address": "東京都渋谷区渋谷2-8-4 佐野ビル1F", "municipality": "渋谷区", "needs": [], "frequency": "", "url": "", "lgCode": "131130", "source": "渋谷区", "license": "クリエイティブ・コモンズ 表示（CC BY）"}}, {"type": "Feature", "geometry": {"type": "Point", "coordinates": [139.695831, 35.654221]}, "properties": {"name": "渋谷おやこサロン", "address": "東京都渋谷区南平台町12-13-402", "municipality": "渋谷区", "needs": [], "frequency": "", "url": "", "lgCode": "131130", "source": "渋谷区", "license": "クリエイティブ・コモンズ 表示（CC BY）"}}, {"type": "Feature", "geometry": {"type": "Point", "coordinates": [139.698669, 35.662437]}, "properties": {"name": "子ども料理教室", "address": "東京都渋谷区宇田川町3-10", "municipality": "渋谷区", "needs": [], "frequency": "", "url": "", "lgCode": "131130", "source": "渋谷区", "license": "クリエイティブ・コモンズ 表示（CC BY）"}}, {"type": "Feature", "geometry": {"type": "Point", "coordinates": [139.698959, 35.660816]}, "properties": {"name": "渋谷センター街こども食堂", "address": "東京都渋谷区宇田川町16-8", "municipality": "渋谷区", "needs": [], "frequency": "", "url": "", "lgCode": "131130", "source": "渋谷区", "license": "クリエイティブ・コモンズ 表示（CC BY）"}}, {"type": "Feature", "geometry": {"type": "Point", "coordinates": [139.694397, 35.655621]}, "properties": {"name": "子ども食堂", "address": "東京都渋谷区円山町28-5", "municipality": "渋谷区", "needs": [], "frequency": "", "url": "", "lgCode": "131130", "source": "渋谷区", "license": "クリエイティブ・コモンズ 表示（CC BY）"}}, {"type": "Feature", "geometry": {"type": "Point", "coordinates": [139.678406, 35.66663]}, "properties": {"name": "上富ダイニング", "address": "東京都渋谷区上原3-13-8", "municipality": "渋谷区", "needs": [], "frequency": "", "url": "", "lgCode": "131130", "source": "渋谷区", "license": "クリエイティブ・コモンズ 表示（CC BY）"}}, {"type": "Feature", "geometry": {"type": "Point", "coordinates": [139.688385, 35.667709]}, "properties": {"name": "みらいこどもテーブル", "address": "東京都渋谷区富ヶ谷1-35-23", "municipality": "渋谷区", "needs": [], "frequency": "", "url": "", "lgCode": "131130", "source": "渋谷区", "license": "クリエイティブ・コモンズ 表示（CC BY）"}}, {"type": "Feature", "geometry": {"type": "Point", "coordinates": [139.686279, 35.664734]}, "properties": {"name": "SHIBUYAコドモとママのミライ創造プロジェクト", "address": "東京都渋谷区富ヶ谷2-9-13", "municipality": "渋谷区", "needs": [], "frequency": "", "url": "", "lgCode": "131130", "source": "渋谷区", "license": "クリエイティブ・コモンズ 表示（CC BY）"}}, {"type": "Feature", "geometry": {"type": "Point", "coordinates": [139.686539, 35.664902]}, "properties": {"name": "コドモ大学食育部", "address": "東京都渋谷区富ヶ谷2-9-15", "municipality": "渋谷区", "needs": [], "frequency": "", "url": "", "lgCode": "131130", "source": "渋谷区", "license": "クリエイティブ・コモンズ 表示（CC BY）"}}, {"type": "Feature", "geometry": {"type": "Point", "coordinates": [139.672806, 35.669594]}, "properties": {"name": "上原ファンインずっとも食堂", "address": "東京都渋谷区大山町21-10", "municipality": "渋谷区", "needs": [], "frequency": "", "url": "", "lgCode": "131130", "source": "渋谷区", "license": "クリエイティブ・コモンズ 表示（CC BY）"}}, {"type": "Feature", "geometry": {"type": "Point", "coordinates": [139.678116, 35.676941]}, "properties": {"name": "サンキューキッチン", "address": "東京都渋谷区西原1-22-9", "municipality": "渋谷区", "needs": [], "frequency": "", "url": "", "lgCode": "131130", "source": "渋谷区", "license": "クリエイティブ・コモンズ 表示（CC BY）"}}, {"type": "Feature", "geometry": {"type": "Point", "coordinates": [139.675858, 35.675163]}, "properties": {"name": "Mamapura Kids＆Baby", "address": "東京都渋谷区西原2-35-1", "municipality": "渋谷区", "needs": [], "frequency": "", "url": "", "lgCode": "131130", "source": "渋谷区", "license": "クリエイティブ・コモンズ 表示（CC BY）"}}, {"type": "Feature", "geometry": {"type": "Point", "coordinates": [139.684738, 35.679703]}, "properties": {"name": "初台キッズ食堂", "address": "東京都渋谷区初台1-33-10", "municipality": "渋谷区", "needs": [], "frequency": "", "url": "", "lgCode": "131130", "source": "渋谷区", "license": "クリエイティブ・コモンズ 表示（CC BY）"}}, {"type": "Feature", "geometry": {"type": "Point", "coordinates": [139.687012, 35.67944]}, "properties": {"name": "初台クラブ", "address": "東京都渋谷区初台１-11-2", "municipality": "渋谷区", "needs": [], "frequency": "", "url": "", "lgCode": "131130", "source": "渋谷区", "license": "クリエイティブ・コモンズ 表示（CC BY）"}}, {"type": "Feature", "geometry": {"type": "Point", "coordinates": [139.704269, 35.650669]}, "properties": {"name": "代々木こどもテーブル春の小川", "address": "東京都渋谷区代-木4-4-1", "municipality": "渋谷区", "needs": [], "frequency": "", "url": "", "lgCode": "131130", "source": "渋谷区", "license": "クリエイティブ・コモンズ 表示（CC BY）"}}, {"type": "Feature", "geometry": {"type": "Point", "coordinates": [139.704269, 35.650669]}, "properties": {"name": "みんなの食卓", "address": "東京都渋谷区代-木4-50-13", "municipality": "渋谷区", "needs": [], "frequency": "", "url": "", "lgCode": "131130", "source": "渋谷区", "license": "クリエイティブ・コモンズ 表示（CC BY）"}}, {"type": "Feature", "geometry": {"type": "Point", "coordinates": [139.704269, 35.650669]}, "properties": {"name": "渋谷区おばさん", "address": "東京都渋谷区代-木4-23-13", "municipality": "渋谷区", "needs": [], "frequency": "", "url": "", "lgCode": "131130", "source": "渋谷区", "license": "クリエイティブ・コモンズ 表示（CC BY）"}}, {"type": "Feature", "geometry": {"type": "Point", "coordinates": [139.704269, 35.650669]}, "properties": {"name": "みんなのみらいをつくる保育園初台子ども食堂", "address": "東京都渋谷区代-木4-37-15", "municipality": "渋谷区", "needs": [], "frequency": "", "url": "", "lgCode": "131130", "source": "渋谷区", "license": "クリエイティブ・コモンズ 表示（CC BY）"}}, {"type": "Feature", "geometry": {"type": "Point", "coordinates": [139.677032, 35.679886]}, "properties": {"name": "みんなのカフェ“大空”", "address": "東京都渋谷区幡ヶ谷2-50-2", "municipality": "渋谷区", "needs": [], "frequency": "", "url": "", "lgCode": "131130", "source": "渋谷区", "license": "クリエイティブ・コモンズ 表示（CC BY）"}}, {"type": "Feature", "geometry": {"type": "Point", "coordinates": [139.672394, 35.682137]}, "properties": {"name": "いるかのテーブル", "address": "東京都渋谷区幡ヶ谷3-66-4", "municipality": "渋谷区", "needs": [], "frequency": "", "url": "", "lgCode": "131130", "source": "渋谷区", "license": "クリエイティブ・コモンズ 表示（CC BY）"}}, {"type": "Feature", "geometry": {"type": "Point", "coordinates": [139.671906, 35.681126]}, "properties": {"name": "wakuwakuこどもひろば", "address": "東京都渋谷区幡ヶ谷3-70", "municipality": "渋谷区", "needs": [], "frequency": "", "url": "", "lgCode": "131130", "source": "渋谷区", "license": "クリエイティブ・コモンズ 表示（CC BY）"}}, {"type": "Feature", "geometry": {"type": "Point", "coordinates": [139.677032, 35.679886]}, "properties": {"name": "東京西ローターアクトクラブ", "address": "東京都渋谷区幡ヶ谷2-50-2", "municipality": "渋谷区", "needs": [], "frequency": "", "url": "", "lgCode": "131130", "source": "渋谷区", "license": "クリエイティブ・コモンズ 表示（CC BY）"}}, {"type": "Feature", "geometry": {"type": "Point", "coordinates": [139.669952, 35.674511]}, "properties": {"name": "ささはたっこ", "address": "東京都渋谷区笹塚1-50-16", "municipality": "渋谷区", "needs": [], "frequency": "", "url": "", "lgCode": "131130", "source": "渋谷区", "license": "クリエイティブ・コモンズ 表示（CC BY）"}}, {"type": "Feature", "geometry": {"type": "Point", "coordinates": [139.677032, 35.679886]}, "properties": {"name": "やずぴょんち", "address": "東京都渋谷区幡ヶ谷2-50-2", "municipality": "渋谷区", "needs": [], "frequency": "", "url": "", "lgCode": "131130", "source": "渋谷区", "license": "クリエイティブ・コモンズ 表示（CC BY）"}}, {"type": "Feature", "geometry": {"type": "Point", "coordinates": [139.674179, 35.677612]}, "properties": {"name": "ささはたカフェガーデン", "address": "東京都渋谷区幡ヶ谷2-42-15", "municipality": "渋谷区", "needs": [], "frequency": "", "url": "", "lgCode": "131130", "source": "渋谷区", "license": "クリエイティブ・コモンズ 表示（CC BY）"}}, {"type": "Feature", "geometry": {"type": "Point", "coordinates": [139.672195, 35.680386]}, "properties": {"name": "FUNNY CURRY", "address": "東京都渋谷区幡ヶ谷3-42-8", "municipality": "渋谷区", "needs": [], "frequency": "", "url": "", "lgCode": "131130", "source": "渋谷区", "license": "クリエイティブ・コモンズ 表示（CC BY）"}}, {"type": "Feature", "geometry": {"type": "Point", "coordinates": [139.668732, 35.672672]}, "properties": {"name": "こども食堂ささはたさんち", "address": "東京都渋谷区笹塚1-20-4", "municipality": "渋谷区", "needs": [], "frequency": "", "url": "", "lgCode": "131130", "source": "渋谷区", "license": "クリエイティブ・コモンズ 表示（CC BY）"}}, {"type": "Feature", "geometry": {"type": "Point", "coordinates": [139.705185, 35.683361]}, "properties": {"name": "「どなたでも食堂～お夕ご飯の日～」", "address": "東京都渋谷区千駄ヶ谷5-12-9", "municipality": "渋谷区", "needs": [], "frequency": "", "url": "", "lgCode": "131130", "source": "渋谷区", "license": "クリエイティブ・コモンズ 表示（CC BY）"}}, {"type": "Feature", "geometry": {"type": "Point", "coordinates": [139.6978, 35.684605]}, "properties": {"name": "みんなの世界テーブル", "address": "東京都渋谷区代々木2-35-1", "municipality": "渋谷区", "needs": [], "frequency": "", "url": "", "lgCode": "131130", "source": "渋谷区", "license": "クリエイティブ・コモンズ 表示（CC BY）"}}, {"type": "Feature", "geometry": {"type": "Point", "coordinates": [139.709976, 35.675827]}, "properties": {"name": "pure meat shop｜counter こども食堂", "address": "東京都渋谷区千駄ヶ谷2-10-6", "municipality": "渋谷区", "needs": [], "frequency": "", "url": "", "lgCode": "131130", "source": "渋谷区", "license": "クリエイティブ・コモンズ 表示（CC BY）"}}, {"type": "Feature", "geometry": {"type": "Point", "coordinates": [139.708481, 35.668758]}, "properties": {"name": "Mama's Kitchen", "address": "東京都渋谷区神宮前4-22-11", "municipality": "渋谷区", "needs": [], "frequency": "", "url": "", "lgCode": "131130", "source": "渋谷区", "license": "クリエイティブ・コモンズ 表示（CC BY）"}}, {"type": "Feature", "geometry": {"type": "Point", "coordinates": [139.705872, 35.675045]}, "properties": {"name": "お花屋さんのこどもごはん", "address": "東京都渋谷区千駄ヶ谷3-54-15", "municipality": "渋谷区", "needs": [], "frequency": "", "url": "", "lgCode": "131130", "source": "渋谷区", "license": "クリエイティブ・コモンズ 表示（CC BY）"}}, {"type": "Feature", "geometry": {"type": "Point", "coordinates": [139.711182, 35.669479]}, "properties": {"name": "ななかい子ども食堂", "address": "東京都渋谷区神宮前3-12-8", "municipality": "渋谷区", "needs": [], "frequency": "", "url": "", "lgCode": "131130", "source": "渋谷区", "license": "クリエイティブ・コモンズ 表示（CC BY）"}}, {"type": "Feature", "geometry": {"type": "Point", "coordinates": [139.706924, 35.667614]}, "properties": {"name": "フレンチシェフ信太竜馬のこども料理教室 ", "address": "東京都渋谷区神宮前5-10-1GYRE 4F", "municipality": "渋谷区", "needs": [], "frequency": "", "url": "", "lgCode": "131130", "source": "渋谷区", "license": "クリエイティブ・コモンズ 表示（CC BY）"}}, {"type": "Feature", "geometry": {"type": "Point", "coordinates": [139.705185, 35.667683]}, "properties": {"name": "ひといく子ども夢テーブル", "address": "東京都渋谷区神宮前6-10-14", "municipality": "渋谷区", "needs": [], "frequency": "", "url": "", "lgCode": "131130", "source": "渋谷区", "license": "クリエイティブ・コモンズ 表示（CC BY）"}}, {"type": "Feature", "geometry": {"type": "Point", "coordinates": [139.711014, 35.66848]}, "properties": {"name": "Yin Urasando子ども食堂", "address": "東京都渋谷区神宮前4-15-2", "municipality": "渋谷区", "needs": [], "frequency": "", "url": "", "lgCode": "131130", "source": "渋谷区", "license": "クリエイティブ・コモンズ 表示（CC BY）"}}, {"type": "Feature", "geometry": {"type": "Point", "coordinates": [139.687927, 35.60471]}, "properties": {"name": "こども食堂ﾋﾛ", "address": "東京都大田区南千束2-18-13 ﾊｰﾌﾞﾃｨ―HIRO\t\t\t\t\t\t\t\t\t\t\t\t\t\t\t\t\t\t\t\t\t\t\t\t\t\t\t\t\t\t\t\t\t\t\t\t\t\t\t\t", "municipality": "大田区", "needs": [], "frequency": "", "url": "", "lgCode": "131113", "source": "大田区", "license": "クリエイティブ・コモンズ 表示（CC BY）"}}, {"type": "Feature", "geometry": {"type": "Point", "coordinates": [139.68605, 35.604836]}, "properties": {"name": "大岡山こども食堂", "address": "\t\t\t東京都大田区北千束3-20-8 ｽﾀｰﾊﾞﾚｰ2 1F Salon&Cafe ToiToiToi\t\t\t\t\t\t\t\t\t\t\t\t\t\t\t\t\t\t\t\t\t\t\t\t\t\t\t\t\t\t\t\t\t\t\t\t\t\t\t\t", "municipality": "大田区", "needs": [], "frequency": "", "url": "", "lgCode": "131113", "source": "大田区", "license": "クリエイティブ・コモンズ 表示（CC BY）"}}, {"type": "Feature", "geometry": {"type": "Point", "coordinates": [139.679352, 35.584343]}, "properties": {"name": "ﾏﾑｱｲﾅ", "address": "\t\t\t東京都大田区田園調布本町1-35-9 QOL CafeMamAina\t\t\t\t\t\t\t\t\t\t\t\t\t\t\t\t\t\t\t\t\t\t\t\t\t\t\t\t\t\t\t\t\t\t\t\t\t\t\t\t", "municipality": "大田区", "needs": [], "frequency": "", "url": "", "lgCode": "131113", "source": "大田区", "license": "クリエイティブ・コモンズ 表示（CC BY）"}}, {"type": "Feature", "geometry": {"type": "Point", "coordinates": [139.677551, 35.588207]}, "properties": {"name": "嶺町こども食堂みんなでごはん", "address": "\t\t\t東京都大田区田園調布本町7-1 嶺町文化ｾﾝﾀｰ2F\t\t\t\t\t\t\t\t\t\t\t\t\t\t\t\t\t\t\t\t\t\t\t\t\t\t\t\t\t\t\t\t\t\t\t\t\t\t\t\t", "municipality": "大田区", "needs": [], "frequency": "", "url": "", "lgCode": "131113", "source": "大田区", "license": "クリエイティブ・コモンズ 表示（CC BY）"}}, {"type": "Feature", "geometry": {"type": "Point", "coordinates": [139.661819, 35.593803]}, "properties": {"name": "田園調布子ども食堂ともこｷｯﾁﾝ", "address": "\t\t\t東京都大田区田園調布4丁目\t\t\t\t\t\t\t\t\t\t\t\t\t\t\t\t\t\t\t\t\t\t\t\t\t\t\t\t\t\t\t\t\t\t\t\t\t\t\t\t", "municipality": "大田区", "needs": [], "frequency": "", "url": "", "lgCode": "131113", "source": "大田区", "license": "クリエイティブ・コモンズ 表示（CC BY）"}}, {"type": "Feature", "geometry": {"type": "Point", "coordinates": [139.687805, 35.589714]}, "properties": {"name": "ｶﾌｪｷｬﾋﾞﾝ", "address": "\t\t\t東京都大田区南雪谷5-3-12 CAFE CABIN\t\t\t\t\t\t\t\t\t\t\t\t\t\t\t\t\t\t\t\t\t\t\t\t\t\t\t\t\t\t\t\t\t\t\t\t\t\t\t\t", "municipality": "大田区", "needs": [], "frequency": "", "url": "", "lgCode": "131113", "source": "大田区", "license": "クリエイティブ・コモンズ 表示（CC BY）"}}, {"type": "Feature", "geometry": {"type": "Point", "coordinates": [139.687805, 35.589714]}, "properties": {"name": "たんぽぽ食堂", "address": "\t\t\t東京都大田区南雪谷5-3-12 CAFE CABIN\t\t\t\t\t\t\t\t\t\t\t\t\t\t\t\t\t\t\t\t\t\t\t\t\t\t\t\t\t\t\t\t\t\t\t\t\t\t\t\t", "municipality": "大田区", "needs": [], "frequency": "", "url": "", "lgCode": "131113", "source": "大田区", "license": "クリエイティブ・コモンズ 表示（CC BY）"}}, {"type": "Feature", "geometry": {"type": "Point", "coordinates": [139.673752, 35.582569]}, "properties": {"name": "子ども食堂ｳﾒｷｯﾁﾝ", "address": "東京都田園調布本町29-8 ごはん処梅吉\t\t\t\t\t\t\t\t\t\t\t\t\t\t\t\t\t\t\t\t\t\t\t\t\t\t\t\t\t\t\t\t\t\t\t\t\t\t\t\t", "municipality": "大田区", "needs": [], "frequency": "", "url": "", "lgCode": "131113", "source": "大田区", "license": "クリエイティブ・コモンズ 表示（CC BY）"}}, {"type": "Feature", "geometry": {"type": "Point", "coordinates": [139.698151, 35.585693]}, "properties": {"name": "子ども食堂ﾌﾗﾝｼｽｺの広場", "address": "\t\t\t東京都大田区仲池上1-21-11\t\t\t\t\t\t\t\t\t\t\t\t\t\t\t\t\t\t\t\t\t\t\t\t\t\t\t\t\t\t\t\t\t\t\t\t\t\t\t\t", "municipality": "大田区", "needs": [], "frequency": "", "url": "", "lgCode": "131113", "source": "大田区", "license": "クリエイティブ・コモンズ 表示（CC BY）"}}, {"type": "Feature", "geometry": {"type": "Point", "coordinates": [139.694656, 35.573032]}, "properties": {"name": "こあら村のこども食堂", "address": "東京都大田区久が原6-26-4 NPO法人こあら村\t\t\t\t\t\t\t\t\t\t\t\t\t\t\t\t\t\t\t\t\t\t\t\t\t\t\t\t\t\t\t\t\t\t\t\t\t\t\t\t", "municipality": "大田区", "needs": [], "frequency": "", "url": "", "lgCode": "131113", "source": "大田区", "license": "クリエイティブ・コモンズ 表示（CC BY）"}}, {"type": "Feature", "geometry": {"type": "Point", "coordinates": [139.709946, 35.59919]}, "properties": {"name": "馬込子まもり食堂", "address": "\t\t\t東京都大田区北馬込2-5-5 宗福寺\t\t\t\t\t\t\t\t\t\t\t\t\t\t\t\t\t\t\t\t\t\t\t\t\t\t\t\t\t\t\t\t\t\t\t\t\t\t\t\t", "municipality": "大田区", "needs": [], "frequency": "", "url": "", "lgCode": "131113", "source": "大田区", "license": "クリエイティブ・コモンズ 表示（CC BY）"}}, {"type": "Feature", "geometry": {"type": "Point", "coordinates": [139.705475, 35.58651]}, "properties": {"name": "れんげの会こども食堂Withおとな", "address": "東京都大田区西馬込2-20-1 ﾗｲﾌｺﾐｭﾆﾃｨ西馬込 他\t\t\t\t\t\t\t\t\t\t\t\t\t\t\t\t\t\t\t\t\t\t\t\t\t\t\t\t\t\t\t\t\t\t\t\t\t\t\t\t", "municipality": "大田区", "needs": [], "frequency": "", "url": "", "lgCode": "131113", "source": "大田区", "license": "クリエイティブ・コモンズ 表示（CC BY）"}}, {"type": "Feature", "geometry": {"type": "Point", "coordinates": [139.705475, 35.58651]}, "properties": {"name": "絆倶楽部", "address": "東京都大田区西馬込2-20-1 ﾗｲﾌｺﾐｭﾆﾃｨ西馬込 他\t\t\t\t\t\t\t\t\t\t\t\t\t\t\t\t\t\t\t\t\t\t\t\t\t\t\t\t\t\t\t\t\t\t\t\t\t\t\t\t", "municipality": "大田区", "needs": [], "frequency": "", "url": "", "lgCode": "131113", "source": "大田区", "license": "クリエイティブ・コモンズ 表示（CC BY）"}}, {"type": "Feature", "geometry": {"type": "Point", "coordinates": [139.705475, 35.58651]}, "properties": {"name": "絆カフェ", "address": "東京都大田区西馬込2-20-1 ﾗｲﾌｺﾐｭﾆﾃｨ西馬込 他\t\t\t\t\t\t\t\t\t\t\t\t\t\t\t\t\t\t\t\t\t\t\t\t\t\t\t\t\t\t\t\t\t\t\t\t\t\t\t\t", "municipality": "大田区", "needs": [], "frequency": "", "url": "", "lgCode": "131113", "source": "大田区", "license": "クリエイティブ・コモンズ 表示（CC BY）"}}, {"type": "Feature", "geometry": {"type": "Point", "coordinates": [139.705475, 35.58651]}, "properties": {"name": "絆御飯", "address": "東京都大田区西馬込2-20-1 ﾗｲﾌｺﾐｭﾆﾃｨ西馬込 他\t\t\t\t\t\t\t\t\t\t\t\t\t\t\t\t\t\t\t\t\t\t\t\t\t\t\t\t\t\t\t\t\t\t\t\t\t\t\t\t", "municipality": "大田区", "needs": [], "frequency": "", "url": "", "lgCode": "131113", "source": "大田区", "license": "クリエイティブ・コモンズ 表示（CC BY）"}}, {"type": "Feature", "geometry": {"type": "Point", "coordinates": [139.705475, 35.58651]}, "properties": {"name": "てくてく食堂", "address": "東京都大田区西馬込2-20-1 ﾗｲﾌｺﾐｭﾆﾃｨ西馬込 他\t\t\t\t\t\t\t\t\t\t\t\t\t\t\t\t\t\t\t\t\t\t\t\t\t\t\t\t\t\t\t\t\t\t\t\t\t\t\t\t", "municipality": "大田区", "needs": [], "frequency": "", "url": "", "lgCode": "131113", "source": "大田区", "license": "クリエイティブ・コモンズ 表示（CC BY）"}}, {"type": "Feature", "geometry": {"type": "Point", "coordinates": [139.712738, 35.589218]}, "properties": {"name": "南馬込ｱｸﾞﾈｽこども食堂", "address": "東京都大田区南馬込1-58-8 大森聖ｱｸﾞﾈｽ教会ﾎｰﾙ\t\t\t\t\t\t\t\t\t\t\t\t\t\t\t\t\t\t\t\t\t\t\t\t\t\t\t\t\t\t\t\t\t\t\t\t\t\t\t\t", "municipality": "大田区", "needs": [], "frequency": "", "url": "", "lgCode": "131113", "source": "大田区", "license": "クリエイティブ・コモンズ 表示（CC BY）"}}, {"type": "Feature", "geometry": {"type": "Point", "coordinates": [139.722198, 35.591785]}, "properties": {"name": "Steak＆Hamburg SOH", "address": "東京都大田区山王2-36-9 Steak&Hamburg SOH\t\t\t\t\t\t\t\t\t\t\t\t\t\t\t\t\t\t\t\t\t\t\t\t\t\t\t\t\t\t\t\t\t\t\t\t\t\t\t\t", "municipality": "大田区", "needs": [], "frequency": "", "url": "", "lgCode": "131113", "source": "大田区", "license": "クリエイティブ・コモンズ 表示（CC BY）"}}, {"type": "Feature", "geometry": {"type": "Point", "coordinates": [139.727737, 35.589214]}, "properties": {"name": "おばんざい　地獄に佛", "address": "\t\t\t東京都大田区山王2-2-15 地獄谷\t\t\t\t\t\t\t\t\t\t\t\t\t\t\t\t\t\t\t\t\t\t\t\t\t\t\t\t\t\t\t\t\t\t\t\t\t\t\t\t", "municipality": "大田区", "needs": [], "frequency": "", "url": "", "lgCode": "131113", "source": "大田区", "license": "クリエイティブ・コモンズ 表示（CC BY）"}}, {"type": "Feature", "geometry": {"type": "Point", "coordinates": [139.71907, 35.580662]}, "properties": {"name": "おやこｶﾌｪｳﾞｪﾙﾃﾞ", "address": "\t\t\t東京都大田区中央1-15-1-101 おやこcafe verde\t\t\t\t\t\t\t\t\t\t\t\t\t\t\t\t\t\t\t\t\t\t\t\t\t\t\t\t\t\t\t\t\t\t\t\t\t\t\t\t", "municipality": "大田区", "needs": [], "frequency": "", "url": "", "lgCode": "131113", "source": "大田区", "license": "クリエイティブ・コモンズ 表示（CC BY）"}}, {"type": "Feature", "geometry": {"type": "Point", "coordinates": [139.71991, 35.579456]}, "properties": {"name": "ほっとねっとｷｯﾁﾝ", "address": "東京都大田区中央2-10-1 大田文化の森\t\t\t\t\t\t\t\t\t\t\t\t\t\t\t\t\t\t\t\t\t\t\t\t\t\t\t\t\t\t\t\t\t\t\t\t\t\t\t\t", "municipality": "大田区", "needs": [], "frequency": "", "url": "", "lgCode": "131113", "source": "大田区", "license": "クリエイティブ・コモンズ 表示（CC BY）"}}, {"type": "Feature", "geometry": {"type": "Point", "coordinates": [139.701462, 35.573608]}, "properties": {"name": "みんなでべジ食", "address": "\t\t\t東京都大田区池上3-32-17 ﾂｲﾝｳｯﾄﾞｽｸｴｱ1階 せわのわ\t\t\t\t\t\t\t\t\t\t\t\t\t\t\t\t\t\t\t\t\t\t\t\t\t\t\t\t\t\t\t\t\t\t\t\t\t\t\t\t", "municipality": "大田区", "needs": [], "frequency": "", "url": "", "lgCode": "131113", "source": "大田区", "license": "クリエイティブ・コモンズ 表示（CC BY）"}}, {"type": "Feature", "geometry": {"type": "Point", "coordinates": [139.728745, 35.585625]}, "properties": {"name": "子ども食堂ｵﾑﾗｲｽ食堂", "address": "東京都大田区大森北1-29-6 洋食亭おおはし\t\t\t\t\t\t\t\t\t\t\t\t\t\t\t\t\t\t\t\t\t\t\t\t\t\t\t\t\t\t\t\t\t\t\t\t\t\t\t\t", "municipality": "大田区", "needs": [], "frequency": "", "url": "", "lgCode": "131113", "source": "大田区", "license": "クリエイティブ・コモンズ 表示（CC BY）"}}, {"type": "Feature", "geometry": {"type": "Point", "coordinates": [139.728333, 35.578014]}, "properties": {"name": "こども＆ｼﾆｱ　もりもり食堂", "address": "東京都大田区大森西2-2-1 ﾌﾟﾗﾑﾊｲﾂ大森西集会室\t\t\t\t\t\t\t\t\t\t\t\t\t\t\t\t\t\t\t\t\t\t\t\t\t\t\t\t\t\t\t\t\t\t\t\t\t\t\t\t", "municipality": "大田区", "needs": [], "frequency": "", "url": "", "lgCode": "131113", "source": "大田区", "license": "クリエイティブ・コモンズ 表示（CC BY）"}}, {"type": "Feature", "geometry": {"type": "Point", "coordinates": [139.728333, 35.578014]}, "properties": {"name": "こども食堂おやこｷｯﾁﾝ", "address": "東京都大田区大森西2-2-1 ﾌﾟﾗﾑﾊｲﾂ大森西集会室\t\t\t\t\t\t\t\t\t\t\t\t\t\t\t\t\t\t\t\t\t\t\t\t\t\t\t\t\t\t\t\t\t\t\t\t\t\t\t\t", "municipality": "大田区", "needs": [], "frequency": "", "url": "", "lgCode": "131113", "source": "大田区", "license": "クリエイティブ・コモンズ 表示（CC BY）"}}, {"type": "Feature", "geometry": {"type": "Point", "coordinates": [139.731476, 35.570984]}, "properties": {"name": "きょうもおいで", "address": "東京都大田区大森西5-29-22 大森駅高架下渋谷ﾌﾞﾚﾝﾄﾞ株式会社内\t\t\t\t\t\t\t\t\t\t\t\t\t\t\t\t\t\t\t\t\t\t\t\t\t\t\t\t\t\t\t\t\t\t\t\t\t\t\t\t", "municipality": "大田区", "needs": [], "frequency": "", "url": "", "lgCode": "131113", "source": "大田区", "license": "クリエイティブ・コモンズ 表示（CC BY）"}}, {"type": "Feature", "geometry": {"type": "Point", "coordinates": [139.728088, 35.563591]}, "properties": {"name": "はちみつ食堂", "address": "東京都大田区東蒲田1-20-3-102 ひがしかまた本の部屋\t\t\t\t\t\t\t\t\t\t\t\t\t\t\t\t\t\t\t\t\t\t\t\t\t\t\t\t\t\t\t\t\t\t\t\t\t\t\t\t", "municipality": "大田区", "needs": [], "frequency": "", "url": "", "lgCode": "131113", "source": "大田区", "license": "クリエイティブ・コモンズ 表示（CC BY）"}}, {"type": "Feature", "geometry": {"type": "Point", "coordinates": [139.715088, 35.563683]}, "properties": {"name": "感動こども食堂", "address": "東京都大田区西蒲田7-5-12 蒲田中央ﾋﾞﾙ2階 ﾋﾞｽﾄﾛｱｼﾞﾙ蒲田店\t\t\t\t\t\t\t\t\t\t\t\t\t\t\t\t\t\t\t\t\t\t\t\t\t\t\t\t\t\t\t\t\t\t\t\t\t\t\t\t", "municipality": "大田区", "needs": [], "frequency": "", "url": "", "lgCode": "131113", "source": "大田区", "license": "クリエイティブ・コモンズ 表示（CC BY）"}}, {"type": "Feature", "geometry": {"type": "Point", "coordinates": [139.707352, 35.564472]}, "properties": {"name": "だんだんﾜﾝｺｲﾝこども食堂", "address": "\t\t\t東京都大田区東矢口1-17-9 気まぐれ八百屋だんだん\t\t\t\t\t\t\t\t\t\t\t\t\t\t\t\t\t\t\t\t\t\t\t\t\t\t\t\t\t\t\t\t\t\t\t\t\t\t\t\t", "municipality": "大田区", "needs": [], "frequency": "", "url": "", "lgCode": "131113", "source": "大田区", "license": "クリエイティブ・コモンズ 表示（CC BY）"}}, {"type": "Feature", "geometry": {"type": "Point", "coordinates": [139.685287, 35.570511]}, "properties": {"name": "いちご食堂", "address": "東京都大田区下丸子3-8-15 渡部ﾋﾞﾙ201 NPO法人一期JAM\t\t\t\t\t\t\t\t\t\t\t\t\t\t\t\t\t\t\t\t\t\t\t\t\t\t\t\t\t\t\t\t\t\t\t\t\t\t\t\t", "municipality": "大田区", "needs": [], "frequency": "", "url": "", "lgCode": "131113", "source": "大田区", "license": "クリエイティブ・コモンズ 表示（CC BY）"}}, {"type": "Feature", "geometry": {"type": "Point", "coordinates": [139.696152, 35.563896]}, "properties": {"name": "VICｽﾏｲﾙｷｯﾁﾝ", "address": "東京都大田区矢口2-1-18 東京ﾗｲﾄﾊｳｽﾁｬｰﾁ\t\t\t\t\t\t\t\t\t\t\t\t\t\t\t\t\t\t\t\t\t\t\t\t\t\t\t\t\t\t\t\t\t\t\t\t\t\t\t\t", "municipality": "大田区", "needs": [], "frequency": "", "url": "", "lgCode": "131113", "source": "大田区", "license": "クリエイティブ・コモンズ 表示（CC BY）"}}, {"type": "Feature", "geometry": {"type": "Point", "coordinates": [139.705444, 35.558414]}, "properties": {"name": "万人こども食堂", "address": "\t\t\t東京都大田区新蒲田3-4-28\t\t\t\t\t\t\t\t\t\t\t\t\t\t\t\t\t\t\t\t\t\t\t\t\t\t\t\t\t\t\t\t\t\t\t\t\t\t\t\t", "municipality": "大田区", "needs": [], "frequency": "", "url": "", "lgCode": "131113", "source": "大田区", "license": "クリエイティブ・コモンズ 表示（CC BY）"}}, {"type": "Feature", "geometry": {"type": "Point", "coordinates": [139.708786, 35.558983]}, "properties": {"name": "子ども食堂やんやん", "address": "東京都大田区新蒲田2-1-13 森井ﾋﾞﾙ103\t\t\t\t\t\t\t\t\t\t\t\t\t\t\t\t\t\t\t\t\t\t\t\t\t\t\t\t\t\t\t\t\t\t\t\t\t\t\t\t", "municipality": "大田区", "needs": [], "frequency": "", "url": "", "lgCode": "131113", "source": "大田区", "license": "クリエイティブ・コモンズ 表示（CC BY）"}}, {"type": "Feature", "geometry": {"type": "Point", "coordinates": [139.725937, 35.545918]}, "properties": {"name": "ﾕﾆﾊﾞｰｻﾙこども食堂", "address": "東京都大田区南六郷1-34-4 7号棟\t\t\t\t\t\t\t\t\t\t\t\t\t\t\t\t\t\t\t\t\t\t\t\t\t\t\t\t\t\t\t\t\t\t\t\t\t\t\t\t", "municipality": "大田区", "needs": [], "frequency": "", "url": "", "lgCode": "131113", "source": "大田区", "license": "クリエイティブ・コモンズ 表示（CC BY）"}}, {"type": "Feature", "geometry": {"type": "Point", "coordinates": [139.721436, 35.544682]}, "properties": {"name": "おおたﾗｰﾒﾝこども食堂（南六郷）", "address": "東京都大田区南六郷2-35-1-121 南六郷二丁目団地\t\t\t\t\t\t\t\t\t\t\t\t\t\t\t\t\t\t\t\t\t\t\t\t\t\t\t\t\t\t\t\t\t\t\t\t\t\t\t\t", "municipality": "大田区", "needs": [], "frequency": "", "url": "", "lgCode": "131113", "source": "大田区", "license": "クリエイティブ・コモンズ 表示（CC BY）"}}, {"type": "Feature", "geometry": {"type": "Point", "coordinates": [139.724854, 35.548786]}, "properties": {"name": "おおたﾗｰﾒﾝこども食堂（本羽田）", "address": "\t\t\t東京都大田区本羽田1-12-9 本羽田一丁目町会会館\t\t\t\t\t\t\t\t\t\t\t\t\t\t\t\t\t\t\t\t\t\t\t\t\t\t\t\t\t\t\t\t\t\t\t\t\t\t\t\t", "municipality": "大田区", "needs": [], "frequency": "", "url": "", "lgCode": "131113", "source": "大田区", "license": "クリエイティブ・コモンズ 表示（CC BY）"}}, {"type": "Feature", "geometry": {"type": "Point", "coordinates": [139.738174, 35.568409]}, "properties": {"name": "大森東しあわせ食堂", "address": "東京都大田区大森東4-6-15 城南保健生協前スペース\t\t\t\t\t\t\t\t\t\t\t\t\t\t\t\t\t\t\t\t\t\t\t\t\t\t\t\t\t\t\t\t\t\t\t\t\t\t\t\t", "municipality": "大田区", "needs": [], "frequency": "", "url": "", "lgCode": "131113", "source": "大田区", "license": "クリエイティブ・コモンズ 表示（CC BY）"}}, {"type": "Feature", "geometry": {"type": "Point", "coordinates": [139.745056, 35.546379]}, "properties": {"name": "おうち食堂ﾈｯﾄﾜｰｸ", "address": "東京都大田区羽田3町目\t\t\t\t\t\t\t\t\t\t\t\t\t\t\t\t\t\t\t\t\t\t\t\t\t\t\t\t\t\t\t\t\t\t\t\t\t\t\t\t", "municipality": "大田区", "needs": [], "frequency": "", "url": "", "lgCode": "131113", "source": "大田区", "license": "クリエイティブ・コモンズ 表示（CC BY）"}}, {"type": "Feature", "geometry": {"type": "Point", "coordinates": [139.711304, 35.557274]}, "properties": {"name": "ひこうき食堂", "address": "\t\t\t東京都大田区新蒲田1-18-16 ｶﾑｶﾑ新蒲田\t\t\t\t\t\t\t\t\t\t\t\t\t\t\t\t\t\t\t\t\t\t\t\t\t\t\t\t\t\t\t\t\t\t\t\t\t\t\t\t", "municipality": "大田区", "needs": [], "frequency": "", "url": "", "lgCode": "131113", "source": "大田区", "license": "クリエイティブ・コモンズ 表示（CC BY）"}}, {"type": "Feature", "geometry": {"type": "Point", "coordinates": [139.73822, 35.577274]}, "properties": {"name": "ﾄｰｷｮｰｺｰﾋｰ大田区　かぞく食堂", "address": "東京都大田区大森東1-28-9 美原文化ｾﾝﾀｰ\t\t\t\t\t\t\t\t\t\t\t\t\t\t\t\t\t\t\t\t\t\t\t\t\t\t\t\t\t\t\t\t\t\t\t\t\t\t\t\t", "municipality": "大田区", "needs": [], "frequency": "", "url": "", "lgCode": "131113", "source": "大田区", "license": "クリエイティブ・コモンズ 表示（CC BY）"}}, {"type": "Feature", "geometry": {"type": "Point", "coordinates": [139.737106, 35.553143]}, "properties": {"name": "SOMPO流子ども食堂（そんぽの家　大鳥居）", "address": "東京都大田区西糀谷3-32-2 そんぽの家 大鳥居\t\t\t\t\t\t\t\t\t\t\t\t\t\t\t\t\t\t\t\t\t\t\t\t\t\t\t\t\t\t\t\t\t\t\t\t\t\t\t\t", "municipality": "大田区", "needs": [], "frequency": "", "url": "", "lgCode": "131113", "source": "大田区", "license": "クリエイティブ・コモンズ 表示（CC BY）"}}, {"type": "Feature", "geometry": {"type": "Point", "coordinates": [139.719681, 35.5522]}, "properties": {"name": "SOMPO流子ども食堂（そんぽの家　東六郷）", "address": "東京都大田区東六郷1-19-1 そんぽの家 東六郷\t\t\t\t\t\t\t\t\t\t\t\t\t\t\t\t\t\t\t\t\t\t\t\t\t\t\t\t\t\t\t\t\t\t\t\t\t\t\t\t", "municipality": "大田区", "needs": [], "frequency": "", "url": "", "lgCode": "131113", "source": "大田区", "license": "クリエイティブ・コモンズ 表示（CC BY）"}}, {"type": "Feature", "geometry": {"type": "Point", "coordinates": [139.738251, 35.552994]}, "properties": {"name": "SOMPO流子ども食堂（そんぽの家S　西糀谷）", "address": "\t\t\t東京都大田区西糀谷3-32-15 そんぽの家S 西糀谷\t\t\t\t\t\t\t\t\t\t\t\t\t\t\t\t\t\t\t\t\t\t\t\t\t\t\t\t\t\t\t\t\t\t\t\t\t\t\t\t", "municipality": "大田区", "needs": [], "frequency": "", "url": "", "lgCode": "131113", "source": "大田区", "license": "クリエイティブ・コモンズ 表示（CC BY）"}}, {"type": "Feature", "geometry": {"type": "Point", "coordinates": [139.741928, 35.548328]}, "properties": {"name": "SOMPO流子ども食堂（そんぽの家S　羽田）", "address": "東京都大田区羽田2-2-11 そんぽの家S 羽田\t\t\t\t\t\t\t\t\t\t\t\t\t\t\t\t\t\t\t\t\t\t\t\t\t\t\t\t\t\t\t\t\t\t\t\t\t\t\t\t", "municipality": "大田区", "needs": [], "frequency": "", "url": "", "lgCode": "131113", "source": "大田区", "license": "クリエイティブ・コモンズ 表示（CC BY）"}}, {"type": "Feature", "geometry": {"type": "Point", "coordinates": [139.744949, 35.558167]}, "properties": {"name": "SOMPO流子ども食堂（ﾗｳﾞｨｰﾚ羽田）", "address": "東京都大田区東糀谷5-19-18 ﾗｳﾞｨｰﾚ羽田\t\t\t\t\t\t\t\t\t\t\t\t\t\t\t\t\t\t\t\t\t\t\t\t\t\t\t\t\t\t\t\t\t\t\t\t\t\t\t\t", "municipality": "大田区", "needs": [], "frequency": "", "url": "", "lgCode": "131113", "source": "大田区", "license": "クリエイティブ・コモンズ 表示（CC BY）"}}, {"type": "Feature", "geometry": {"type": "Point", "coordinates": [139.699097, 35.558296]}, "properties": {"name": "SOMPO流子ども食堂（ﾗｳﾞｨｰﾚ多摩川）", "address": "東京都大田区多摩川2-13-22 ラヴィーレ多摩川\t\t\t\t\t\t\t\t\t\t\t\t\t\t\t\t\t\t\t\t\t\t\t\t\t\t\t\t\t\t\t\t\t\t\t\t\t\t\t\t", "municipality": "大田区", "needs": [], "frequency": "", "url": "", "lgCode": "131113", "source": "大田区", "license": "クリエイティブ・コモンズ 表示（CC BY）"}}, {"type": "Feature", "geometry": {"type": "Point", "coordinates": [139.721436, 35.544682]}, "properties": {"name": "南六未来食堂", "address": "東京都大田区南六郷2-35-1-121 南六郷2丁目団地\t\t\t\t\t\t\t\t\t\t\t\t\t\t\t\t\t\t\t\t\t\t\t\t\t\t\t\t\t\t\t\t\t\t\t\t\t\t\t\t", "municipality": "大田区", "needs": [], "frequency": "", "url": "", "lgCode": "131113", "source": "大田区", "license": "クリエイティブ・コモンズ 表示（CC BY）"}}, {"type": "Feature", "geometry": {"type": "Point", "coordinates": [139.697357, 35.602592]}, "properties": {"name": "みんなの食堂", "address": "東京都大田区上池台1-13-4 関口ﾋﾞﾙ1階 もなりざ邸\t\t\t\t\t\t\t\t\t\t\t\t\t\t\t\t\t\t\t\t\t\t\t\t\t\t\t\t\t\t\t\t\t\t\t\t\t\t\t\t", "municipality": "大田区", "needs": [], "frequency": "", "url": "", "lgCode": "131113", "source": "大田区", "license": "クリエイティブ・コモンズ 表示（CC BY）"}}, {"type": "Feature", "geometry": {"type": "Point", "coordinates": [139.73172, 35.551392]}, "properties": {"name": "羽田のこのこ食堂", "address": "東京都大田区萩中2-11-5-1F 羽田のこのこ\t\t\t\t\t\t\t\t\t\t\t\t\t\t\t\t\t\t\t\t\t\t\t\t\t\t\t\t\t\t\t\t\t\t\t\t\t\t\t\t", "municipality": "大田区", "needs": [], "frequency": "", "url": "", "lgCode": "131113", "source": "大田区", "license": "クリエイティブ・コモンズ 表示（CC BY）"}}, {"type": "Feature", "geometry": {"type": "Point", "coordinates": [139.717972, 35.562046]}, "properties": {"name": "ﾄﾘﾔｷ大学こども食堂", "address": "東京都大田区蒲田5-19-15 蒲田東口中央ﾋﾞﾙ2階\t\t\t\t\t\t\t\t\t\t\t\t\t\t\t\t\t\t\t\t\t\t\t\t\t\t\t\t\t\t\t\t\t\t\t\t\t\t\t\t", "municipality": "大田区", "needs": [], "frequency": "", "url": "", "lgCode": "131113", "source": "大田区", "license": "クリエイティブ・コモンズ 表示（CC BY）"}}, {"type": "Feature", "geometry": {"type": "Point", "coordinates": [139.718964, 35.576363]}, "properties": {"name": "子ども食堂ママちゃんち", "address": "東京都大田区中央3丁目\t\t\t\t\t\t\t\t\t\t\t\t\t\t\t\t\t\t\t\t\t\t\t\t\t\t\t\t\t\t\t\t\t\t\t\t\t\t\t\t", "municipality": "大田区", "needs": [], "frequency": "", "url": "", "lgCode": "131113", "source": "大田区", "license": "クリエイティブ・コモンズ 表示（CC BY）"}}, {"type": "Feature", "geometry": {"type": "Point", "coordinates": [139.725937, 35.545918]}, "properties": {"name": "えんむすび", "address": "東京都大田区南六郷1-34-4 5号棟\t\t\t\t\t\t\t\t\t\t\t\t\t\t\t\t\t\t\t\t\t\t\t\t\t\t\t\t\t\t\t\t\t\t\t\t\t\t\t\t", "municipality": "大田区", "needs": [], "frequency": "", "url": "", "lgCode": "131113", "source": "大田区", "license": "クリエイティブ・コモンズ 表示（CC BY）"}}, {"type": "Feature", "geometry": {"type": "Point", "coordinates": [139.718796, 35.579342]}, "properties": {"name": "ﾌｰﾄﾞﾊﾞﾝｸ大田芋やぽんぽこ子ども食堂", "address": "東京都大田区中央4-32-8 焼き芋店芋やぽんぽこ\t\t\t\t\t\t\t\t\t\t\t\t\t\t\t\t\t\t\t\t\t\t\t\t\t\t\t\t\t\t\t\t\t\t\t\t\t\t\t\t", "municipality": "大田区", "needs": [], "frequency": "", "url": "", "lgCode": "131113", "source": "大田区", "license": "クリエイティブ・コモンズ 表示（CC BY）"}}, {"type": "Feature", "geometry": {"type": "Point", "coordinates": [139.731964, 35.551449]}, "properties": {"name": "", "address": "東京都大田区萩中2-6-13", "municipality": "大田区", "needs": [], "frequency": "", "url": "", "lgCode": "", "source": "大田区", "license": "クリエイティブ・コモンズ 表示（CC BY）"}}, {"type": "Feature", "geometry": {"type": "Point", "coordinates": [139.694061, 35.637077]}, "properties": {"name": "こどもば食堂＠上目黒", "address": "東京都目黒区祐天寺2-6-6", "municipality": "目黒区", "needs": [], "frequency": "", "url": "", "lgCode": "", "source": "目黒区", "license": "クリエイティブ・コモンズ 表示（CC BY）"}}, {"type": "Feature", "geometry": {"type": "Point", "coordinates": [139.691818, 35.632286]}, "properties": {"name": "こどもば食堂＠中央町", "address": "東京都目黒区中央町2-4-18", "municipality": "目黒区", "needs": [], "frequency": "", "url": "", "lgCode": "", "source": "目黒区", "license": "クリエイティブ・コモンズ 表示（CC BY）"}}, {"type": "Feature", "geometry": {"type": "Point", "coordinates": [139.694061, 35.637077]}, "properties": {"name": "かみめみんなの食堂", "address": "東京都目黒区祐天寺2-6-6", "municipality": "目黒区", "needs": [], "frequency": "", "url": "", "lgCode": "", "source": "目黒区", "license": "クリエイティブ・コモンズ 表示（CC BY）"}}, {"type": "Feature", "geometry": {"type": "Point", "coordinates": [139.696442, 35.637329]}, "properties": {"name": "おてらでごはん", "address": "東京都目黒区中目黒5-24-53", "municipality": "目黒区", "needs": [], "frequency": "", "url": "", "lgCode": "", "source": "目黒区", "license": "クリエイティブ・コモンズ 表示（CC BY）"}}, {"type": "Feature", "geometry": {"type": "Point", "coordinates": [139.710938, 35.636093]}, "properties": {"name": "ゆとり会議室", "address": "東京都目黒区目黒区鷹番3-12-3", "municipality": "目黒区", "needs": [], "frequency": "", "url": "", "lgCode": "", "source": "目黒区", "license": "クリエイティブ・コモンズ 表示（CC BY）"}}, {"type": "Feature", "geometry": {"type": "Point", "coordinates": [139.695251, 35.625484]}, "properties": {"name": "ちゃいるどべーす目黒本町", "address": "東京都目黒区目黒本町2-1-20", "municipality": "目黒区", "needs": [], "frequency": "", "url": "", "lgCode": "", "source": "目黒区", "license": "クリエイティブ・コモンズ 表示（CC BY）"}}, {"type": "Feature", "geometry": {"type": "Point", "coordinates": [139.684296, 35.617981]}, "properties": {"name": "すずめ食堂", "address": "東京都目黒区碑文谷3-15-5", "municipality": "目黒区", "needs": [], "frequency": "", "url": "", "lgCode": "", "source": "目黒区", "license": "クリエイティブ・コモンズ 表示（CC BY）"}}, {"type": "Feature", "geometry": {"type": "Point", "coordinates": [139.672562, 35.61858]}, "properties": {"name": "とりつだい処", "address": "東京都目黒区八雲1-10-5", "municipality": "目黒区", "needs": [], "frequency": "", "url": "", "lgCode": "", "source": "目黒区", "license": "クリエイティブ・コモンズ 表示（CC BY）"}}, {"type": "Feature", "geometry": {"type": "Point", "coordinates": [139.669861, 35.627186]}, "properties": {"name": "ECO膳", "address": "東京都目黒区東が丘1-7-14", "municipality": "目黒区", "needs": [], "frequency": "", "url": "", "lgCode": "", "source": "目黒区", "license": "クリエイティブ・コモンズ 表示（CC BY）"}}, {"type": "Feature", "geometry": {"type": "Point", "coordinates": [139.695877, 35.649788]}, "properties": {"name": "まると食堂", "address": "東京都目黒区青葉台2-10-18", "municipality": "目黒区", "needs": [], "frequency": "", "url": "", "lgCode": "", "source": "目黒区", "license": "クリエイティブ・コモンズ 表示（CC BY）"}}, {"type": "Feature", "geometry": {"type": "Point", "coordinates": [139.698166, 35.623287]}, "properties": {"name": "おやこカフェ", "address": "東京都目黒区目黒本町4-3-14", "municipality": "目黒区", "needs": [], "frequency": "", "url": "", "lgCode": "", "source": "目黒区", "license": "クリエイティブ・コモンズ 表示（CC BY）"}}, {"type": "Feature", "geometry": {"type": "Point", "coordinates": [139.740021, 35.622341]}, "properties": {"name": "クロモンこども食堂", "address": "品川区北品川１丁目周辺", "municipality": "品川区", "needs": [], "frequency": "", "url": "", "lgCode": "131091", "source": "品川区", "license": "クリエイティブ・コモンズ 表示（CC BY）"}}, {"type": "Feature", "geometry": {"type": "Point", "coordinates": [139.740005, 35.611607]}, "properties": {"name": "となんこども食堂", "address": "品川区南品川６－６－７   ", "municipality": "品川区", "needs": [], "frequency": "", "url": "", "lgCode": "131091", "source": "品川区", "license": "クリエイティブ・コモンズ 表示（CC BY）"}}, {"type": "Feature", "geometry": {"type": "Point", "coordinates": [139.73143, 35.603756]}, "properties": {"name": "ぬくもりこども食堂", "address": "品川区大井３－３－４　　在日大韓基督協会　品川教会1F", "municipality": "品川区", "needs": [], "frequency": "", "url": "", "lgCode": "131091", "source": "品川区", "license": "クリエイティブ・コモンズ 表示（CC BY）"}}, {"type": "Feature", "geometry": {"type": "Point", "coordinates": [139.717117, 35.602177]}, "properties": {"name": "子ども食堂ふたば", "address": "品川区二葉４－２１－４　二葉4丁目会館内", "municipality": "品川区", "needs": [], "frequency": "", "url": "", "lgCode": "131091", "source": "品川区", "license": "クリエイティブ・コモンズ 表示（CC BY）"}}, {"type": "Feature", "geometry": {"type": "Point", "coordinates": [139.7202, 35.605965]}, "properties": {"name": "宿題外来", "address": "品川区豊町４－１８－２１　ゆたか診療所内３F「ゆたかの家」", "municipality": "品川区", "needs": [], "frequency": "", "url": "", "lgCode": "131091", "source": "品川区", "license": "クリエイティブ・コモンズ 表示（CC BY）"}}, {"type": "Feature", "geometry": {"type": "Point", "coordinates": [139.721619, 35.598743]}, "properties": {"name": "子どもゆめ食堂だんらん", "address": "品川区西大井２－５－２１（ウェルカムセンター原）", "municipality": "品川区", "needs": [], "frequency": "", "url": "", "lgCode": "131091", "source": "品川区", "license": "クリエイティブ・コモンズ 表示（CC BY）"}}, {"type": "Feature", "geometry": {"type": "Point", "coordinates": [139.749603, 35.596588]}, "properties": {"name": "やしお食堂（旧けめとも子ども食堂）", "address": "品川区八潮５－６－３７－１０９", "municipality": "品川区", "needs": [], "frequency": "", "url": "", "lgCode": "131091", "source": "品川区", "license": "クリエイティブ・コモンズ 表示（CC BY）"}}, {"type": "Feature", "geometry": {"type": "Point", "coordinates": [139.712875, 35.60265]}, "properties": {"name": "こども食堂ビストロウッフ", "address": "品川区中延６－３－１４", "municipality": "品川区", "needs": [], "frequency": "", "url": "", "lgCode": "131091", "source": "品川区", "license": "クリエイティブ・コモンズ 表示（CC BY）"}}, {"type": "Feature", "geometry": {"type": "Point", "coordinates": [139.702774, 35.619675]}, "properties": {"name": "こども食堂あかゆ", "address": "品川区小山４－１－６　ファーストＯＫビル１０１", "municipality": "品川区", "needs": [], "frequency": "", "url": "", "lgCode": "131091", "source": "品川区", "license": "クリエイティブ・コモンズ 表示（CC BY）"}}, {"type": "Feature", "geometry": {"type": "Point", "coordinates": [139.746918, 35.616848]}, "properties": {"name": "福栄みらい塾", "address": "品川区東品川３－１－８　福栄会内", "municipality": "品川区", "needs": [], "frequency": "", "url": "", "lgCode": "131091", "source": "品川区", "license": "クリエイティブ・コモンズ 表示（CC BY）"}}, {"type": "Feature", "geometry": {"type": "Point", "coordinates": [139.712036, 35.601841]}, "properties": {"name": "オリーブの樹", "address": "品川区中延６－８－８", "municipality": "品川区", "needs": [], "frequency": "", "url": "", "lgCode": "131091", "source": "品川区", "license": "クリエイティブ・コモンズ 表示（CC BY）"}}, {"type": "Feature", "geometry": {"type": "Point", "coordinates": [139.711395, 35.606308]}, "properties": {"name": "こども食堂ｗａｉｗａｉ", "address": "品川区中延４－４－１", "municipality": "品川区", "needs": [], "frequency": "", "url": "", "lgCode": "131091", "source": "品川区", "license": "クリエイティブ・コモンズ 表示（CC BY）"}}, {"type": "Feature", "geometry": {"type": "Point", "coordinates": [139.720627, 35.625019]}, "properties": {"name": "なるとキッチン子ども食堂", "address": "品川区西五反田 2-26-4 桔梗ビル1F", "municipality": "品川区", "needs": [], "frequency": "", "url": "", "lgCode": "131091", "source": "品川区", "license": "クリエイティブ・コモンズ 表示（CC BY）"}}, {"type": "Feature", "geometry": {"type": "Point", "coordinates": [139.719498, 35.602638]}, "properties": {"name": "トントンみんなの子ども食堂", "address": "品川区二葉３－３－５　くつろぎcaféやまぼうし", "municipality": "品川区", "needs": [], "frequency": "", "url": "", "lgCode": "131091", "source": "品川区", "license": "クリエイティブ・コモンズ 表示（CC BY）"}}, {"type": "Feature", "geometry": {"type": "Point", "coordinates": [139.710175, 35.604088]}, "properties": {"name": "子ども食堂ぬまフェス！！", "address": "品川区中延４－１９－９", "municipality": "品川区", "needs": [], "frequency": "", "url": "", "lgCode": "131091", "source": "品川区", "license": "クリエイティブ・コモンズ 表示（CC BY）"}}, {"type": "Feature", "geometry": {"type": "Point", "coordinates": [139.71019, 35.612503]}, "properties": {"name": "スタジオMINAMI子ども食堂部", "address": "品川区中延１－１０－１９", "municipality": "品川区", "needs": [], "frequency": "", "url": "", "lgCode": "131091", "source": "品川区", "license": "クリエイティブ・コモンズ 表示（CC BY）"}}, {"type": "Feature", "geometry": {"type": "Point", "coordinates": [139.722549, 35.599388]}, "properties": {"name": "けめカフェ\n（旧けめとも×うたちか食堂）", "address": "品川区西大井２－４－１４", "municipality": "品川区", "needs": [], "frequency": "", "url": "", "lgCode": "131091", "source": "品川区", "license": "クリエイティブ・コモンズ 表示（CC BY）"}}, {"type": "Feature", "geometry": {"type": "Point", "coordinates": [139.701263, 35.606434]}, "properties": {"name": "旗の台ひかりっ子食堂", "address": "品川区旗の台６－２２－２４　日本聖公会三光教会", "municipality": "品川区", "needs": [], "frequency": "", "url": "", "lgCode": "131091", "source": "品川区", "license": "クリエイティブ・コモンズ 表示（CC BY）"}}, {"type": "Feature", "geometry": {"type": "Point", "coordinates": [139.70076, 35.611954]}, "properties": {"name": "みつばちマーヤこども食堂", "address": "品川区荏原７－6－９　摩耶寺会館２階", "municipality": "品川区", "needs": [], "frequency": "", "url": "", "lgCode": "131091", "source": "品川区", "license": "クリエイティブ・コモンズ 表示（CC BY）"}}, {"type": "Feature", "geometry": {"type": "Point", "coordinates": [139.727371, 35.613964]}, "properties": {"name": "あーちゃんの子ども食堂", "address": "品川区西品川２－５－１０　三ツ木会館", "municipality": "品川区", "needs": [], "frequency": "", "url": "", "lgCode": "131091", "source": "品川区", "license": "クリエイティブ・コモンズ 表示（CC BY）"}}, {"type": "Feature", "geometry": {"type": "Point", "coordinates": [139.732025, 35.606953]}, "properties": {"name": "歌の力子ども食堂", "address": "品川区大井１－２２－１８", "municipality": "品川区", "needs": [], "frequency": "", "url": "", "lgCode": "131091", "source": "品川区", "license": "クリエイティブ・コモンズ 表示（CC BY）"}}, {"type": "Feature", "geometry": {"type": "Point", "coordinates": [139.728378, 35.621803]}, "properties": {"name": "クラブ・ターニー", "address": "品川区大崎1-2-2 アートヴィレッジ大崎セントラルタワー2階", "municipality": "品川区", "needs": [], "frequency": "", "url": "", "lgCode": "131091", "source": "品川区", "license": "クリエイティブ・コモンズ 表示（CC BY）"}}, {"type": "Feature", "geometry": {"type": "Point", "coordinates": [139.738037, 35.598]}, "properties": {"name": "しなちる子ども食堂", "address": "品川区南大井１－１－１８－1階", "municipality": "品川区", "needs": [], "frequency": "", "url": "", "lgCode": "131091", "source": "品川区", "license": "クリエイティブ・コモンズ 表示（CC BY）"}}, {"type": "Feature", "geometry": {"type": "Point", "coordinates": [139.72319, 35.606667]}, "properties": {"name": "ゆたか子ども食堂", "address": "品川区豊町４－１０－９　", "municipality": "品川区", "needs": [], "frequency": "", "url": "", "lgCode": "131091", "source": "品川区", "license": "クリエイティブ・コモンズ 表示（CC BY）"}}, {"type": "Feature", "geometry": {"type": "Point", "coordinates": [139.743317, 35.620426]}, "properties": {"name": "かもめこども食堂", "address": "品川区東品川１－２９－６", "municipality": "品川区", "needs": [], "frequency": "", "url": "", "lgCode": "131091", "source": "品川区", "license": "クリエイティブ・コモンズ 表示（CC BY）"}}, {"type": "Feature", "geometry": {"type": "Point", "coordinates": [139.716797, 35.608894]}, "properties": {"name": "むすびのいえ at SMK（旧レガーメ子ども食堂 at SMK）", "address": "品川区戸越６-５-５ SMK株式会社内「Chai夢」", "municipality": "品川区", "needs": [], "frequency": "", "url": "", "lgCode": "131091", "source": "品川区", "license": "クリエイティブ・コモンズ 表示（CC BY）"}}, {"type": "Feature", "geometry": {"type": "Point", "coordinates": [139.722626, 35.600109]}, "properties": {"name": "西大井ひかり食堂", "address": "品川区西大井２－４－４", "municipality": "品川区", "needs": [], "frequency": "", "url": "", "lgCode": "131091", "source": "品川区", "license": "クリエイティブ・コモンズ 表示（CC BY）"}}, {"type": "Feature", "geometry": {"type": "Point", "coordinates": [139.713638, 35.627083]}, "properties": {"name": "まるごはんこども食堂", "address": "品川区西五反田４－３１－２３", "municipality": "品川区", "needs": [], "frequency": "", "url": "", "lgCode": "131091", "source": "品川区", "license": "クリエイティブ・コモンズ 表示（CC BY）"}}, {"type": "Feature", "geometry": {"type": "Point", "coordinates": [139.739151, 35.612686]}, "properties": {"name": "かみしながわ食堂", "address": "品川区南品川４－１５－１１", "municipality": "品川区", "needs": [], "frequency": "", "url": "", "lgCode": "131091", "source": "品川区", "license": "クリエイティブ・コモンズ 表示（CC BY）"}}, {"type": "Feature", "geometry": {"type": "Point", "coordinates": [139.75029, 35.613007]}, "properties": {"name": "こども食堂はなおか", "address": "品川区東品川３－３２－１０　東品川ゆうゆうプラザ１F", "municipality": "品川区", "needs": [], "frequency": "", "url": "", "lgCode": "131091", "source": "品川区", "license": "クリエイティブ・コモンズ 表示（CC BY）"}}, {"type": "Feature", "geometry": {"type": "Point", "coordinates": [139.742172, 35.614563]}, "properties": {"name": "しーしーきっちん子ども食堂", "address": "品川区南品川２－９－２　「しこみ処」", "municipality": "品川区", "needs": [], "frequency": "", "url": "", "lgCode": "131091", "source": "品川区", "license": "クリエイティブ・コモンズ 表示（CC BY）"}}, {"type": "Feature", "geometry": {"type": "Point", "coordinates": [139.710236, 35.603088]}, "properties": {"name": "こどもダイニングほかげ", "address": "品川区中延６－１－２１", "municipality": "品川区", "needs": [], "frequency": "", "url": "", "lgCode": "131091", "source": "品川区", "license": "クリエイティブ・コモンズ 表示（CC BY）"}}, {"type": "Feature", "geometry": {"type": "Point", "coordinates": [139.750809, 35.600082]}, "properties": {"name": "子ども食堂ひよこ", "address": "品川区八潮５－１０－２７　八潮地域センター　", "municipality": "品川区", "needs": [], "frequency": "", "url": "", "lgCode": "131091", "source": "品川区", "license": "クリエイティブ・コモンズ 表示（CC BY）"}}, {"type": "Feature", "geometry": {"type": "Point", "coordinates": [139.723068, 35.614597]}, "properties": {"name": "子ども食堂灯台", "address": "品川区豊町１－３－２１", "municipality": "品川区", "needs": [], "frequency": "", "url": "", "lgCode": "131092", "source": "品川区", "license": "クリエイティブ・コモンズ 表示（CC BY）"}}, {"type": "Feature", "geometry": {"type": "Point", "coordinates": [139.70549, 35.620224]}, "properties": {"name": "むさしこやまピザ食堂", "address": "品川区小山３－１３－１２　１F", "municipality": "品川区", "needs": [], "frequency": "", "url": "", "lgCode": "131093", "source": "品川区", "license": "クリエイティブ・コモンズ 表示（CC BY）"}}, {"type": "Feature", "geometry": {"type": "Point", "coordinates": [139.785919, 35.71743]}, "properties": {"name": "下町こども食堂みらい", "address": "東京都台東区松が谷４－１２－１", "municipality": "台東区", "needs": ["学習支援", "フードパントリー"], "frequency": "5", "url": "https://taitokonet.sakura.ne.jp/", "lgCode": "131067", "source": "台東区", "license": "クリエイティブ・コモンズ 表示（CC BY）"}}, {"type": "Feature", "geometry": {"type": "Point", "coordinates": [139.801956, 35.723751]}, "properties": {"name": "下町こども食堂さくら", "address": "東京都台東区清川１－８－４", "municipality": "台東区", "needs": ["学習支援", "フードパントリー"], "frequency": "3", "url": "https://taitokonet.sakura.ne.jp/", "lgCode": "131067", "source": "台東区", "license": "クリエイティブ・コモンズ 表示（CC BY）"}}, {"type": "Feature", "geometry": {"type": "Point", "coordinates": [139.806992, 35.724274]}, "properties": {"name": "ユニバーサルスペースさくら", "address": "東京都台東区橋場１丁目", "municipality": "台東区", "needs": ["学習支援"], "frequency": "2", "url": "", "lgCode": "131067", "source": "台東区", "license": "クリエイティブ・コモンズ 表示（CC BY）"}}, {"type": "Feature", "geometry": {"type": "Point", "coordinates": [139.764191, 35.725163]}, "properties": {"name": "よみせ通りいこいの家", "address": "東京都台東区谷中３－２－９", "municipality": "台東区", "needs": ["学習支援", "フードパントリー"], "frequency": "4", "url": "https://tokyo-health.coop/ikoinoie/index.html", "lgCode": "131067", "source": "台東区", "license": "クリエイティブ・コモンズ 表示（CC BY）"}}, {"type": "Feature", "geometry": {"type": "Point", "coordinates": [139.780792, 35.69791]}, "properties": {"name": "Kids Café", "address": "東京都台東区浅草橋４－４－４", "municipality": "台東区", "needs": ["フードパントリー"], "frequency": "3", "url": "https://2hj.org/", "lgCode": "131067", "source": "台東区", "license": "クリエイティブ・コモンズ 表示（CC BY）"}}, {"type": "Feature", "geometry": {"type": "Point", "coordinates": [139.767075, 35.723694]}, "properties": {"name": "まなび部子供食堂", "address": "東京都台東区谷中４－２－３３", "municipality": "台東区", "needs": ["学習支援"], "frequency": "5", "url": "https://manabibu.tokyo/", "lgCode": "131067", "source": "台東区", "license": "クリエイティブ・コモンズ 表示（CC BY）"}}, {"type": "Feature", "geometry": {"type": "Point", "coordinates": [139.782608, 35.710472]}, "properties": {"name": "もぐもぐ子供食堂", "address": "東京都台東区東上野３－３２－１５", "municipality": "台東区", "needs": ["該当なし"], "frequency": "5", "url": "http://jyojyuin.o.oo7.jp/index.html", "lgCode": "131067", "source": "台東区", "license": "クリエイティブ・コモンズ 表示（CC BY）"}}, {"type": "Feature", "geometry": {"type": "Point", "coordinates": [139.745346, 35.71254]}, "properties": {"name": "おもてなし食堂", "address": "東京都文京区小石川3－4－14", "municipality": "文京区", "needs": [], "frequency": "5", "url": "", "lgCode": "131059", "source": "文京区", "license": "クリエイティブ・コモンズ 表示（CC BY）"}}, {"type": "Feature", "geometry": {"type": "Point", "coordinates": [139.736145, 35.72477]}, "properties": {"name": "氷川下子ども食堂", "address": "東京都文京区千石3－3－7", "municipality": "文京区", "needs": [], "frequency": "5", "url": "", "lgCode": "131059", "source": "文京区", "license": "クリエイティブ・コモンズ 表示（CC BY）"}}, {"type": "Feature", "geometry": {"type": "Point", "coordinates": [139.74588, 35.716904]}, "properties": {"name": "おたがいさま食堂せんごく", "address": "東京都文京区白山2-13-6", "municipality": "文京区", "needs": [], "frequency": "5", "url": "", "lgCode": "131059", "source": "文京区", "license": "クリエイティブ・コモンズ 表示（CC BY）"}}, {"type": "Feature", "geometry": {"type": "Point", "coordinates": [139.750107, 35.713512]}, "properties": {"name": "文京BASE子ども食堂", "address": "東京都文京区小石川3-28-14", "municipality": "文京区", "needs": [], "frequency": "5", "url": "", "lgCode": "131059", "source": "文京区", "license": "クリエイティブ・コモンズ 表示（CC BY）"}}, {"type": "Feature", "geometry": {"type": "Point", "coordinates": [139.763718, 35.727726]}, "properties": {"name": "おかえりごはん", "address": "東京都文京区千駄木3-42-4", "municipality": "文京区", "needs": [], "frequency": "4", "url": "", "lgCode": "131059", "source": "文京区", "license": "クリエイティブ・コモンズ 表示（CC BY）"}}, {"type": "Feature", "geometry": {"type": "Point", "coordinates": [139.753372, 35.725727]}, "properties": {"name": "定泉寺こども食堂", "address": "東京都文京区本駒込1-7-12", "municipality": "文京区", "needs": [], "frequency": "5", "url": "", "lgCode": "131059", "source": "文京区", "license": "クリエイティブ・コモンズ 表示（CC BY）"}}, {"type": "Feature", "geometry": {"type": "Point", "coordinates": [139.757767, 35.732182]}, "properties": {"name": "動坂ごはん", "address": "東京都文京区本駒込4-21-7", "municipality": "文京区", "needs": [], "frequency": "5", "url": "", "lgCode": "131059", "source": "文京区", "license": "クリエイティブ・コモンズ 表示（CC BY）"}}, {"type": "Feature", "geometry": {"type": "Point", "coordinates": [139.754761, 35.667259]}, "properties": {"name": "みんな食堂", "address": "港区新橋2-12-8　GEMS新橋１F", "municipality": "港区", "needs": [], "frequency": "毎週土曜日", "url": "https://heart-ribbon.jp", "lgCode": "131032", "source": "東京都福祉局", "license": "クリエイティブ・コモンズ 表示（CC BY）"}}, {"type": "Feature", "geometry": {"type": "Point", "coordinates": [139.74353, 35.657078]}, "properties": {"name": "みなと子ども食堂", "address": "港区東麻布1-8-14-202　（事務所）　　　　     ", "municipality": "港区", "needs": [], "frequency": "月２回", "url": "https://minatokodomoshokudo.org/", "lgCode": "131032", "source": "東京都福祉局", "license": "クリエイティブ・コモンズ 表示（CC BY）"}}, {"type": "Feature", "geometry": {"type": "Point", "coordinates": [139.736771, 35.641998]}, "properties": {"name": "こどもまんぷく食堂", "address": "港区高輪1-5-19-705", "municipality": "港区", "needs": [], "frequency": "毎週火曜日", "url": "https://www.facebook.com/profile.php?id=100082597962584", "lgCode": "131032", "source": "東京都福祉局", "license": "クリエイティブ・コモンズ 表示（CC BY）"}}, {"type": "Feature", "geometry": {"type": "Point", "coordinates": [139.740402, 35.672794]}, "properties": {"name": "子どものみせしょくCave", "address": "港区赤坂2-1-19　赤坂シャレーⅡB101", "municipality": "港区", "needs": [], "frequency": "毎月第３木曜日", "url": "https://instagram.com/cave_akasaka", "lgCode": "131032", "source": "東京都福祉局", "license": "クリエイティブ・コモンズ 表示（CC BY）"}}, {"type": "Feature", "geometry": {"type": "Point", "coordinates": [139.825958, 35.702354]}, "properties": {"name": "グリーンタイガーこども食堂", "address": "江東区亀戸4-21-18　　　     ", "municipality": "江東区", "needs": [], "frequency": "月1回", "url": "https://greentiger.jp", "lgCode": "131083", "source": "東京都福祉局", "license": "クリエイティブ・コモンズ 表示（CC BY）"}}, {"type": "Feature", "geometry": {"type": "Point", "coordinates": [139.790695, 35.63739]}, "properties": {"name": "無印良品東京有明のこども食堂", "address": "江東区有明2‐1‐7　Café＆Meal　MUJI東京有明内　　    ", "municipality": "江東区", "needs": [], "frequency": "月１回", "url": "", "lgCode": "131083", "source": "東京都福祉局", "license": "クリエイティブ・コモンズ 表示（CC BY）"}}, {"type": "Feature", "geometry": {"type": "Point", "coordinates": [139.721619, 35.598743]}, "properties": {"name": "子どもゆめ夢食堂　だんらん", "address": "品川区西大井２－５－２１　（ウェルカムセンター原）", "municipality": "品川区", "needs": [], "frequency": "第１・３火曜日", "url": "https://pc.tamemap.net/1310901/activities/13109010068　", "lgCode": "131091", "source": "東京都福祉局", "license": "クリエイティブ・コモンズ 表示（CC BY）"}}, {"type": "Feature", "geometry": {"type": "Point", "coordinates": [139.711395, 35.606308]}, "properties": {"name": "こども食堂ＷＡＩＷＡＩ", "address": "品川区中延４－４－１", "municipality": "品川区", "needs": [], "frequency": "毎週水曜日", "url": "https://www.facebook.com/kodomowaiwai/　", "lgCode": "131091", "source": "東京都福祉局", "license": "クリエイティブ・コモンズ 表示（CC BY）"}}, {"type": "Feature", "geometry": {"type": "Point", "coordinates": [139.724411, 35.619392]}, "properties": {"name": "ComidasTKD子ども食堂", "address": "品川区大崎３－１０－１６　1階", "municipality": "品川区", "needs": [], "frequency": "平日毎日", "url": "https://www.facebook.com/tkd.comidas.7", "lgCode": "131091", "source": "東京都福祉局", "license": "クリエイティブ・コモンズ 表示（CC BY）"}}, {"type": "Feature", "geometry": {"type": "Point", "coordinates": [139.694061, 35.637077]}, "properties": {"name": "めぐろこどもば食堂＠上目黒", "address": "目黒区祐天寺2-6-6　目黒区上目黒住区センター", "municipality": "目黒区", "needs": [], "frequency": "原則\n第四木曜日", "url": "https://megurokodomoba.or.jp/", "lgCode": "131105", "source": "東京都福祉局", "license": "クリエイティブ・コモンズ 表示（CC BY）"}}, {"type": "Feature", "geometry": {"type": "Point", "coordinates": [139.691818, 35.632286]}, "properties": {"name": "めぐろこどもば食堂＠中央町", "address": "目黒区中央町2-4-18　中央町社会教育館（中央町さくらプラザ内）", "municipality": "目黒区", "needs": [], "frequency": "原則\n第二金曜日", "url": "https://megurokodomoba.or.jp/", "lgCode": "131105", "source": "東京都福祉局", "license": "クリエイティブ・コモンズ 表示（CC BY）"}}, {"type": "Feature", "geometry": {"type": "Point", "coordinates": [139.709946, 35.59919]}, "properties": {"name": "馬込子まもり食堂", "address": "大田区北馬込2－5－5　宗福寺", "municipality": "大田区", "needs": [], "frequency": "月１回", "url": "https://www.soufukuji.jp/social/index.html", "lgCode": "131113", "source": "東京都福祉局", "license": "クリエイティブ・コモンズ 表示（CC BY）"}}, {"type": "Feature", "geometry": {"type": "Point", "coordinates": [139.705475, 35.58651]}, "properties": {"name": "れんげの会子ども食堂withおとな(新規受け入れ休止中)", "address": "大田区西馬込2-20-1 ライフコミュニティ西馬込", "municipality": "大田区", "needs": [], "frequency": "月１回", "url": "https://rengenokai.org/", "lgCode": "131113", "source": "東京都福祉局", "license": "クリエイティブ・コモンズ 表示（CC BY）"}}, {"type": "Feature", "geometry": {"type": "Point", "coordinates": [139.705475, 35.58651]}, "properties": {"name": "絆カフェ (新規受け入れ休止中)", "address": "大田区西馬込2-20-1 ライフコミュニティ西馬込", "municipality": "大田区", "needs": [], "frequency": "月１回", "url": "https://rengenokai.org/", "lgCode": "131113", "source": "東京都福祉局", "license": "クリエイティブ・コモンズ 表示（CC BY）"}}, {"type": "Feature", "geometry": {"type": "Point", "coordinates": [139.705475, 35.58651]}, "properties": {"name": "絆御飯 (新規受け入れ休止中)", "address": "大田区西馬込2-20-1 ライフコミュニティ西馬込", "municipality": "大田区", "needs": [], "frequency": "月１回", "url": "https://rengenokai.org/", "lgCode": "131113", "source": "東京都福祉局", "license": "クリエイティブ・コモンズ 表示（CC BY）"}}, {"type": "Feature", "geometry": {"type": "Point", "coordinates": [139.705475, 35.58651]}, "properties": {"name": "絆倶楽部", "address": "大田区西馬込2-20-1 ライフコミュニティ西馬込", "municipality": "大田区", "needs": [], "frequency": "月１回", "url": "https://rengenokai.org/", "lgCode": "131113", "source": "東京都福祉局", "license": "クリエイティブ・コモンズ 表示（CC BY）"}}, {"type": "Feature", "geometry": {"type": "Point", "coordinates": [139.705475, 35.58651]}, "properties": {"name": "絆蓮華組", "address": "大田区西馬込2-20-1 ライフコミュニティ西馬込", "municipality": "大田区", "needs": [], "frequency": "月１回", "url": "https://rengenokai.org/", "lgCode": "131113", "source": "東京都福祉局", "license": "クリエイティブ・コモンズ 表示（CC BY）"}}, {"type": "Feature", "geometry": {"type": "Point", "coordinates": [139.71991, 35.579456]}, "properties": {"name": "ほっとねっとキッチン", "address": "大田区中央2-10-1　大田文化の森", "municipality": "大田区", "needs": [], "frequency": "毎月第3土曜日", "url": "https://www.facebook.com/otonakodomohotnet/", "lgCode": "131113", "source": "東京都福祉局", "license": "クリエイティブ・コモンズ 表示（CC BY）"}}, {"type": "Feature", "geometry": {"type": "Point", "coordinates": [139.694656, 35.573032]}, "properties": {"name": "こあら村のこども食堂", "address": "大田区久が原6-26-4", "municipality": "大田区", "needs": [], "frequency": "毎月１回（最終の水曜日）", "url": "https://m.facebook.com/koalamura/?locale2=ja_JP", "lgCode": "131113", "source": "東京都福祉局", "license": "クリエイティブ・コモンズ 表示（CC BY）"}}, {"type": "Feature", "geometry": {"type": "Point", "coordinates": [139.685287, 35.570511]}, "properties": {"name": "いちご食堂", "address": "大田区下丸子3-8-15", "municipality": "大田区", "needs": [], "frequency": "不定期開催", "url": "https://www.ichigojam.org/ichigojsokudou", "lgCode": "131113", "source": "東京都福祉局", "license": "クリエイティブ・コモンズ 表示（CC BY）"}}, {"type": "Feature", "geometry": {"type": "Point", "coordinates": [139.728333, 35.578014]}, "properties": {"name": "高齢者元気プロジェクトおおもり（こども＆シニアもりもり食堂）", "address": "大田区大森西2-2-1", "municipality": "大田区", "needs": [], "frequency": "毎月第二日曜日", "url": "大田区社会福祉協議会　ホームページ\nhttps://www.ota-shakyo.jp/kodomo-shokudo", "lgCode": "131113", "source": "東京都福祉局", "license": "クリエイティブ・コモンズ 表示（CC BY）"}}, {"type": "Feature", "geometry": {"type": "Point", "coordinates": [139.712738, 35.589218]}, "properties": {"name": "南馬込アグネスこども食堂", "address": "大田区南馬込1-58-8　大森聖アグネス教会ホール", "municipality": "大田区", "needs": [], "frequency": "第2土曜日", "url": "X\nhttps://twitter.com/agneskodomo\nHP\nhttps://www.nskk.org/tokyo/church/oomori/kids.html", "lgCode": "131113", "source": "東京都福祉局", "license": "クリエイティブ・コモンズ 表示（CC BY）"}}, {"type": "Feature", "geometry": {"type": "Point", "coordinates": [139.687927, 35.60471]}, "properties": {"name": "子ども食堂ヒロ", "address": "大田区南千束2-18-13", "municipality": "大田区", "needs": [], "frequency": "毎日", "url": "HP\nhttps://ohokayama-hiro.jimdofree.com/", "lgCode": "131113", "source": "東京都福祉局", "license": "クリエイティブ・コモンズ 表示（CC BY）"}}, {"type": "Feature", "geometry": {"type": "Point", "coordinates": [139.738174, 35.568409]}, "properties": {"name": "大森東しあわせ食堂", "address": "大田区大森東4-6-15　城南保健生協前スペース", "municipality": "大田区", "needs": [], "frequency": "毎月第4金曜日", "url": "大田区社会福祉協議会　ホームページ\nhttps://www.ota-shakyo.jp/kodomo-shokudo", "lgCode": "131113", "source": "東京都福祉局", "license": "クリエイティブ・コモンズ 表示（CC BY）"}}, {"type": "Feature", "geometry": {"type": "Point", "coordinates": [139.724854, 35.548786]}, "properties": {"name": "おおたラーメンこども食堂本羽田", "address": "大田区本羽田1-12-9　本羽田一丁目町会会館", "municipality": "大田区", "needs": [], "frequency": "不定期開催", "url": "HP\nhttps://ramen-kodomosyokudo.com/\nInstagram\nhttps://www.instagram.com/ra_men.kodomosyokudou", "lgCode": "131113", "source": "東京都福祉局", "license": "クリエイティブ・コモンズ 表示（CC BY）"}}, {"type": "Feature", "geometry": {"type": "Point", "coordinates": [139.721436, 35.544682]}, "properties": {"name": "おおたラーメンこども食堂南六郷", "address": "大田区南六郷2-35-1　南六郷二丁目団地", "municipality": "大田区", "needs": [], "frequency": "不定期開催", "url": "", "lgCode": "131113", "source": "東京都福祉局", "license": "クリエイティブ・コモンズ 表示（CC BY）"}}, {"type": "Feature", "geometry": {"type": "Point", "coordinates": [139.724976, 35.592411]}, "properties": {"name": "おばんざい「地獄に佛」", "address": "大田区山王町2-2-15　地獄谷", "municipality": "大田区", "needs": [], "frequency": "毎月2回\n日曜日", "url": "大田区社会福祉協議会　ホームページ\nhttps://www.ota-shakyo.jp/kodomo-shokudo", "lgCode": "131113", "source": "東京都福祉局", "license": "クリエイティブ・コモンズ 表示（CC BY）"}}, {"type": "Feature", "geometry": {"type": "Point", "coordinates": [139.728088, 35.563591]}, "properties": {"name": "はちみつ食堂ボランティアグループ（はちみつ食堂）", "address": "大田区東蒲田1-20-3-102", "municipality": "大田区", "needs": [], "frequency": "毎月第２日曜日", "url": "X\nhttps://twitter.com/beestylio　\nFacebook\nhttps://m.facebook.com/styliohachimitsu/", "lgCode": "131113", "source": "東京都福祉局", "license": "クリエイティブ・コモンズ 表示（CC BY）"}}, {"type": "Feature", "geometry": {"type": "Point", "coordinates": [139.71907, 35.580662]}, "properties": {"name": "おやこカフェヴェルデ", "address": "大田区中央１-15-1-101", "municipality": "大田区", "needs": [], "frequency": "不定期開催", "url": "Facebook\nhttps://m.facebook.com/cafevevde/", "lgCode": "131113", "source": "東京都福祉局", "license": "クリエイティブ・コモンズ 表示（CC BY）"}}, {"type": "Feature", "geometry": {"type": "Point", "coordinates": [139.705444, 35.558414]}, "properties": {"name": "万人こども食堂", "address": "大田区新蒲田3-4-28", "municipality": "大田区", "needs": [], "frequency": "毎週６回", "url": "大田区社会福祉協議会　ホームページ\nhttps://www.ota-shakyo.jp/kodomo-shokudo", "lgCode": "131113", "source": "東京都福祉局", "license": "クリエイティブ・コモンズ 表示（CC BY）"}}, {"type": "Feature", "geometry": {"type": "Point", "coordinates": [139.715088, 35.563683]}, "properties": {"name": "感動こども食堂", "address": "大田区西蒲田7-5-12 蒲田新中央ビル2階　ビストロアジル蒲田店", "municipality": "大田区", "needs": [], "frequency": "毎日", "url": "大田区社会福祉協議会　ホームページ\nhttps://www.ota-shakyo.jp/kodomo-shokudo", "lgCode": "131113", "source": "東京都福祉局", "license": "クリエイティブ・コモンズ 表示（CC BY）"}}, {"type": "Feature", "geometry": {"type": "Point", "coordinates": [139.666718, 35.708973]}, "properties": {"name": "あーちのめし処", "address": "中野区中野5−54−8−2F ", "municipality": "中野区", "needs": [], "frequency": "原則第二・第四金曜日", "url": "", "lgCode": "131148", "source": "東京都福祉局", "license": "クリエイティブ・コモンズ 表示（CC BY）"}}, {"type": "Feature", "geometry": {"type": "Point", "coordinates": [139.677887, 35.712845]}, "properties": {"name": "上高田みんなの食堂", "address": "中野区上高田4‐17‐3　上高田東高齢者会館　", "municipality": "中野区", "needs": [], "frequency": "原則第二・第四火曜日", "url": "", "lgCode": "131148", "source": "東京都福祉局", "license": "クリエイティブ・コモンズ 表示（CC BY）"}}, {"type": "Feature", "geometry": {"type": "Point", "coordinates": [139.630478, 35.730667]}, "properties": {"name": "上鷺テラス　あつまり亭", "address": "中野区上鷺宮5－26－20　", "municipality": "中野区", "needs": [], "frequency": "原則第一・第三水曜日", "url": "", "lgCode": "131148", "source": "東京都福祉局", "license": "クリエイティブ・コモンズ 表示（CC BY）"}}, {"type": "Feature", "geometry": {"type": "Point", "coordinates": [139.666504, 35.685974]}, "properties": {"name": "みんなの食堂　南中野カレーの会", "address": "中野区弥生町5-5-2　南中野区民活動センター", "municipality": "中野区", "needs": [], "frequency": "原則第一・第三火曜日", "url": "", "lgCode": "131148", "source": "東京都福祉局", "license": "クリエイティブ・コモンズ 表示（CC BY）"}}, {"type": "Feature", "geometry": {"type": "Point", "coordinates": [139.669235, 35.690819]}, "properties": {"name": "子ども食堂すたのって", "address": "\n中野区弥生町2−52−5ー123　　　　　     \n", "municipality": "中野区", "needs": [], "frequency": "原則第二・第四金曜日", "url": "", "lgCode": "131148", "source": "東京都福祉局", "license": "クリエイティブ・コモンズ 表示（CC BY）"}}, {"type": "Feature", "geometry": {"type": "Point", "coordinates": [139.741287, 35.747585]}, "properties": {"name": "あすか子ども食堂", "address": "北区西ヶ原2-13-9池原ビル1階　（サクラティーズ）", "municipality": "北区", "needs": [], "frequency": "原則毎週土曜日・日曜日", "url": "", "lgCode": "131172", "source": "東京都福祉局", "license": "クリエイティブ・コモンズ 表示（CC BY）"}}, {"type": "Feature", "geometry": {"type": "Point", "coordinates": [139.725967, 35.770294]}, "properties": {"name": "こども食堂あゆみ", "address": "北区東十条6-5-19　3階　（社会福祉法人あゆみ）", "municipality": "北区", "needs": [], "frequency": "原則第二・第四日曜日", "url": "http://shoin-tokyo.com/ayumi/", "lgCode": "131172", "source": "東京都福祉局", "license": "クリエイティブ・コモンズ 表示（CC BY）"}}, {"type": "Feature", "geometry": {"type": "Point", "coordinates": [139.749863, 35.765121]}, "properties": {"name": "子ども食堂キタクマ", "address": "北区豊島5-3-13　（北区文化芸術活動拠点ココキタ）", "municipality": "北区", "needs": [], "frequency": "", "url": "https://kodomoshyokudo.wixsite.com/kitakuma", "lgCode": "131172", "source": "東京都福祉局", "license": "クリエイティブ・コモンズ 表示（CC BY）"}}, {"type": "Feature", "geometry": {"type": "Point", "coordinates": [139.744644, 35.760284]}, "properties": {"name": "子ども食堂「としま虹」", "address": "北区豊島3-5-6　（東京ほくと医療生協 豊島虹のセンター）", "municipality": "北区", "needs": [], "frequency": "", "url": "", "lgCode": "131172", "source": "東京都福祉局", "license": "クリエイティブ・コモンズ 表示（CC BY）"}}, {"type": "Feature", "geometry": {"type": "Point", "coordinates": [139.732925, 35.753757]}, "properties": {"name": "子ども食堂「ののはな」", "address": "北区王子本町1-19-2　（日本キリスト教団 王子教会）", "municipality": "北区", "needs": [], "frequency": "", "url": "https://ja-jp.facebook.com/nonohana.kodomoshokudo/", "lgCode": "131172", "source": "東京都福祉局", "license": "クリエイティブ・コモンズ 表示（CC BY）"}}, {"type": "Feature", "geometry": {"type": "Point", "coordinates": [139.731827, 35.749981]}, "properties": {"name": "滝野川子ども食堂", "address": "北区滝野川2-32-1　（馬場自治会館・馬場ふれあい館）", "municipality": "北区", "needs": [], "frequency": "", "url": "https://www.t-kodomosyokudo.com/", "lgCode": "131172", "source": "東京都福祉局", "license": "クリエイティブ・コモンズ 表示（CC BY）"}}, {"type": "Feature", "geometry": {"type": "Point", "coordinates": [139.713165, 35.770184]}, "properties": {"name": "西が丘こども食堂「じゃがいも」", "address": "北区西が丘1丁目　     ", "municipality": "北区", "needs": [], "frequency": "", "url": "", "lgCode": "131172", "source": "東京都福祉局", "license": "クリエイティブ・コモンズ 表示（CC BY）"}}, {"type": "Feature", "geometry": {"type": "Point", "coordinates": [139.700638, 35.791393]}, "properties": {"name": "発元気食堂", "address": "北区浮間2-9-24　(キッチン紡ぐ)", "municipality": "北区", "needs": [], "frequency": "", "url": "", "lgCode": "131172", "source": "東京都福祉局", "license": "クリエイティブ・コモンズ 表示（CC BY）"}}, {"type": "Feature", "geometry": {"type": "Point", "coordinates": [139.722351, 35.746788]}, "properties": {"name": "話い話い子ども食堂", "address": "北区滝野川6-65-9（深川太郎店）", "municipality": "北区", "needs": [], "frequency": "", "url": "", "lgCode": "131172", "source": "東京都福祉局", "license": "クリエイティブ・コモンズ 表示（CC BY）"}}, {"type": "Feature", "geometry": {"type": "Point", "coordinates": [139.729614, 35.751568]}, "properties": {"name": "子ども食堂　ピノッキオ", "address": "北区滝野川3-80-16-105（都営アパート16号棟105）　　     ", "municipality": "北区", "needs": [], "frequency": "", "url": "https://pinocchio.studio.site", "lgCode": "131172", "source": "東京都福祉局", "license": "クリエイティブ・コモンズ 表示（CC BY）"}}, {"type": "Feature", "geometry": {"type": "Point", "coordinates": [139.725128, 35.770294]}, "properties": {"name": "てこらＣａｆｅ", "address": "北区東十条6-4-17（常住寺）", "municipality": "北区", "needs": [], "frequency": "", "url": "", "lgCode": "131172", "source": "東京都福祉局", "license": "クリエイティブ・コモンズ 表示（CC BY）"}}, {"type": "Feature", "geometry": {"type": "Point", "coordinates": [139.736359, 35.762638]}, "properties": {"name": "NPO法人寺子屋子ども食堂・王子", "address": "北区王子4-22-14ヴェージュハウス1階（越野建設ヴェージュハウス1階）", "municipality": "北区", "needs": [], "frequency": "", "url": "https://terakoya-oji.or.jp", "lgCode": "131172", "source": "東京都福祉局", "license": "クリエイティブ・コモンズ 表示（CC BY）"}}, {"type": "Feature", "geometry": {"type": "Point", "coordinates": [139.724167, 35.776485]}, "properties": {"name": "のらねこ子ども食堂かあさんの夕めし屋", "address": "北区赤羽南1-18-7　白石ビル1階（のらねこハウス）", "municipality": "北区", "needs": [], "frequency": "", "url": "", "lgCode": "131172", "source": "東京都福祉局", "license": "クリエイティブ・コモンズ 表示（CC BY）"}}, {"type": "Feature", "geometry": {"type": "Point", "coordinates": [139.733032, 35.769615]}, "properties": {"name": "ルーン・まじょのこどもしょくどう", "address": "北区神谷3-45-5　（ルーン・ウィッチズ・グロット）", "municipality": "北区", "needs": [], "frequency": "", "url": "http://www.rune-witch.com", "lgCode": "131172", "source": "東京都福祉局", "license": "クリエイティブ・コモンズ 表示（CC BY）"}}, {"type": "Feature", "geometry": {"type": "Point", "coordinates": [139.718384, 35.770378]}, "properties": {"name": "赤羽こども食堂もぐもぐ", "address": "北区赤羽西3-20-10　（北区赤羽西自治会館）", "municipality": "北区", "needs": [], "frequency": "", "url": "", "lgCode": "131172", "source": "東京都福祉局", "license": "クリエイティブ・コモンズ 表示（CC BY）"}}, {"type": "Feature", "geometry": {"type": "Point", "coordinates": [139.783875, 35.733818]}, "properties": {"name": "フロイデ　～ふれあい食堂～", "address": "荒川区荒川3-3-10", "municipality": "荒川区", "needs": [], "frequency": "第３水曜日", "url": "http://www.kodomo-network.com/", "lgCode": "131181", "source": "東京都福祉局", "license": "クリエイティブ・コモンズ 表示（CC BY）"}}, {"type": "Feature", "geometry": {"type": "Point", "coordinates": [139.702133, 35.745537]}, "properties": {"name": "大山子ども食堂・みんなの広場", "address": "板橋区大山金井町48-2　医療共済ビル1Ｆ　     ", "municipality": "板橋区", "needs": [], "frequency": "", "url": "", "lgCode": "131199", "source": "東京都福祉局", "license": "クリエイティブ・コモンズ 表示（CC BY）"}}, {"type": "Feature", "geometry": {"type": "Point", "coordinates": [139.765015, 35.790096]}, "properties": {"name": "こども食堂がるまる", "address": "足立区鹿浜８－２７－１５　押皿谷住区センター３階集会室", "municipality": "足立区", "needs": [], "frequency": "第４または第５土曜日", "url": "", "lgCode": "131211", "source": "東京都福祉局", "license": "クリエイティブ・コモンズ 表示（CC BY）"}}, {"type": "Feature", "geometry": {"type": "Point", "coordinates": [139.801117, 35.769283]}, "properties": {"name": "子ども食堂じぃじハウス・ばぁばキッチン", "address": "足立区梅田７－１２－１５　あけぼの学園ハイドリッヒ神父記念館４階", "municipality": "足立区", "needs": [], "frequency": "毎週水曜日", "url": "", "lgCode": "131211", "source": "東京都福祉局", "license": "クリエイティブ・コモンズ 表示（CC BY）"}}, {"type": "Feature", "geometry": {"type": "Point", "coordinates": [139.796539, 35.75626]}, "properties": {"name": "子ども食堂たんぽぽ", "address": "足立区千住大川町３６－１３　太田ビル１階", "municipality": "足立区", "needs": [], "frequency": "第４土曜日", "url": "", "lgCode": "131211", "source": "東京都福祉局", "license": "クリエイティブ・コモンズ 表示（CC BY）"}}, {"type": "Feature", "geometry": {"type": "Point", "coordinates": [139.812134, 35.762127]}, "properties": {"name": "こども食堂ひよこ", "address": "足立区足立３－１９－９　アーバンクラッシ―ハイツ２００", "municipality": "足立区", "needs": [], "frequency": "第１、第３火曜日", "url": "", "lgCode": "131211", "source": "東京都福祉局", "license": "クリエイティブ・コモンズ 表示（CC BY）"}}, {"type": "Feature", "geometry": {"type": "Point", "coordinates": [139.789261, 35.798874]}, "properties": {"name": "こども食堂☆にこちゃん", "address": "足立区伊興本町１－１６－３９　シェアサロン", "municipality": "足立区", "needs": [], "frequency": "月２回", "url": "", "lgCode": "131211", "source": "東京都福祉局", "license": "クリエイティブ・コモンズ 表示（CC BY）"}}, {"type": "Feature", "geometry": {"type": "Point", "coordinates": [139.781738, 35.764488]}, "properties": {"name": "じゃむパントリー", "address": "足立区本木東町４－２　ＪＩＶＥ本木店", "municipality": "足立区", "needs": [], "frequency": "第３日曜日", "url": "", "lgCode": "131211", "source": "東京都福祉局", "license": "クリエイティブ・コモンズ 表示（CC BY）"}}, {"type": "Feature", "geometry": {"type": "Point", "coordinates": [139.855728, 35.779438]}, "properties": {"name": "あったかキッチン水元", "address": "葛飾区南水元 2-13-1　水元学び交流館　３F料理実習室・視聴覚室", "municipality": "葛飾区", "needs": [], "frequency": "毎月第2金曜日", "url": "", "lgCode": "131229", "source": "東京都福祉局", "license": "クリエイティブ・コモンズ 表示（CC BY）"}}, {"type": "Feature", "geometry": {"type": "Point", "coordinates": [139.850342, 35.737621]}, "properties": {"name": "たていしこども食堂", "address": "葛飾区立石1-21-12　スペース杉　　   ", "municipality": "葛飾区", "needs": [], "frequency": "毎週月曜日", "url": "", "lgCode": "131229", "source": "東京都福祉局", "license": "クリエイティブ・コモンズ 表示（CC BY）"}}, {"type": "Feature", "geometry": {"type": "Point", "coordinates": [139.867737, 35.750206]}, "properties": {"name": "みとちゃん食堂", "address": "葛飾区高砂3-11-14　ステーションハイツ103　open space mito　　　", "municipality": "葛飾区", "needs": [], "frequency": "毎月第3火曜日", "url": "https://kuumakatsushika01.wixsite.com/mitochankuuma/home", "lgCode": "131229", "source": "東京都福祉局", "license": "クリエイティブ・コモンズ 表示（CC BY）"}}, {"type": "Feature", "geometry": {"type": "Point", "coordinates": [139.867737, 35.750206]}, "properties": {"name": "みとちゃんの朝ごはん", "address": "葛飾区高砂3-11-14　ステーションハイツ103　open space mito　　　", "municipality": "葛飾区", "needs": [], "frequency": "毎月第2・第4水曜日", "url": "https://kuumakatsushika01.wixsite.com/mitochankuuma/home", "lgCode": "131229", "source": "東京都福祉局", "license": "クリエイティブ・コモンズ 表示（CC BY）"}}, {"type": "Feature", "geometry": {"type": "Point", "coordinates": [139.869888, 35.773811]}, "properties": {"name": "カフェひろば", "address": "葛飾区東金町2－23－15　金町デイサービス隣接“広場”　　　  ", "municipality": "葛飾区", "needs": [], "frequency": "毎月第1木曜日", "url": "", "lgCode": "131229", "source": "東京都福祉局", "license": "クリエイティブ・コモンズ 表示（CC BY）"}}, {"type": "Feature", "geometry": {"type": "Point", "coordinates": [139.853775, 35.719006]}, "properties": {"name": "にっしん子どもひろば", "address": "葛飾区西新小岩4丁目33番2号　にこわ新小岩", "municipality": "葛飾区", "needs": [], "frequency": "基本第3水曜日\n(変更あり)", "url": "https://www.instagram.com/nissin.kodomohiroba", "lgCode": "131229", "source": "東京都福祉局", "license": "クリエイティブ・コモンズ 表示（CC BY）"}}, {"type": "Feature", "geometry": {"type": "Point", "coordinates": [139.382278, 35.626877]}, "properties": {"name": "ゆぎの子食堂こっしーの", "address": "八王子市下柚木2-10-6　由木中央市民センター", "municipality": "八王子市", "needs": [], "frequency": "月1回", "url": "https://hachioji-mirai.com/", "lgCode": "132012", "source": "東京都福祉局", "license": "クリエイティブ・コモンズ 表示（CC BY）"}}, {"type": "Feature", "geometry": {"type": "Point", "coordinates": [139.302017, 35.649464]}, "properties": {"name": "子ども食堂　すまいるカフェ", "address": "八王子市散田町5-12-15　散田公園集会所", "municipality": "八王子市", "needs": [], "frequency": "月1回", "url": "https://hachioji-mirai.com/", "lgCode": "132012", "source": "東京都福祉局", "license": "クリエイティブ・コモンズ 表示（CC BY）"}}, {"type": "Feature", "geometry": {"type": "Point", "coordinates": [139.584015, 35.706593]}, "properties": {"name": "リベルタこども食堂セカンド", "address": "武蔵野市吉祥寺", "municipality": "武蔵野市", "needs": [], "frequency": "月1回", "url": "http://kodomo-project.com", "lgCode": "132039", "source": "東京都福祉局", "license": "クリエイティブ・コモンズ 表示（CC BY）"}}, {"type": "Feature", "geometry": {"type": "Point", "coordinates": [139.266708, 35.789818]}, "properties": {"name": "かーもくの会", "address": "青梅市勝沼3-78　KTホールぶらりカフェ", "municipality": "青梅市", "needs": [], "frequency": "週１回\n（毎週火曜日）", "url": "https://gekijo.hiho.jp/\n\nhttps://www.facebook.com/kamokutokodomocafe/\n\nhttps://www.instagram.com/kamokunokai/", "lgCode": "132055", "source": "東京都福祉局", "license": "クリエイティブ・コモンズ 表示（CC BY）"}}, {"type": "Feature", "geometry": {"type": "Point", "coordinates": [139.385498, 35.697132]}, "properties": {"name": "あおぞらみんな食堂みんなカフェ", "address": "昭島市郷地町2-20-24　あおぞらみんなカフェ", "municipality": "昭島市", "needs": [], "frequency": "毎週木曜日、他", "url": "https://www.city.akishima.lg.jp/s063/010/030/010/050/055/ichiran.pdf", "lgCode": "132071", "source": "東京都福祉局", "license": "クリエイティブ・コモンズ 表示（CC BY）"}}, {"type": "Feature", "geometry": {"type": "Point", "coordinates": [139.356873, 35.712029]}, "properties": {"name": "たまりば　ぬくぬく", "address": "昭島市松原町1-3-10　松原町コミュニティセンター", "municipality": "昭島市", "needs": [], "frequency": "毎月第3水曜日", "url": "https://www.city.akishima.lg.jp/s063/010/030/010/050/055/ichiran.pdf", "lgCode": "132071", "source": "東京都福祉局", "license": "クリエイティブ・コモンズ 表示（CC BY）"}}, {"type": "Feature", "geometry": {"type": "Point", "coordinates": [139.374084, 35.71418]}, "properties": {"name": "あのねの会", "address": "昭島市宮沢町512-13　昭文自治会館　", "municipality": "昭島市", "needs": [], "frequency": "毎週水曜日、　　毎月1回日曜日", "url": "https://www.city.akishima.lg.jp/s063/010/030/010/050/055/ichiran.pdf", "lgCode": "132071", "source": "東京都福祉局", "license": "クリエイティブ・コモンズ 表示（CC BY）"}}, {"type": "Feature", "geometry": {"type": "Point", "coordinates": [139.55867, 35.676304]}, "properties": {"name": "ハナ子ども食堂", "address": "調布市深大寺東町7-23-2　（野ヶ谷ふれあいの家）", "municipality": "調布市", "needs": [], "frequency": "毎月第1日曜日", "url": "https://instagram.com/hanakidspark?igshid=YmMyMTA2M2Y=", "lgCode": "132080", "source": "東京都福祉局", "license": "クリエイティブ・コモンズ 表示（CC BY）"}}, {"type": "Feature", "geometry": {"type": "Point", "coordinates": [139.447708, 35.697128]}, "properties": {"name": "つり舟の子ども食堂", "address": "国立市東1-15-18 白野ビル2階", "municipality": "国立市", "needs": [], "frequency": "週6回", "url": "なし", "lgCode": "132152", "source": "東京都福祉局", "license": "クリエイティブ・コモンズ 表示（CC BY）"}}, {"type": "Feature", "geometry": {"type": "Point", "coordinates": [139.454071, 35.691208]}, "properties": {"name": "OSUSOWAKE食堂", "address": "国立市東 3-18-32", "municipality": "国立市", "needs": [], "frequency": "月2回", "url": "https://osusowake-online.com/", "lgCode": "132152", "source": "東京都福祉局", "license": "クリエイティブ・コモンズ 表示（CC BY）"}}, {"type": "Feature", "geometry": {"type": "Point", "coordinates": [139.507507, 35.763145]}, "properties": {"name": "そらいろ子ども食堂", "address": "清瀬市竹丘２−２２−２", "municipality": "清瀬市", "needs": [], "frequency": "月１回日曜日（午後）", "url": "", "lgCode": "132217", "source": "東京都福祉局", "license": "クリエイティブ・コモンズ 表示（CC BY）"}}, {"type": "Feature", "geometry": {"type": "Point", "coordinates": [139.50386, 35.771111]}, "properties": {"name": "ゆいゆい親子食堂", "address": "清瀬市梅園2－2－29", "municipality": "清瀬市", "needs": [], "frequency": "月に2回。隔週土曜日", "url": "", "lgCode": "132217", "source": "東京都福祉局", "license": "クリエイティブ・コモンズ 表示（CC BY）"}}, {"type": "Feature", "geometry": {"type": "Point", "coordinates": [139.53595, 35.792912]}, "properties": {"name": "清瀬旭が丘子ども食堂", "address": "清瀬市旭が丘1-278　清瀬旭が丘教会内", "municipality": "清瀬市", "needs": [], "frequency": "毎月第4金曜日(祝日の場合第3）月1回の開催。午後5時から7時まで", "url": "", "lgCode": "132217", "source": "東京都福祉局", "license": "クリエイティブ・コモンズ 表示（CC BY）"}}, {"type": "Feature", "geometry": {"type": "Point", "coordinates": [139.514053, 35.76651]}, "properties": {"name": "竹丘子ども食堂", "address": "清瀬市松山３－１２－１７　　", "municipality": "清瀬市", "needs": [], "frequency": "毎月第２第４水曜日", "url": "", "lgCode": "132217", "source": "東京都福祉局", "license": "クリエイティブ・コモンズ 表示（CC BY）"}}, {"type": "Feature", "geometry": {"type": "Point", "coordinates": [139.403259, 35.746132]}, "properties": {"name": "children's kitchen　うぉーく", "address": "武蔵村山市学園4-5-1　市民総合センター調理実習室", "municipality": "武蔵村山市", "needs": [], "frequency": "月1回", "url": "https://www.city.musashimurayama.lg.jp/kosodate/odekake/1010423.html", "lgCode": "132233", "source": "東京都福祉局", "license": "クリエイティブ・コモンズ 表示（CC BY）"}}, {"type": "Feature", "geometry": {"type": "Point", "coordinates": [139.444702, 35.650208]}, "properties": {"name": "うさぎワンダーワールド(令和4年8月閉店）", "address": "多摩市一ノ宮3-3-14 第2関戸ビルB", "municipality": "多摩市", "needs": [], "frequency": "毎週水曜日", "url": "", "lgCode": "132241", "source": "東京都福祉局", "license": "クリエイティブ・コモンズ 表示（CC BY）"}}, {"type": "Feature", "geometry": {"type": "Point", "coordinates": [139.300446, 35.738857]}, "properties": {"name": "だれでも食堂Ulu（ウル）", "address": "あきる野市草花3482-16", "municipality": "あきる野市", "needs": [], "frequency": "月２回程度", "url": "", "lgCode": "132284", "source": "東京都福祉局", "license": "クリエイティブ・コモンズ 表示（CC BY）"}}, {"type": "Feature", "geometry": {"type": "Point", "coordinates": [139.264374, 35.725037]}, "properties": {"name": "あきる野子ども食堂もぐもぐ", "address": "あきる野市山田760-5", "municipality": "あきる野市", "needs": [], "frequency": "月１回", "url": "https://www.instagram.com/mogumogu760_5", "lgCode": "132284", "source": "東京都福祉局", "license": "クリエイティブ・コモンズ 表示（CC BY）"}}, {"type": "Feature", "geometry": {"type": "Point", "coordinates": [139.292526, 35.731045]}, "properties": {"name": "ウッディカフェよっちゃんち", "address": "あきる野市秋川6-18-20", "municipality": "あきる野市", "needs": [], "frequency": "月２０回程度", "url": "https://www.instagram.com/woodycafe_yocchanchi_/", "lgCode": "132284", "source": "東京都福祉局", "license": "クリエイティブ・コモンズ 表示（CC BY）"}}, {"type": "Feature", "geometry": {"type": "Point", "coordinates": [139.22261, 35.731449]}, "properties": {"name": "こども食堂くうねる", "address": "あきる野市五日市345", "municipality": "あきる野市", "needs": [], "frequency": "月１回", "url": "https://www.instagram.com/kuuneru.kodomosyokudou/", "lgCode": "132284", "source": "東京都福祉局", "license": "クリエイティブ・コモンズ 表示（CC BY）"}}, {"type": "Feature", "geometry": {"type": "Point", "coordinates": [139.557861, 35.721684]}, "properties": {"name": "子ども食堂　プネウマ", "address": "西東京市東伏見５－１０－２２　東伏見コミュニティーセンター", "municipality": "西東京市", "needs": [], "frequency": "毎月第一日曜日", "url": "", "lgCode": "132292", "source": "東京都福祉局", "license": "クリエイティブ・コモンズ 表示（CC BY）"}}]}