名称,住所,緯度,経度,市区町村名,都道府県,_自治体名,_データセット名,_取得元URL,_ライセンス
府中市立白糸台文化センター(複合施設）,東京都府中市白糸台1-60,35.667081,139.506149,府中市,東京都,東京都教育庁,施設関連情報_公民館,https://www.opendata.metro.tokyo.lg.jp/kyouiku/R3/skshubetu_1.csv,クリエイティブ・コモンズ 表示（CC BY）
府中市立西府文化センター(複合施設）,東京都府中市西府町1-10,35.670886,139.456270,府中市,東京都,東京都教育庁,施設関連情報_公民館,https://www.opendata.metro.tokyo.lg.jp/kyouiku/R3/skshubetu_1.csv,クリエイティブ・コモンズ 表示（CC BY）
府中市立中央文化センター(複合施設）,東京都府中市府中町2-25,35.675781,139.482217,府中市,東京都,東京都教育庁,施設関連情報_公民館,https://www.opendata.metro.tokyo.lg.jp/kyouiku/R3/skshubetu_1.csv,クリエイティブ・コモンズ 表示（CC BY）
府中市立紅葉丘文化センター(複合施設）,東京都府中市紅葉丘2-1,35.676533,139.509245,府中市,東京都,東京都教育庁,施設関連情報_公民館,https://www.opendata.metro.tokyo.lg.jp/kyouiku/R3/skshubetu_1.csv,クリエイティブ・コモンズ 表示（CC BY）
府中市立是政文化センター(複合施設）,東京都府中市是政2-20,35.660891,139.495318,府中市,東京都,東京都教育庁,施設関連情報_公民館,https://www.opendata.metro.tokyo.lg.jp/kyouiku/R3/skshubetu_1.csv,クリエイティブ・コモンズ 表示（CC BY）
府中市立新町文化センター(複合施設）,東京都府中市新町1-66,35.687183,139.489386,府中市,東京都,東京都教育庁,施設関連情報_公民館,https://www.opendata.metro.tokyo.lg.jp/kyouiku/R3/skshubetu_1.csv,クリエイティブ・コモンズ 表示（CC BY）
府中市立住吉文化センター(複合施設）,東京都府中市住吉町1-61,35.660297,139.460272,府中市,東京都,東京都教育庁,施設関連情報_公民館,https://www.opendata.metro.tokyo.lg.jp/kyouiku/R3/skshubetu_1.csv,クリエイティブ・コモンズ 表示（CC BY）
府中市立四谷文化センター(複合施設）,東京都府中市四谷2-75,35.665294,139.445637,府中市,東京都,東京都教育庁,施設関連情報_公民館,https://www.opendata.metro.tokyo.lg.jp/kyouiku/R3/skshubetu_1.csv,クリエイティブ・コモンズ 表示（CC BY）
府中市立片町文化センター(複合施設）,東京都府中市片町2-17,35.670275,139.469377,府中市,東京都,東京都教育庁,施設関連情報_公民館,https://www.opendata.metro.tokyo.lg.jp/kyouiku/R3/skshubetu_1.csv,クリエイティブ・コモンズ 表示（CC BY）
府中市立押立文化センター(複合施設）,東京都府中市押立町5-4,35.653691,139.517813,府中市,東京都,東京都教育庁,施設関連情報_公民館,https://www.opendata.metro.tokyo.lg.jp/kyouiku/R3/skshubetu_1.csv,クリエイティブ・コモンズ 表示（CC BY）
府中市立武蔵台文化センター(複合施設）,東京都府中市武蔵台2-2,35.688581,139.461425,府中市,東京都,東京都教育庁,施設関連情報_公民館,https://www.opendata.metro.tokyo.lg.jp/kyouiku/R3/skshubetu_1.csv,クリエイティブ・コモンズ 表示（CC BY）
昭島市公民館,東京都昭島市つつじが丘3-7-7,35.713459,139.366171,昭島市,東京都,東京都教育庁,施設関連情報_公民館,https://www.opendata.metro.tokyo.lg.jp/kyouiku/R3/skshubetu_1.csv,クリエイティブ・コモンズ 表示（CC BY）
東部公民館,東京都調布市若葉町1-29-21,35.658248,139.582821,調布市,東京都,東京都教育庁,施設関連情報_公民館,https://www.opendata.metro.tokyo.lg.jp/kyouiku/R3/skshubetu_1.csv,クリエイティブ・コモンズ 表示（CC BY）
西部公民館,東京都調布市上石原3-21-6,35.652956,139.522212,調布市,東京都,東京都教育庁,施設関連情報_公民館,https://www.opendata.metro.tokyo.lg.jp/kyouiku/R3/skshubetu_1.csv,クリエイティブ・コモンズ 表示（CC BY）
北部公民館,東京都調布市柴崎2-5-18,35.661597,139.562758,調布市,東京都,東京都教育庁,施設関連情報_公民館,https://www.opendata.metro.tokyo.lg.jp/kyouiku/R3/skshubetu_1.csv,クリエイティブ・コモンズ 表示（CC BY）
まちだ中央公民館,東京都町田市原町田6-8-1,35.542976,139.447259,町田市,東京都,東京都教育庁,施設関連情報_公民館,https://www.opendata.metro.tokyo.lg.jp/kyouiku/R3/skshubetu_1.csv,クリエイティブ・コモンズ 表示（CC BY）
小金井市公民館貫井南分館,東京都小金井市貫井南町4-3-23,35.693655,139.493719,小金井市,東京都,東京都教育庁,施設関連情報_公民館,https://www.opendata.metro.tokyo.lg.jp/kyouiku/R3/skshubetu_1.csv,クリエイティブ・コモンズ 表示（CC BY）
小金井市公民館,東京都小金井市本町2-15-11,35.705443,139.510607,小金井市,東京都,東京都教育庁,施設関連情報_公民館,https://www.opendata.metro.tokyo.lg.jp/kyouiku/R3/skshubetu_1.csv,クリエイティブ・コモンズ 表示（CC BY）
小金井市公民館東分館,東京都小金井市東町1-39-1,35.693990,139.526627,小金井市,東京都,東京都教育庁,施設関連情報_公民館,https://www.opendata.metro.tokyo.lg.jp/kyouiku/R3/skshubetu_1.csv,クリエイティブ・コモンズ 表示（CC BY）
小金井市公民館緑分館,東京都小金井市緑町3-3-23,35.709554,139.516375,小金井市,東京都,東京都教育庁,施設関連情報_公民館,https://www.opendata.metro.tokyo.lg.jp/kyouiku/R3/skshubetu_1.csv,クリエイティブ・コモンズ 表示（CC BY）
小金井市公民館貫井北分館,東京都小金井市貫井北町1-11-12,35.702323,139.497690,小金井市,東京都,東京都教育庁,施設関連情報_公民館,https://www.opendata.metro.tokyo.lg.jp/kyouiku/R3/skshubetu_1.csv,クリエイティブ・コモンズ 表示（CC BY）
小平市立上水南公民館,東京都小平市上水南町1-27-1,35.713091,139.483708,小平市,東京都,東京都教育庁,施設関連情報_公民館,https://www.opendata.metro.tokyo.lg.jp/kyouiku/R3/skshubetu_1.csv,クリエイティブ・コモンズ 表示（CC BY）
小平市中央公民館,東京都小平市小川町2-1325,35.727774,139.476668,小平市,東京都,東京都教育庁,施設関連情報_公民館,https://www.opendata.metro.tokyo.lg.jp/kyouiku/R3/skshubetu_1.csv,クリエイティブ・コモンズ 表示（CC BY）
小平市立仲町公民館,東京都小平市仲町521,35.730156,139.484916,小平市,東京都,東京都教育庁,施設関連情報_公民館,https://www.opendata.metro.tokyo.lg.jp/kyouiku/R3/skshubetu_1.csv,クリエイティブ・コモンズ 表示（CC BY）
小平市立津田公民館,東京都小平市津田町3-11-1,35.720770,139.470078,小平市,東京都,東京都教育庁,施設関連情報_公民館,https://www.opendata.metro.tokyo.lg.jp/kyouiku/R3/skshubetu_1.csv,クリエイティブ・コモンズ 表示（CC BY）
小平市立大沼公民館,東京都小平市大沼町7-1-17,35.735394,139.497223,小平市,東京都,東京都教育庁,施設関連情報_公民館,https://www.opendata.metro.tokyo.lg.jp/kyouiku/R3/skshubetu_1.csv,クリエイティブ・コモンズ 表示（CC BY）
小平市立小川西町公民館,東京都小平市小川西町4-10-13,35.735126,139.461798,小平市,東京都,東京都教育庁,施設関連情報_公民館,https://www.opendata.metro.tokyo.lg.jp/kyouiku/R3/skshubetu_1.csv,クリエイティブ・コモンズ 表示（CC BY）
小平市立小川公民館,東京都小平市小川町1-1012,35.725787,139.459263,小平市,東京都,東京都教育庁,施設関連情報_公民館,https://www.opendata.metro.tokyo.lg.jp/kyouiku/R3/skshubetu_1.csv,クリエイティブ・コモンズ 表示（CC BY）
小平市立上宿公民館,東京都小平市小川町1-308,35.731629,139.443796,小平市,東京都,東京都教育庁,施設関連情報_公民館,https://www.opendata.metro.tokyo.lg.jp/kyouiku/R3/skshubetu_1.csv,クリエイティブ・コモンズ 表示（CC BY）
小平市立花小金井南公民館,東京都小平市花小金井南町2-12-6,35.724354,139.516113,小平市,東京都,東京都教育庁,施設関連情報_公民館,https://www.opendata.metro.tokyo.lg.jp/kyouiku/R3/skshubetu_1.csv,クリエイティブ・コモンズ 表示（CC BY）
小平市立花小金井北公民館,東京都小平市花小金井5-41-3,35.734251,139.510261,小平市,東京都,東京都教育庁,施設関連情報_公民館,https://www.opendata.metro.tokyo.lg.jp/kyouiku/R3/skshubetu_1.csv,クリエイティブ・コモンズ 表示（CC BY）
小平市立鈴木公民館,東京都小平市鈴木町2-772,35.722005,139.507369,小平市,東京都,東京都教育庁,施設関連情報_公民館,https://www.opendata.metro.tokyo.lg.jp/kyouiku/R3/skshubetu_1.csv,クリエイティブ・コモンズ 表示（CC BY）
日野市中央公民館,東京都日野市日野本町7-5-23,35.679240,139.399963,日野市,東京都,東京都教育庁,施設関連情報_公民館,https://www.opendata.metro.tokyo.lg.jp/kyouiku/R3/skshubetu_1.csv,クリエイティブ・コモンズ 表示（CC BY）
東村山市立秋津公民館,東京都東村山市秋津町2-17-10,35.771075,139.486541,東村山市,東京都,東京都教育庁,施設関連情報_公民館,https://www.opendata.metro.tokyo.lg.jp/kyouiku/R3/skshubetu_1.csv,クリエイティブ・コモンズ 表示（CC BY）
東村山市立廻田公民館,東京都東村山市廻田町4-19-1,35.759625,139.452116,東村山市,東京都,東京都教育庁,施設関連情報_公民館,https://www.opendata.metro.tokyo.lg.jp/kyouiku/R3/skshubetu_1.csv,クリエイティブ・コモンズ 表示（CC BY）
東村山市立萩山公民館,東京都東村山市萩山町2-13-1,35.742249,139.477739,東村山市,東京都,東京都教育庁,施設関連情報_公民館,https://www.opendata.metro.tokyo.lg.jp/kyouiku/R3/skshubetu_1.csv,クリエイティブ・コモンズ 表示（CC BY）
東村山市立中央公民館,東京都東村山市本町2-33-2,35.759786,139.466884,東村山市,東京都,東京都教育庁,施設関連情報_公民館,https://www.opendata.metro.tokyo.lg.jp/kyouiku/R3/skshubetu_1.csv,クリエイティブ・コモンズ 表示（CC BY）
東村山市立富士見公民館,東京都東村山市富士見町5-4-51,35.746635,139.462877,東村山市,東京都,東京都教育庁,施設関連情報_公民館,https://www.opendata.metro.tokyo.lg.jp/kyouiku/R3/skshubetu_1.csv,クリエイティブ・コモンズ 表示（CC BY）
本多公民館,東京都国分寺市本多1-7-1,35.705284,139.482490,国分寺市,東京都,東京都教育庁,施設関連情報_公民館,https://www.opendata.metro.tokyo.lg.jp/kyouiku/R3/skshubetu_1.csv,クリエイティブ・コモンズ 表示（CC BY）
並木公民館,東京都国分寺市並木町2-12-3,35.715834,139.453220,国分寺市,東京都,東京都教育庁,施設関連情報_公民館,https://www.opendata.metro.tokyo.lg.jp/kyouiku/R3/skshubetu_1.csv,クリエイティブ・コモンズ 表示（CC BY）
恋ケ窪公民館,東京都国分寺市西恋ヶ窪4-12-8,35.707761,139.464256,国分寺市,東京都,東京都教育庁,施設関連情報_公民館,https://www.opendata.metro.tokyo.lg.jp/kyouiku/R3/skshubetu_1.csv,クリエイティブ・コモンズ 表示（CC BY）
もとまち公民館,東京都国分寺市東元町2-3-13,35.692093,139.483070,国分寺市,東京都,東京都教育庁,施設関連情報_公民館,https://www.opendata.metro.tokyo.lg.jp/kyouiku/R3/skshubetu_1.csv,クリエイティブ・コモンズ 表示（CC BY）
光公民館,東京都国分寺市光町3-13-19,35.707810,139.443193,国分寺市,東京都,東京都教育庁,施設関連情報_公民館,https://www.opendata.metro.tokyo.lg.jp/kyouiku/R3/skshubetu_1.csv,クリエイティブ・コモンズ 表示（CC BY）
国立市公民館,東京都国立市中1-15-1,35.696893,139.443500,国立市,東京都,東京都教育庁,施設関連情報_公民館,https://www.opendata.metro.tokyo.lg.jp/kyouiku/R3/skshubetu_1.csv,クリエイティブ・コモンズ 表示（CC BY）
福生市公民館,東京都福生市福生2455,35.733906,139.337829,福生市,東京都,東京都教育庁,施設関連情報_公民館,https://www.opendata.metro.tokyo.lg.jp/kyouiku/R3/skshubetu_1.csv,クリエイティブ・コモンズ 表示（CC BY）
福生市公民館松林分館,東京都福生市武蔵野台1-15-1,35.746445,139.332546,福生市,東京都,東京都教育庁,施設関連情報_公民館,https://www.opendata.metro.tokyo.lg.jp/kyouiku/R3/skshubetu_1.csv,クリエイティブ・コモンズ 表示（CC BY）
福生市公民館白梅分館,東京都福生市熊川559-1,35.724133,139.337724,福生市,東京都,東京都教育庁,施設関連情報_公民館,https://www.opendata.metro.tokyo.lg.jp/kyouiku/R3/skshubetu_1.csv,クリエイティブ・コモンズ 表示（CC BY）
狛江市立西河原公民館,東京都狛江市元和泉2-35-1,35.633318,139.567745,狛江市,東京都,東京都教育庁,施設関連情報_公民館,https://www.opendata.metro.tokyo.lg.jp/kyouiku/R3/skshubetu_1.csv,クリエイティブ・コモンズ 表示（CC BY）
狛江市立中央公民館,東京都狛江市和泉本町1-1-5,35.634887,139.578748,狛江市,東京都,東京都教育庁,施設関連情報_公民館,https://www.opendata.metro.tokyo.lg.jp/kyouiku/R3/skshubetu_1.csv,クリエイティブ・コモンズ 表示（CC BY）
中央公民館,東京都東大和市中央3-926,35.744629,139.426497,東大和市,東京都,東京都教育庁,施設関連情報_公民館,https://www.opendata.metro.tokyo.lg.jp/kyouiku/R3/skshubetu_1.csv,クリエイティブ・コモンズ 表示（CC BY）
南街公民館,東京都東大和市南街5-32,35.737180,139.431539,東大和市,東京都,東京都教育庁,施設関連情報_公民館,https://www.opendata.metro.tokyo.lg.jp/kyouiku/R3/skshubetu_1.csv,クリエイティブ・コモンズ 表示（CC BY）
狭山公民館,東京都東大和市狭山3-1344-1,35.755845,139.437658,東大和市,東京都,東京都教育庁,施設関連情報_公民館,https://www.opendata.metro.tokyo.lg.jp/kyouiku/R3/skshubetu_1.csv,クリエイティブ・コモンズ 表示（CC BY）
蔵敷公民館,東京都東大和市蔵敷2-337,35.754241,139.416230,東大和市,東京都,東京都教育庁,施設関連情報_公民館,https://www.opendata.metro.tokyo.lg.jp/kyouiku/R3/skshubetu_1.csv,クリエイティブ・コモンズ 表示（CC BY）
上北台公民館,東京都東大和市上北台2-865-9,35.742872,139.414729,東大和市,東京都,東京都教育庁,施設関連情報_公民館,https://www.opendata.metro.tokyo.lg.jp/kyouiku/R3/skshubetu_1.csv,クリエイティブ・コモンズ 表示（CC BY）
公民館,東京都武蔵村山市大南2-78-1,35.739893,139.401866,武蔵村山市,東京都,東京都教育庁,施設関連情報_公民館,https://www.opendata.metro.tokyo.lg.jp/kyouiku/R3/skshubetu_1.csv,クリエイティブ・コモンズ 表示（CC BY）
公民館中久保分館,東京都武蔵村山市本町2-77-1,35.754543,139.382963,武蔵村山市,東京都,東京都教育庁,施設関連情報_公民館,https://www.opendata.metro.tokyo.lg.jp/kyouiku/R3/skshubetu_1.csv,クリエイティブ・コモンズ 表示（CC BY）
多摩市立永山公民館,東京都多摩市永山1-5ベルブ永山内,35.628260,139.448429,多摩市,東京都,東京都教育庁,施設関連情報_公民館,https://www.opendata.metro.tokyo.lg.jp/kyouiku/R3/skshubetu_1.csv,クリエイティブ・コモンズ 表示（CC BY）
多摩市立関戸公民館,東京都多摩市関戸4-72,35.649664,139.447052,多摩市,東京都,東京都教育庁,施設関連情報_公民館,https://www.opendata.metro.tokyo.lg.jp/kyouiku/R3/skshubetu_1.csv,クリエイティブ・コモンズ 表示（CC BY）
稲城市立中央公民館,東京都稲城市東長沼2111,35.638078,139.503749,稲城市,東京都,東京都教育庁,施設関連情報_公民館,https://www.opendata.metro.tokyo.lg.jp/kyouiku/R3/skshubetu_1.csv,クリエイティブ・コモンズ 表示（CC BY）
稲城市立第二公民館,東京都稲城市矢野口1780,35.634853,139.518966,稲城市,東京都,東京都教育庁,施設関連情報_公民館,https://www.opendata.metro.tokyo.lg.jp/kyouiku/R3/skshubetu_1.csv,クリエイティブ・コモンズ 表示（CC BY）
稲城市立第三公民館,東京都稲城市平尾1-20-5,35.613117,139.492461,稲城市,東京都,東京都教育庁,施設関連情報_公民館,https://www.opendata.metro.tokyo.lg.jp/kyouiku/R3/skshubetu_1.csv,クリエイティブ・コモンズ 表示（CC BY）
稲城市立第四公民館,東京都稲城市東長沼271,35.645914,139.505366,稲城市,東京都,東京都教育庁,施設関連情報_公民館,https://www.opendata.metro.tokyo.lg.jp/kyouiku/R3/skshubetu_1.csv,クリエイティブ・コモンズ 表示（CC BY）
稲城市立城山公民館,東京都稲城市向陽台6-7,35.641555,139.493851,稲城市,東京都,東京都教育庁,施設関連情報_公民館,https://www.opendata.metro.tokyo.lg.jp/kyouiku/R3/skshubetu_1.csv,クリエイティブ・コモンズ 表示（CC BY）
中央公民館,東京都あきる野市二宮683,35.730184,139.302297,あきる野市,東京都,東京都教育庁,施設関連情報_公民館,https://www.opendata.metro.tokyo.lg.jp/kyouiku/R3/skshubetu_1.csv,クリエイティブ・コモンズ 表示（CC BY）
西東京市芝久保公民館,東京都西東京市芝久保町5-4-48,35.732690,139.528134,西東京市,東京都,東京都教育庁,施設関連情報_公民館,https://www.opendata.metro.tokyo.lg.jp/kyouiku/R3/skshubetu_1.csv,クリエイティブ・コモンズ 表示（CC BY）
西東京市ひばりが丘公民館,東京都西東京市ひばりが丘2-3-4,35.747361,139.540589,西東京市,東京都,東京都教育庁,施設関連情報_公民館,https://www.opendata.metro.tokyo.lg.jp/kyouiku/R3/skshubetu_1.csv,クリエイティブ・コモンズ 表示（CC BY）
西東京市保谷駅前公民館,東京都西東京市東町3-14-30ステア5階,35.748152,139.567268,西東京市,東京都,東京都教育庁,施設関連情報_公民館,https://www.opendata.metro.tokyo.lg.jp/kyouiku/R3/skshubetu_1.csv,クリエイティブ・コモンズ 表示（CC BY）
西東京市谷戸公民館,東京都西東京市谷戸町1-17-2,35.741248,139.543950,西東京市,東京都,東京都教育庁,施設関連情報_公民館,https://www.opendata.metro.tokyo.lg.jp/kyouiku/R3/skshubetu_1.csv,クリエイティブ・コモンズ 表示（CC BY）
西東京市田無公民館,東京都西東京市南町5-6-11,35.726018,139.537789,西東京市,東京都,東京都教育庁,施設関連情報_公民館,https://www.opendata.metro.tokyo.lg.jp/kyouiku/R3/skshubetu_1.csv,クリエイティブ・コモンズ 表示（CC BY）
西東京市柳沢公民館,東京都西東京市柳沢1-15-1,35.728384,139.553957,西東京市,東京都,東京都教育庁,施設関連情報_公民館,https://www.opendata.metro.tokyo.lg.jp/kyouiku/R3/skshubetu_1.csv,クリエイティブ・コモンズ 表示（CC BY）
泉津公民館,東京都大島町泉津字川之原15番,34.783281,139.412804,大島町,東京都,東京都教育庁,施設関連情報_公民館,https://www.opendata.metro.tokyo.lg.jp/kyouiku/R3/skshubetu_1.csv,クリエイティブ・コモンズ 表示（CC BY）
北の山公民館,東京都大島町元町字佐吾右衛門野地7番4,34.776968,139.360960,大島町,東京都,東京都教育庁,施設関連情報_公民館,https://www.opendata.metro.tokyo.lg.jp/kyouiku/R3/skshubetu_1.csv,クリエイティブ・コモンズ 表示（CC BY）
野増公民館,東京都大島町野増5番地,34.728885,139.353623,大島町,東京都,東京都教育庁,施設関連情報_公民館,https://www.opendata.metro.tokyo.lg.jp/kyouiku/R3/skshubetu_1.csv,クリエイティブ・コモンズ 表示（CC BY）
差木地公民館,東京都大島町差木地字カミワケ179番,34.683794,-220.585806,大島町,東京都,東京都教育庁,施設関連情報_公民館,https://www.opendata.metro.tokyo.lg.jp/kyouiku/R3/skshubetu_1.csv,クリエイティブ・コモンズ 表示（CC BY）
三宅村公民館,東京都三宅村坪田3007,34.059851,139.548087,三宅村,東京都,東京都教育庁,施設関連情報_公民館,https://www.opendata.metro.tokyo.lg.jp/kyouiku/R3/skshubetu_1.csv,クリエイティブ・コモンズ 表示（CC BY）
大賀郷公民館,東京都八丈町大賀郷3060,33.106882,139.783910,八丈町,東京都,東京都教育庁,施設関連情報_公民館,https://www.opendata.metro.tokyo.lg.jp/kyouiku/R3/skshubetu_1.csv,クリエイティブ・コモンズ 表示（CC BY）
三根公民館,東京都八丈町三根347,33.118899,139.802367,八丈町,東京都,東京都教育庁,施設関連情報_公民館,https://www.opendata.metro.tokyo.lg.jp/kyouiku/R3/skshubetu_1.csv,クリエイティブ・コモンズ 表示（CC BY）
中之郷公民館,東京都八丈町中之郷2613,33.066162,139.813217,八丈町,東京都,東京都教育庁,施設関連情報_公民館,https://www.opendata.metro.tokyo.lg.jp/kyouiku/R3/skshubetu_1.csv,クリエイティブ・コモンズ 表示（CC BY）
樫立公民館,東京都八丈町樫立2027,33.071548,139.796110,八丈町,東京都,東京都教育庁,施設関連情報_公民館,https://www.opendata.metro.tokyo.lg.jp/kyouiku/R3/skshubetu_1.csv,クリエイティブ・コモンズ 表示（CC BY）
末吉公民館,東京都八丈町末吉633,33.082277,139.852189,八丈町,東京都,東京都教育庁,施設関連情報_公民館,https://www.opendata.metro.tokyo.lg.jp/kyouiku/R3/skshubetu_1.csv,クリエイティブ・コモンズ 表示（CC BY）
品川第一地域センター・区民集会所,東京都品川区北品川3-11-16,35.616791,139.739975,品川区,東京都,品川区,公共施設（カテゴリ別）,https://www.opendata.metro.tokyo.lg.jp/shinagawa/kokyoshisetsu.csv,クリエイティブ・コモンズ 表示（CC BY）
品川第二地域センター・区民集会所,東京都品川区南品川5-3-20,35.611202,139.741257,品川区,東京都,品川区,公共施設（カテゴリ別）,https://www.opendata.metro.tokyo.lg.jp/shinagawa/kokyoshisetsu.csv,クリエイティブ・コモンズ 表示（CC BY）
大崎第一地域センター・区民集会所,東京都品川区西五反田3-6-3,35.628384,139.71669,品川区,東京都,品川区,公共施設（カテゴリ別）,https://www.opendata.metro.tokyo.lg.jp/shinagawa/kokyoshisetsu.csv,クリエイティブ・コモンズ 表示（CC BY）
大崎第二地域センター・区民集会所,東京都品川区大崎2-9-4,35.617474,139.727448,品川区,東京都,品川区,公共施設（カテゴリ別）,https://www.opendata.metro.tokyo.lg.jp/shinagawa/kokyoshisetsu.csv,クリエイティブ・コモンズ 表示（CC BY）
大井第一地域センター,東京都品川区南大井1-12-6,35.596451,139.73732,品川区,東京都,品川区,公共施設（カテゴリ別）,https://www.opendata.metro.tokyo.lg.jp/shinagawa/kokyoshisetsu.csv,クリエイティブ・コモンズ 表示（CC BY）
大井第二地域センター・区民集会所,東京都品川区大井2-27-20,35.603886,139.730438,品川区,東京都,品川区,公共施設（カテゴリ別）,https://www.opendata.metro.tokyo.lg.jp/shinagawa/kokyoshisetsu.csv,クリエイティブ・コモンズ 表示（CC BY）
大井第三地域センター・区民集会所,東京都品川区西大井2-10-3,35.598469,139.722336,品川区,東京都,品川区,公共施設（カテゴリ別）,https://www.opendata.metro.tokyo.lg.jp/shinagawa/kokyoshisetsu.csv,クリエイティブ・コモンズ 表示（CC BY）
荏原第一地域センター・区民集会所,東京都品川区小山3-14-1 シティタワー武蔵小山商業施設棟2階,35.621235,139.70607,品川区,東京都,品川区,公共施設（カテゴリ別）,https://www.opendata.metro.tokyo.lg.jp/shinagawa/kokyoshisetsu.csv,クリエイティブ・コモンズ 表示（CC BY）
荏原第二地域センター・区民集会所,東京都品川区荏原6-17-12,35.611172,139.704514,品川区,東京都,品川区,公共施設（カテゴリ別）,https://www.opendata.metro.tokyo.lg.jp/shinagawa/kokyoshisetsu.csv,クリエイティブ・コモンズ 表示（CC BY）
荏原第三地域センター・区民集会所,東京都品川区平塚1-13-18,35.613384,139.715271,品川区,東京都,品川区,公共施設（カテゴリ別）,https://www.opendata.metro.tokyo.lg.jp/shinagawa/kokyoshisetsu.csv,クリエイティブ・コモンズ 表示（CC BY）
荏原第四地域センター・区民集会所,東京都品川区中延5-3-12,35.60379,139.708267,品川区,東京都,品川区,公共施設（カテゴリ別）,https://www.opendata.metro.tokyo.lg.jp/shinagawa/kokyoshisetsu.csv,クリエイティブ・コモンズ 表示（CC BY）
荏原第五地域センター・区民集会所,東京都品川区二葉1-1-2,35.608532,139.72551,品川区,東京都,品川区,公共施設（カテゴリ別）,https://www.opendata.metro.tokyo.lg.jp/shinagawa/kokyoshisetsu.csv,クリエイティブ・コモンズ 表示（CC BY）
八潮地域センター・区民集会所,東京都品川区八潮5-10-27,35.600082,139.750809,品川区,東京都,品川区,公共施設（カテゴリ別）,https://www.opendata.metro.tokyo.lg.jp/shinagawa/kokyoshisetsu.csv,クリエイティブ・コモンズ 表示（CC BY）
東大井区民集会所,東京都品川区東大井2-16-12,35.600761,139.741562,品川区,東京都,品川区,公共施設（カテゴリ別）,https://www.opendata.metro.tokyo.lg.jp/shinagawa/kokyoshisetsu.csv,クリエイティブ・コモンズ 表示（CC BY）
荏原区民センター,東京都品川区荏原5-6-5,35.614742,139.702072,品川区,東京都,品川区,公共施設（カテゴリ別）,https://www.opendata.metro.tokyo.lg.jp/shinagawa/kokyoshisetsu.csv,クリエイティブ・コモンズ 表示（CC BY）
五反田文化センター,東京都品川区西五反田6-5-1,35.622833,139.716568,品川区,東京都,品川区,公共施設（カテゴリ別）,https://www.opendata.metro.tokyo.lg.jp/shinagawa/kokyoshisetsu.csv,クリエイティブ・コモンズ 表示（CC BY）
荏原文化センター,東京都品川区中延1-9-15,35.61203,139.710678,品川区,東京都,品川区,公共施設（カテゴリ別）,https://www.opendata.metro.tokyo.lg.jp/shinagawa/kokyoshisetsu.csv,クリエイティブ・コモンズ 表示（CC BY）
東品川文化センター,東京都品川区東品川3-32-10,35.613007,139.75029,品川区,東京都,品川区,公共施設（カテゴリ別）,https://www.opendata.metro.tokyo.lg.jp/shinagawa/kokyoshisetsu.csv,クリエイティブ・コモンズ 表示（CC BY）
旗の台文化センター,東京都品川区旗の台5-19-5,35.603928,139.70015,品川区,東京都,品川区,公共施設（カテゴリ別）,https://www.opendata.metro.tokyo.lg.jp/shinagawa/kokyoshisetsu.csv,クリエイティブ・コモンズ 表示（CC BY）
南大井文化センター,東京都品川区南大井1-12-6,35.596451,139.73732,品川区,東京都,品川区,公共施設（カテゴリ別）,https://www.opendata.metro.tokyo.lg.jp/shinagawa/kokyoshisetsu.csv,クリエイティブ・コモンズ 表示（CC BY）
きゅりあん(総合区民会館),東京都品川区東大井5-18-1,35.606583,139.735687,品川区,東京都,品川区,公共施設（カテゴリ別）,https://www.opendata.metro.tokyo.lg.jp/shinagawa/kokyoshisetsu.csv,クリエイティブ・コモンズ 表示（CC BY）
スクエア荏原(荏原平塚総合区民会館),東京都品川区荏原4-5-28,35.615715,139.707352,品川区,東京都,品川区,公共施設（カテゴリ別）,https://www.opendata.metro.tokyo.lg.jp/shinagawa/kokyoshisetsu.csv,クリエイティブ・コモンズ 表示（CC BY）
台場区民センター,東京都港区台場一丁目5番1号台場コミュニティーぷらざ内,35.630048,139.777081,港区,東京都,港区,港区の公共施設情報（区民センター）,https://opendata.city.minato.tokyo.jp/dataset/3502c088-e6a2-4eee-9a3a-b4ea40459d4e/resource/41a97db9-f48a-40f1-b1f1-0dbd203e5ac1/download/minatokushisetsujoho_kumincenter.csv,クリエイティブ・コモンズ 表示（CC BY）
芝浦港南区民センター,東京都港区芝浦四丁目13番1号トリニティー芝浦1･2階,35.640607,139.748642,港区,東京都,港区,港区の公共施設情報（区民センター）,https://opendata.city.minato.tokyo.jp/dataset/3502c088-e6a2-4eee-9a3a-b4ea40459d4e/resource/41a97db9-f48a-40f1-b1f1-0dbd203e5ac1/download/minatokushisetsujoho_kumincenter.csv,クリエイティブ・コモンズ 表示（CC BY）
麻布区民センター,東京都港区六本木五丁目16番45号,35.660753,139.735016,港区,東京都,港区,港区の公共施設情報（区民センター）,https://opendata.city.minato.tokyo.jp/dataset/3502c088-e6a2-4eee-9a3a-b4ea40459d4e/resource/41a97db9-f48a-40f1-b1f1-0dbd203e5ac1/download/minatokushisetsujoho_kumincenter.csv,クリエイティブ・コモンズ 表示（CC BY）
赤坂区民センター,東京都港区赤坂四丁目18番13号赤坂コミュニティーぷらざ内,35.674864,139.731621,港区,東京都,港区,港区の公共施設情報（区民センター）,https://opendata.city.minato.tokyo.jp/dataset/3502c088-e6a2-4eee-9a3a-b4ea40459d4e/resource/41a97db9-f48a-40f1-b1f1-0dbd203e5ac1/download/minatokushisetsujoho_kumincenter.csv,クリエイティブ・コモンズ 表示（CC BY）
高輪区民センター,東京都港区高輪一丁目16番25号高輪コミュニティーぷらざ内,35.64217,139.734013,港区,東京都,港区,港区の公共施設情報（区民センター）,https://opendata.city.minato.tokyo.jp/dataset/3502c088-e6a2-4eee-9a3a-b4ea40459d4e/resource/41a97db9-f48a-40f1-b1f1-0dbd203e5ac1/download/minatokushisetsujoho_kumincenter.csv,クリエイティブ・コモンズ 表示（CC BY）
国際交流スペース,東京都港区北青山一丁目6番3号都営北青山一丁目アパート3号棟地下1階,35.674579,139.721404,港区,東京都,港区,港区の公共施設情報（区民センター）,https://opendata.city.minato.tokyo.jp/dataset/3502c088-e6a2-4eee-9a3a-b4ea40459d4e/resource/41a97db9-f48a-40f1-b1f1-0dbd203e5ac1/download/minatokushisetsujoho_kumincenter.csv,クリエイティブ・コモンズ 表示（CC BY）
芝の家,東京都港区芝三丁目26番8号,35.651372,139.746479,港区,東京都,港区,港区の公共施設情報（区民センター）,https://opendata.city.minato.tokyo.jp/dataset/3502c088-e6a2-4eee-9a3a-b4ea40459d4e/resource/41a97db9-f48a-40f1-b1f1-0dbd203e5ac1/download/minatokushisetsujoho_kumincenter.csv,クリエイティブ・コモンズ 表示（CC BY）
芝区民協働スペース（芝コミュニティはうす）,東京都港区芝五丁目13番15号芝三田森ビル2階,35.649283,139.744917,港区,東京都,港区,港区の公共施設情報（区民センター）,https://opendata.city.minato.tokyo.jp/dataset/3502c088-e6a2-4eee-9a3a-b4ea40459d4e/resource/41a97db9-f48a-40f1-b1f1-0dbd203e5ac1/download/minatokushisetsujoho_kumincenter.csv,クリエイティブ・コモンズ 表示（CC BY）
新橋区民協働スペース,東京都港区新橋六丁目4番2号きらきらプラザ新橋1階･4階,35.662340,139.754007,港区,東京都,港区,港区の公共施設情報（区民センター）,https://opendata.city.minato.tokyo.jp/dataset/3502c088-e6a2-4eee-9a3a-b4ea40459d4e/resource/41a97db9-f48a-40f1-b1f1-0dbd203e5ac1/download/minatokushisetsujoho_kumincenter.csv,クリエイティブ・コモンズ 表示（CC BY）
芝公園区民協働スペース,東京都港区芝公園ニ丁目7番3号芝公園保育園3階,35.654170,139.750599,港区,東京都,港区,港区の公共施設情報（区民センター）,https://opendata.city.minato.tokyo.jp/dataset/3502c088-e6a2-4eee-9a3a-b4ea40459d4e/resource/41a97db9-f48a-40f1-b1f1-0dbd203e5ac1/download/minatokushisetsujoho_kumincenter.csv,クリエイティブ・コモンズ 表示（CC BY）
愛宕区民協働スペース,東京都港区虎ノ門三丁目19番15号　ザ･パークハウス愛宕虎ノ門1階,35.663343,139.747011,港区,東京都,港区,港区の公共施設情報（区民センター）,https://opendata.city.minato.tokyo.jp/dataset/3502c088-e6a2-4eee-9a3a-b4ea40459d4e/resource/41a97db9-f48a-40f1-b1f1-0dbd203e5ac1/download/minatokushisetsujoho_kumincenter.csv,クリエイティブ・コモンズ 表示（CC BY）
東麻布区民協働スペース,東京都港区東麻布ニ丁目1番1号東麻布二丁目複合施設3階,35.658217,139.742558,港区,東京都,港区,港区の公共施設情報（区民センター）,https://opendata.city.minato.tokyo.jp/dataset/3502c088-e6a2-4eee-9a3a-b4ea40459d4e/resource/41a97db9-f48a-40f1-b1f1-0dbd203e5ac1/download/minatokushisetsujoho_kumincenter.csv,クリエイティブ・コモンズ 表示（CC BY）
麻布区民協働スペース,東京都港区六本木五丁目16番46号　麻布保育園3階,35.66126125908505,139.73503726256826,港区,東京都,港区,港区の公共施設情報（区民センター）,https://opendata.city.minato.tokyo.jp/dataset/3502c088-e6a2-4eee-9a3a-b4ea40459d4e/resource/41a97db9-f48a-40f1-b1f1-0dbd203e5ac1/download/minatokushisetsujoho_kumincenter.csv,クリエイティブ・コモンズ 表示（CC BY）
六本木区民協働スペース,東京都港区六本木六丁目5番19号シティハイツ六本木公共施設棟1階,35.660958,139.730769,港区,東京都,港区,港区の公共施設情報（区民センター）,https://opendata.city.minato.tokyo.jp/dataset/3502c088-e6a2-4eee-9a3a-b4ea40459d4e/resource/41a97db9-f48a-40f1-b1f1-0dbd203e5ac1/download/minatokushisetsujoho_kumincenter.csv,クリエイティブ・コモンズ 表示（CC BY）
赤坂区民協働スペース,東京都港区赤坂四丁目18番13号　赤坂地区総合支所2階,35.674714,139.731800,港区,東京都,港区,港区の公共施設情報（区民センター）,https://opendata.city.minato.tokyo.jp/dataset/3502c088-e6a2-4eee-9a3a-b4ea40459d4e/resource/41a97db9-f48a-40f1-b1f1-0dbd203e5ac1/download/minatokushisetsujoho_kumincenter.csv,クリエイティブ・コモンズ 表示（CC BY）
高輪区民協働スペース,東京都港区高輪一丁目5番38号HUG高輪2階,35.641764,139.736806,港区,東京都,港区,港区の公共施設情報（区民センター）,https://opendata.city.minato.tokyo.jp/dataset/3502c088-e6a2-4eee-9a3a-b4ea40459d4e/resource/41a97db9-f48a-40f1-b1f1-0dbd203e5ac1/download/minatokushisetsujoho_kumincenter.csv,クリエイティブ・コモンズ 表示（CC BY）
高輪台区民協働スペース,東京都港区高輪三丁目10番16号　優っくり村高輪台1階,35.6310012838376,139.7321635913482,港区,東京都,港区,港区の公共施設情報（区民センター）,https://opendata.city.minato.tokyo.jp/dataset/3502c088-e6a2-4eee-9a3a-b4ea40459d4e/resource/41a97db9-f48a-40f1-b1f1-0dbd203e5ac1/download/minatokushisetsujoho_kumincenter.csv,クリエイティブ・コモンズ 表示（CC BY）
白金台区民協働スペース,東京都港区白金台四丁目6番2号　ゆかしの杜6階,35.639189,139.726725,港区,東京都,港区,港区の公共施設情報（区民センター）,https://opendata.city.minato.tokyo.jp/dataset/3502c088-e6a2-4eee-9a3a-b4ea40459d4e/resource/41a97db9-f48a-40f1-b1f1-0dbd203e5ac1/download/minatokushisetsujoho_kumincenter.csv,クリエイティブ・コモンズ 表示（CC BY）
芝浦区民協働スペース,東京都港区芝浦一丁目16番1号　みなとパーク芝浦1階,35.646680,139.751847,港区,東京都,港区,港区の公共施設情報（区民センター）,https://opendata.city.minato.tokyo.jp/dataset/3502c088-e6a2-4eee-9a3a-b4ea40459d4e/resource/41a97db9-f48a-40f1-b1f1-0dbd203e5ac1/download/minatokushisetsujoho_kumincenter.csv,クリエイティブ・コモンズ 表示（CC BY）
品川駅港南口協働スペース,東京都港区港南ニ丁目3番13号　品川フロントビルキッズ館1階,35.629252,139.743192,港区,東京都,港区,港区の公共施設情報（区民センター）,https://opendata.city.minato.tokyo.jp/dataset/3502c088-e6a2-4eee-9a3a-b4ea40459d4e/resource/41a97db9-f48a-40f1-b1f1-0dbd203e5ac1/download/minatokushisetsujoho_kumincenter.csv,クリエイティブ・コモンズ 表示（CC BY）
港南区民協働スペース,東京都港区港南四丁目3番7号　さんぽーと港南1階･2階,35.631088,139.749802,港区,東京都,港区,港区の公共施設情報（区民センター）,https://opendata.city.minato.tokyo.jp/dataset/3502c088-e6a2-4eee-9a3a-b4ea40459d4e/resource/41a97db9-f48a-40f1-b1f1-0dbd203e5ac1/download/minatokushisetsujoho_kumincenter.csv,クリエイティブ・コモンズ 表示（CC BY）
高輪コミュニティーぷらざ,東京都高輪1-16-25,35.641905,139.734192,港区,東京都,港区,港区の公共施設情報（区民センター）,https://opendata.city.minato.tokyo.jp/dataset/3502c088-e6a2-4eee-9a3a-b4ea40459d4e/resource/41a97db9-f48a-40f1-b1f1-0dbd203e5ac1/download/minatokushisetsujoho_kumincenter.csv,クリエイティブ・コモンズ 表示（CC BY）
台場コミュニティーぷらざ,東京都台場1-5-1,35.630050,139.776878,港区,東京都,港区,港区の公共施設情報（区民センター）,https://opendata.city.minato.tokyo.jp/dataset/3502c088-e6a2-4eee-9a3a-b4ea40459d4e/resource/41a97db9-f48a-40f1-b1f1-0dbd203e5ac1/download/minatokushisetsujoho_kumincenter.csv,クリエイティブ・コモンズ 表示（CC BY）
神応区民協働スペース,東京都港区白金六丁目9番5号神応ほっとプラザ4階･屋外,35.6436049159968,139.72452356639198,港区,東京都,港区,港区の公共施設情報（区民センター）,https://opendata.city.minato.tokyo.jp/dataset/3502c088-e6a2-4eee-9a3a-b4ea40459d4e/resource/41a97db9-f48a-40f1-b1f1-0dbd203e5ac1/download/minatokushisetsujoho_kumincenter.csv,クリエイティブ・コモンズ 表示（CC BY）
青山区民協働スペース,東京都港区南青山二丁目6番3号　青山ふれ愛テラス1階,35.67169514118819,139.72251748467144,港区,東京都,港区,港区の公共施設情報（区民センター）,https://opendata.city.minato.tokyo.jp/dataset/3502c088-e6a2-4eee-9a3a-b4ea40459d4e/resource/41a97db9-f48a-40f1-b1f1-0dbd203e5ac1/download/minatokushisetsujoho_kumincenter.csv,クリエイティブ・コモンズ 表示（CC BY）
五日市地域交流センター,あきる野市五日市411,35.729354,139.21992,あきる野市,東京都,あきる野市,公共施設一覧,https://www.city.akiruno.tokyo.jp/cmsfiles/contents/0000015/15465/132284_public_facility2022-2.csv,クリエイティブ・コモンズ 表示（CC BY）
浅間町地区センター,東京都東久留米市浅間町2丁目24番16,35.757798,139.541736,東久留米市,東京都,東久留米市,公共施設一覧,https://www.opendata.metro.tokyo.lg.jp/higashikurume/132225_public_facility.csv,クリエイティブ・コモンズ 表示（CC BY）
南町地区センター,東京都東久留米市南町3丁目9番45,35.740778,139.520295,東久留米市,東京都,東久留米市,公共施設一覧,https://www.opendata.metro.tokyo.lg.jp/higashikurume/132225_public_facility.csv,クリエイティブ・コモンズ 表示（CC BY）
八幡町地区センター,東京都東久留米市八幡町2丁目7番61,35.753609,139.515241,東久留米市,東京都,東久留米市,公共施設一覧,https://www.opendata.metro.tokyo.lg.jp/higashikurume/132225_public_facility.csv,クリエイティブ・コモンズ 表示（CC BY）
野火止地区センター,東京都東久留米市野火止2丁目1番83,35.763551,139.513348,東久留米市,東京都,東久留米市,公共施設一覧,https://www.opendata.metro.tokyo.lg.jp/higashikurume/132225_public_facility.csv,クリエイティブ・コモンズ 表示（CC BY）
野火止地区センター図書室,東京都東久留米市野火止2丁目1番83,35.763551,139.513348,東久留米市,東京都,東久留米市,公共施設一覧,https://www.opendata.metro.tokyo.lg.jp/higashikurume/132225_public_facility.csv,クリエイティブ・コモンズ 表示（CC BY）
中央町地区センター,東京都東久留米市中央町6丁目1番1,35.755872,139.519705,東久留米市,東京都,東久留米市,公共施設一覧,https://www.opendata.metro.tokyo.lg.jp/higashikurume/132225_public_facility.csv,クリエイティブ・コモンズ 表示（CC BY）
西部地域センター,東京都東久留米市滝山4丁目1番10,35.744861,139.50444,東久留米市,東京都,東久留米市,公共施設一覧,https://www.opendata.metro.tokyo.lg.jp/higashikurume/132225_public_facility.csv,クリエイティブ・コモンズ 表示（CC BY）
滝山地区センター,東京都東久留米市滝山4丁目1番10,35.744861,139.50444,東久留米市,東京都,東久留米市,公共施設一覧,https://www.opendata.metro.tokyo.lg.jp/higashikurume/132225_public_facility.csv,クリエイティブ・コモンズ 表示（CC BY）
南部地域センター,東京都東久留米市ひばりが丘団地185番,35.746324,139.534353,東久留米市,東京都,東久留米市,公共施設一覧,https://www.opendata.metro.tokyo.lg.jp/higashikurume/132225_public_facility.csv,クリエイティブ・コモンズ 表示（CC BY）
ひばりが丘地区センター,東京都東久留米市ひばりが丘団地185番,35.746324,139.534353,東久留米市,東京都,東久留米市,公共施設一覧,https://www.opendata.metro.tokyo.lg.jp/higashikurume/132225_public_facility.csv,クリエイティブ・コモンズ 表示（CC BY）
東部地域センター,東京都東久留米市大門町2丁目10番5,35.764812,139.540946,東久留米市,東京都,東久留米市,公共施設一覧,https://www.opendata.metro.tokyo.lg.jp/higashikurume/132225_public_facility.csv,クリエイティブ・コモンズ 表示（CC BY）
大門町地区センター,東京都東久留米市大門町2丁目10番5,35.764812,139.540946,東久留米市,東京都,東久留米市,公共施設一覧,https://www.opendata.metro.tokyo.lg.jp/higashikurume/132225_public_facility.csv,クリエイティブ・コモンズ 表示（CC BY）
奈良橋地区会館（奈良橋市民センター内）,東京都東大和市奈良橋4-600,35.752444,139.425822,東大和市,東京都,東大和市,公共施設一覧,https://www.opendata.metro.tokyo.lg.jp/higashiyamato/ods/132209_public_facility.csv,クリエイティブ・コモンズ 表示（CC BY）
向原地区会館（向原市民センター内）,東京都東大和市向原3-10,35.740135,139.43597,東大和市,東京都,東大和市,公共施設一覧,https://www.opendata.metro.tokyo.lg.jp/higashiyamato/ods/132209_public_facility.csv,クリエイティブ・コモンズ 表示（CC BY）
清原地区会館（清原市民センター内）,東京都東大和市清原4-1,35.741712,139.447086,東大和市,東京都,東大和市,公共施設一覧,https://www.opendata.metro.tokyo.lg.jp/higashiyamato/ods/132209_public_facility.csv,クリエイティブ・コモンズ 表示（CC BY）
芋窪集会所,東京都東大和市芋窪4-1553-4,35.753163,139.412738,東大和市,東京都,東大和市,公共施設一覧,https://www.opendata.metro.tokyo.lg.jp/higashiyamato/ods/132209_public_facility.csv,クリエイティブ・コモンズ 表示（CC BY）
湖畔集会所,東京都東大和市湖畔2-1044-234,35.757984,139.430176,東大和市,東京都,東大和市,公共施設一覧,https://www.opendata.metro.tokyo.lg.jp/higashiyamato/ods/132209_public_facility.csv,クリエイティブ・コモンズ 表示（CC BY）
清水集会所,東京都東大和市清水2-928-1,35.752348,139.444515,東大和市,東京都,東大和市,公共施設一覧,https://www.opendata.metro.tokyo.lg.jp/higashiyamato/ods/132209_public_facility.csv,クリエイティブ・コモンズ 表示（CC BY）
仲原集会所,東京都東大和市仲原2-2-12,35.745857,139.441041,東大和市,東京都,東大和市,公共施設一覧,https://www.opendata.metro.tokyo.lg.jp/higashiyamato/ods/132209_public_facility.csv,クリエイティブ・コモンズ 表示（CC BY）
桜が丘集会所（桜が丘市民センター内）,東京都東大和市桜が丘3-44-13,35.733826,139.420085,東大和市,東京都,東大和市,公共施設一覧,https://www.opendata.metro.tokyo.lg.jp/higashiyamato/ods/132209_public_facility.csv,クリエイティブ・コモンズ 表示（CC BY）
玉川上水集会所,東京都東大和市桜が丘4-29-17,35.735458,139.416349,東大和市,東京都,東大和市,公共施設一覧,https://www.opendata.metro.tokyo.lg.jp/higashiyamato/ods/132209_public_facility.csv,クリエイティブ・コモンズ 表示（CC BY）
桜が丘図書館（桜が丘市民センター内）,東京都東大和市桜が丘3-44-13,35.733826,139.420085,東大和市,東京都,東大和市,公共施設一覧,https://www.opendata.metro.tokyo.lg.jp/higashiyamato/ods/132209_public_facility.csv,クリエイティブ・コモンズ 表示（CC BY）
清原図書館（清原市民センター内）,東京都東大和市清原4-1,35.741712,139.447086,東大和市,東京都,東大和市,公共施設一覧,https://www.opendata.metro.tokyo.lg.jp/higashiyamato/ods/132209_public_facility.csv,クリエイティブ・コモンズ 表示（CC BY）
南街公民館（地区会館）（南街市民セン ター内）,東京都東大和市南街5-32,35.737198,139.431509,東大和市,東京都,東大和市,公共施設一覧,https://www.opendata.metro.tokyo.lg.jp/higashiyamato/ods/132209_public_facility.csv,クリエイティブ・コモンズ 表示（CC BY）
上北台公民館（地区会館）（上北台市民セ ンター内）,東京都東大和市上北台2-865-9,35.742877,139.414741,東大和市,東京都,東大和市,公共施設一覧,https://www.opendata.metro.tokyo.lg.jp/higashiyamato/ods/132209_public_facility.csv,クリエイティブ・コモンズ 表示（CC BY）
ならはし児童館（奈良橋市民センター内）,東京都東大和市奈良橋4-600,35.752444,139.425822,東大和市,東京都,東大和市,公共施設一覧,https://www.opendata.metro.tokyo.lg.jp/higashiyamato/ods/132209_public_facility.csv,クリエイティブ・コモンズ 表示（CC BY）
なんがい児童館（南街市民センター内）,東京都東大和市南街5-32,35.737198,139.431509,東大和市,東京都,東大和市,公共施設一覧,https://www.opendata.metro.tokyo.lg.jp/higashiyamato/ods/132209_public_facility.csv,クリエイティブ・コモンズ 表示（CC BY）
かみきただい児童館（上北台市民センター 内）,東京都東大和市上北台2-865-9,35.742877,139.414741,東大和市,東京都,東大和市,公共施設一覧,https://www.opendata.metro.tokyo.lg.jp/higashiyamato/ods/132209_public_facility.csv,クリエイティブ・コモンズ 表示（CC BY）
さくらがおか児童館（桜が丘市民センター 内）,東京都東大和市桜が丘3-44-13,35.733826,139.420085,東大和市,東京都,東大和市,公共施設一覧,https://www.opendata.metro.tokyo.lg.jp/higashiyamato/ods/132209_public_facility.csv,クリエイティブ・コモンズ 表示（CC BY）
むこうはら児童館（向原市民センター内）,東京都東大和市向原3-10,35.740135,139.43597,東大和市,東京都,東大和市,公共施設一覧,https://www.opendata.metro.tokyo.lg.jp/higashiyamato/ods/132209_public_facility.csv,クリエイティブ・コモンズ 表示（CC BY）
学童保育所第二クラブ（南街市民センター 内）,東京都東大和市南街5-32,35.737198,139.431509,東大和市,東京都,東大和市,公共施設一覧,https://www.opendata.metro.tokyo.lg.jp/higashiyamato/ods/132209_public_facility.csv,クリエイティブ・コモンズ 表示（CC BY）
学童保育所第五クラブ（向原市民センター 内）,東京都東大和市向原3-10,35.740135,139.43597,東大和市,東京都,東大和市,公共施設一覧,https://www.opendata.metro.tokyo.lg.jp/higashiyamato/ods/132209_public_facility.csv,クリエイティブ・コモンズ 表示（CC BY）
老人福祉センター（奈良橋市民センター 内）,東京都東大和市奈良橋4-600,35.752444,139.425822,東大和市,東京都,東大和市,公共施設一覧,https://www.opendata.metro.tokyo.lg.jp/higashiyamato/ods/132209_public_facility.csv,クリエイティブ・コモンズ 表示（CC BY）
上北台老人福祉館（上北台市民センター 内）,東京都東大和市上北台2-865-9,35.742877,139.414741,東大和市,東京都,東大和市,公共施設一覧,https://www.opendata.metro.tokyo.lg.jp/higashiyamato/ods/132209_public_facility.csv,クリエイティブ・コモンズ 表示（CC BY）
向原老人福祉館（向原市民センター内）,東京都東大和市向原3-10,35.740135,139.43597,東大和市,東京都,東大和市,公共施設一覧,https://www.opendata.metro.tokyo.lg.jp/higashiyamato/ods/132209_public_facility.csv,クリエイティブ・コモンズ 表示（CC BY）
清原老人福祉館（清原市民センター内）,東京都東大和市清原4-1,35.741712,139.447086,東大和市,東京都,東大和市,公共施設一覧,https://www.opendata.metro.tokyo.lg.jp/higashiyamato/ods/132209_public_facility.csv,クリエイティブ・コモンズ 表示（CC BY）
芋窪老人集会所,東京都東大和市芋窪4-1435,35.754763,139.40888,東大和市,東京都,東大和市,公共施設一覧,https://www.opendata.metro.tokyo.lg.jp/higashiyamato/ods/132209_public_facility.csv,クリエイティブ・コモンズ 表示（CC BY）
奈良橋市民センター,東京都東大和市奈良橋4-600,35.752444,139.425822,東大和市,東京都,東大和市,公共施設一覧,https://www.opendata.metro.tokyo.lg.jp/higashiyamato/ods/132209_public_facility.csv,クリエイティブ・コモンズ 表示（CC BY）
南街市民センター,東京都東大和市南街5-32,35.737198,139.431509,東大和市,東京都,東大和市,公共施設一覧,https://www.opendata.metro.tokyo.lg.jp/higashiyamato/ods/132209_public_facility.csv,クリエイティブ・コモンズ 表示（CC BY）
上北台市民センター,東京都東大和市上北台2-865-9,35.742877,139.414741,東大和市,東京都,東大和市,公共施設一覧,https://www.opendata.metro.tokyo.lg.jp/higashiyamato/ods/132209_public_facility.csv,クリエイティブ・コモンズ 表示（CC BY）
桜が丘市民センター,東京都東大和市桜が丘3-44-13,35.733826,139.420085,東大和市,東京都,東大和市,公共施設一覧,https://www.opendata.metro.tokyo.lg.jp/higashiyamato/ods/132209_public_facility.csv,クリエイティブ・コモンズ 表示（CC BY）
向原市民センター,東京都東大和市向原3-10,35.740135,139.43597,東大和市,東京都,東大和市,公共施設一覧,https://www.opendata.metro.tokyo.lg.jp/higashiyamato/ods/132209_public_facility.csv,クリエイティブ・コモンズ 表示（CC BY）
清原市民センター,東京都東大和市清原4-1,35.741712,139.447086,東大和市,東京都,東大和市,公共施設一覧,https://www.opendata.metro.tokyo.lg.jp/higashiyamato/ods/132209_public_facility.csv,クリエイティブ・コモンズ 表示（CC BY）
湖畔集会所備蓄コンテナ,東京都東大和市湖畔2-1044-234,35.757984,139.430176,東大和市,東京都,東大和市,公共施設一覧,https://www.opendata.metro.tokyo.lg.jp/higashiyamato/ods/132209_public_facility.csv,クリエイティブ・コモンズ 表示（CC BY）
狭山公民館備蓄コンテナ,東京都東大和市狭山3-1344-1,35.755832,139.437684,東大和市,東京都,東大和市,公共施設一覧,https://www.opendata.metro.tokyo.lg.jp/higashiyamato/ods/132209_public_facility.csv,クリエイティブ・コモンズ 表示（CC BY）
中央地区福祉集会所（社会福祉協議会） （使用許可）,東京都東大和市中央3-912-3,35.746638,139.427431,東大和市,東京都,東大和市,公共施設一覧,https://www.opendata.metro.tokyo.lg.jp/higashiyamato/ods/132209_public_facility.csv,クリエイティブ・コモンズ 表示（CC BY）
学童保育所第一クラブ第二育成室（奈良橋 市民センター敷地内）,東京都東大和市奈良橋4-600,35.752444,139.425822,東大和市,東京都,東大和市,公共施設一覧,https://www.opendata.metro.tokyo.lg.jp/higashiyamato/ods/132209_public_facility.csv,クリエイティブ・コモンズ 表示（CC BY）
南部地域センター,狛江市猪方4-11-1,35.623377 ,139.579809 ,狛江市,東京都,狛江市,公共施設一覧,https://www.opendata.metro.tokyo.jp/suisyoudataset/132195_public_facility.csv,クリエイティブ・コモンズ 表示（CC BY）
上和泉地域センター,狛江市和泉本町4-7-51,35.645149 ,139.568014 ,狛江市,東京都,狛江市,公共施設一覧,https://www.opendata.metro.tokyo.jp/suisyoudataset/132195_public_facility.csv,クリエイティブ・コモンズ 表示（CC BY）
岩戸地域センター,狛江市岩戸南2-2-5,35.632071 ,139.586045 ,狛江市,東京都,狛江市,公共施設一覧,https://www.opendata.metro.tokyo.jp/suisyoudataset/132195_public_facility.csv,クリエイティブ・コモンズ 表示（CC BY）
野川地域センター,狛江市西野川1-6-9,35.646093 ,139.575503 ,狛江市,東京都,狛江市,公共施設一覧,https://www.opendata.metro.tokyo.jp/suisyoudataset/132195_public_facility.csv,クリエイティブ・コモンズ 表示（CC BY）
狛江市中央公民館,狛江市和泉本町1-1-5,35.635208 ,139.578171 ,狛江市,東京都,狛江市,公共施設一覧,https://www.opendata.metro.tokyo.jp/suisyoudataset/132195_public_facility.csv,クリエイティブ・コモンズ 表示（CC BY）
狛江市西河原公民館,狛江市元和泉2-35-1,35.633440 ,139.567029 ,狛江市,東京都,狛江市,公共施設一覧,https://www.opendata.metro.tokyo.jp/suisyoudataset/132195_public_facility.csv,クリエイティブ・コモンズ 表示（CC BY）
矢川集会所,東京都国立市富士見台3-32-4,35.686421,139.43329,国立市,東京都,国立市,公共施設一覧,https://www.opendata.metro.tokyo.lg.jp/kunitachi/132152_public_facility.csv,クリエイティブ・コモンズ 表示（CC BY）
富士見台一丁目集会所,東京都国立市富士見台1-8-4,35.683311,139.448105,国立市,東京都,国立市,公共施設一覧,https://www.opendata.metro.tokyo.lg.jp/kunitachi/132152_public_facility.csv,クリエイティブ・コモンズ 表示（CC BY）
中一丁目集会所,東京都国立市中1-10-34,35.697924,139.444034,国立市,東京都,国立市,公共施設一覧,https://www.opendata.metro.tokyo.lg.jp/kunitachi/132152_public_facility.csv,クリエイティブ・コモンズ 表示（CC BY）
千丑集会所,東京都国立市谷保7190-4,35.681588,139.441439,国立市,東京都,国立市,公共施設一覧,https://www.opendata.metro.tokyo.lg.jp/kunitachi/132152_public_facility.csv,クリエイティブ・コモンズ 表示（CC BY）
坂下集会所,東京都国立市谷保749-2,35.67911,139.443679,国立市,東京都,国立市,公共施設一覧,https://www.opendata.metro.tokyo.lg.jp/kunitachi/132152_public_facility.csv,クリエイティブ・コモンズ 表示（CC BY）
石神集会所,東京都国立市谷保7103-2,35.682827,139.438643,国立市,東京都,国立市,公共施設一覧,https://www.opendata.metro.tokyo.lg.jp/kunitachi/132152_public_facility.csv,クリエイティブ・コモンズ 表示（CC BY）
谷保東集会所,東京都国立市谷保7-17-1,35.6731,139.450731,国立市,東京都,国立市,公共施設一覧,https://www.opendata.metro.tokyo.lg.jp/kunitachi/132152_public_facility.csv,クリエイティブ・コモンズ 表示（CC BY）
富士見台二丁目集会所,東京都国立市富士見台2-32-1,35.684868,139.444977,国立市,東京都,国立市,公共施設一覧,https://www.opendata.metro.tokyo.lg.jp/kunitachi/132152_public_facility.csv,クリエイティブ・コモンズ 表示（CC BY）
国立市公民館図書室,東京都国立市中1-15-1,35.696897,139.443368,国立市,東京都,国立市,公共施設一覧,https://www.opendata.metro.tokyo.lg.jp/kunitachi/132152_public_facility.csv,クリエイティブ・コモンズ 表示（CC BY）
内藤地域センター,東京都国分寺市内藤2-22-34,35.698162,139.456209,国分寺市,東京都,国分寺市,公共施設一覧,https://www.opendata.metro.tokyo.lg.jp/kokubunji/132144_public_facility.csv,クリエイティブ・コモンズ 表示（CC BY）
北町地域センター,東京都国分寺市北町3-2-13,35.717778,139.449973,国分寺市,東京都,国分寺市,公共施設一覧,https://www.opendata.metro.tokyo.lg.jp/kokubunji/132144_public_facility.csv,クリエイティブ・コモンズ 表示（CC BY）
北の原地域センター,東京都国分寺市東恋ヶ窪6-9-11,35.713694,139.469222,国分寺市,東京都,国分寺市,公共施設一覧,https://www.opendata.metro.tokyo.lg.jp/kokubunji/132144_public_facility.csv,クリエイティブ・コモンズ 表示（CC BY）
西町地域センター,東京都国分寺市西町3-22-1,35.710799,139.434384,国分寺市,東京都,国分寺市,公共施設一覧,https://www.opendata.metro.tokyo.lg.jp/kokubunji/132144_public_facility.csv,クリエイティブ・コモンズ 表示（CC BY）
本町・南町地域センター,東京都国分寺市南町3-21-1ブロードアベニュー国分寺1階,35.699842,139.478370,国分寺市,東京都,国分寺市,公共施設一覧,https://www.opendata.metro.tokyo.lg.jp/kokubunji/132144_public_facility.csv,クリエイティブ・コモンズ 表示（CC BY）
もとまち地域センター,東京都国分寺市西元町3-18-12,35.691242,139.474847,国分寺市,東京都,国分寺市,公共施設一覧,https://www.opendata.metro.tokyo.lg.jp/kokubunji/132144_public_facility.csv,クリエイティブ・コモンズ 表示（CC BY）
東部市民センター,東京都小平市花小金井一丁目8-1,35.727938,139.514077,小平市,東京都,小平市,公共施設一覧,https://www.opendata.metro.tokyo.lg.jp/kodaira/132110_public_facility.csv,クリエイティブ・コモンズ 表示（CC BY）
西部市民センター,東京都小平市小川西町四丁目10-13,35.735135,139.461787,小平市,東京都,小平市,公共施設一覧,https://www.opendata.metro.tokyo.lg.jp/kodaira/132110_public_facility.csv,クリエイティブ・コモンズ 表示（CC BY）
鈴木地域センター,東京都小平市鈴木町一丁目400,35.720848,139.500767,小平市,東京都,小平市,公共施設一覧,https://www.opendata.metro.tokyo.lg.jp/kodaira/132110_public_facility.csv,クリエイティブ・コモンズ 表示（CC BY）
大沼地域センター,東京都小平市大沼町二丁目17-33,35.741523,139.494498,小平市,東京都,小平市,公共施設一覧,https://www.opendata.metro.tokyo.lg.jp/kodaira/132110_public_facility.csv,クリエイティブ・コモンズ 表示（CC BY）
上水新町地域センター,東京都小平市上水新町一丁目14-18,35.725324,139.438876,小平市,東京都,小平市,公共施設一覧,https://www.opendata.metro.tokyo.lg.jp/kodaira/132110_public_facility.csv,クリエイティブ・コモンズ 表示（CC BY）
中島地域センター,東京都小平市中島町26-9,35.729831,139.434291,小平市,東京都,小平市,公共施設一覧,https://www.opendata.metro.tokyo.lg.jp/kodaira/132110_public_facility.csv,クリエイティブ・コモンズ 表示（CC BY）
天神地域センター,東京都小平市天神町四丁目3-1,35.72817,139.496718,小平市,東京都,小平市,公共施設一覧,https://www.opendata.metro.tokyo.lg.jp/kodaira/132110_public_facility.csv,クリエイティブ・コモンズ 表示（CC BY）
上水本町地域センター,東京都小平市上水本町三丁目11-11,35.717416,139.470369,小平市,東京都,小平市,公共施設一覧,https://www.opendata.metro.tokyo.lg.jp/kodaira/132110_public_facility.csv,クリエイティブ・コモンズ 表示（CC BY）
小川西町地域センター,東京都小平市小川西町五丁目4-17,35.735248,139.455993,小平市,東京都,小平市,公共施設一覧,https://www.opendata.metro.tokyo.lg.jp/kodaira/132110_public_facility.csv,クリエイティブ・コモンズ 表示（CC BY）
学園東町地域センター,東京都小平市学園東町二丁目16-11,35.725836,139.483535,小平市,東京都,小平市,公共施設一覧,https://www.opendata.metro.tokyo.lg.jp/kodaira/132110_public_facility.csv,クリエイティブ・コモンズ 表示（CC BY）
花小金井北地域センター,東京都小平市花小金井三丁目10-1,35.734483,139.517893,小平市,東京都,小平市,公共施設一覧,https://www.opendata.metro.tokyo.lg.jp/kodaira/132110_public_facility.csv,クリエイティブ・コモンズ 表示（CC BY）
小川東町地域センター（都営住宅内）,東京都小平市小川東町1805,35.734928,139.478129,小平市,東京都,小平市,公共施設一覧,https://www.opendata.metro.tokyo.lg.jp/kodaira/132110_public_facility.csv,クリエイティブ・コモンズ 表示（CC BY）
御幸地域センター,東京都小平市御幸町58,35.714419,139.501323,小平市,東京都,小平市,公共施設一覧,https://www.opendata.metro.tokyo.lg.jp/kodaira/132110_public_facility.csv,クリエイティブ・コモンズ 表示（CC BY）
喜平地域センター（消防団第八分団）,東京都小平市喜平町一丁目10-9,35.716143,139.488523,小平市,東京都,小平市,公共施設一覧,https://www.opendata.metro.tokyo.lg.jp/kodaira/132110_public_facility.csv,クリエイティブ・コモンズ 表示（CC BY）
小川東第二地域センター,東京都小平市小川東町五丁目9-1,35.73259,139.468561,小平市,東京都,小平市,公共施設一覧,https://www.opendata.metro.tokyo.lg.jp/kodaira/132110_public_facility.csv,クリエイティブ・コモンズ 表示（CC BY）
学園西町地域センター,東京都小平市学園西町二丁目12-22,35.722702,139.47565,小平市,東京都,小平市,公共施設一覧,https://www.opendata.metro.tokyo.lg.jp/kodaira/132110_public_facility.csv,クリエイティブ・コモンズ 表示（CC BY）
小川西町中宿地域センター（都営住宅内）,東京都小平市小川西町二丁目30-1,35.739122,139.460627,小平市,東京都,小平市,公共施設一覧,https://www.opendata.metro.tokyo.lg.jp/kodaira/132110_public_facility.csv,クリエイティブ・コモンズ 表示（CC BY）
美園地域センター（都営住宅内）,東京都小平市美園町一丁目19-2,35.734685,139.489486,小平市,東京都,小平市,公共施設一覧,https://www.opendata.metro.tokyo.lg.jp/kodaira/132110_public_facility.csv,クリエイティブ・コモンズ 表示（CC BY）
花小金井南地域センター・児童館,東京都小平市花小金井南町三丁目3-17,35.722168,139.51869,小平市,東京都,小平市,公共施設一覧,https://www.opendata.metro.tokyo.lg.jp/kodaira/132110_public_facility.csv,クリエイティブ・コモンズ 表示（CC BY）
小川町二丁目地域センター・児童館,東京都小平市小川町二丁目1154,35.72771,139.467306,小平市,東京都,小平市,公共施設一覧,https://www.opendata.metro.tokyo.lg.jp/kodaira/132110_public_facility.csv,クリエイティブ・コモンズ 表示（CC BY）
小川町一丁目地域センター・児童館,東京都小平市小川町一丁目3045,35.729377,139.448243,小平市,東京都,小平市,公共施設一覧,https://www.opendata.metro.tokyo.lg.jp/kodaira/132110_public_facility.csv,クリエイティブ・コモンズ 表示（CC BY）
中央公民館,東京都小平市小川町二丁目1325,35.727484,139.476258,小平市,東京都,小平市,公共施設一覧,https://www.opendata.metro.tokyo.lg.jp/kodaira/132110_public_facility.csv,クリエイティブ・コモンズ 表示（CC BY）
小川公民館,東京都小平市小川町一丁目1012,35.725386,139.459214,小平市,東京都,小平市,公共施設一覧,https://www.opendata.metro.tokyo.lg.jp/kodaira/132110_public_facility.csv,クリエイティブ・コモンズ 表示（CC BY）
花小金井保育園・花小金井北公民館,東京都小平市花小金井五丁目41-3,35.73429,139.51015,小平市,東京都,小平市,公共施設一覧,https://www.opendata.metro.tokyo.lg.jp/kodaira/132110_public_facility.csv,クリエイティブ・コモンズ 表示（CC BY）
上宿保育園・上宿公民館,東京都小平市小川町一丁目308,35.731589,139.443879,小平市,東京都,小平市,公共施設一覧,https://www.opendata.metro.tokyo.lg.jp/kodaira/132110_public_facility.csv,クリエイティブ・コモンズ 表示（CC BY）
上水南公民館,東京都小平市上水南町一丁目27-1,35.713091,139.48371,小平市,東京都,小平市,公共施設一覧,https://www.opendata.metro.tokyo.lg.jp/kodaira/132110_public_facility.csv,クリエイティブ・コモンズ 表示（CC BY）
花小金井南公民館,東京都小平市花小金井南町二丁目12-6,35.724325,139.51611,小平市,東京都,小平市,公共施設一覧,https://www.opendata.metro.tokyo.lg.jp/kodaira/132110_public_facility.csv,クリエイティブ・コモンズ 表示（CC BY）
仲町公民館・仲町図書館(なかまちテラス）,東京都小平市仲町145,35.730914,139.48491,小平市,東京都,小平市,公共施設一覧,https://www.opendata.metro.tokyo.lg.jp/kodaira/132110_public_facility.csv,クリエイティブ・コモンズ 表示（CC BY）
津田公民館・津田図書館（都営住宅内）,東京都小平市津田町三丁目11-1,35.720866,139.470051,小平市,東京都,小平市,公共施設一覧,https://www.opendata.metro.tokyo.lg.jp/kodaira/132110_public_facility.csv,クリエイティブ・コモンズ 表示（CC BY）
大沼公民館・大沼図書館（都営住宅内）,東京都小平市大沼町七丁目1-17,35.735374,139.497196,小平市,東京都,小平市,公共施設一覧,https://www.opendata.metro.tokyo.lg.jp/kodaira/132110_public_facility.csv,クリエイティブ・コモンズ 表示（CC BY）
鈴木公民館（都営住宅内）,東京都小平市鈴木町二丁目772,35.720766,139.506798,小平市,東京都,小平市,公共施設一覧,https://www.opendata.metro.tokyo.lg.jp/kodaira/132110_public_facility.csv,クリエイティブ・コモンズ 表示（CC BY）
貫井北町中之久保集会所,東京都小金井市貫井北町1-18-21,35.702623,139.494407,小金井市,東京都,小金井市,公共施設一覧,https://www.opendata.metro.tokyo.lg.jp/koganei/01_koukyoushisetsu.csv,クリエイティブ・コモンズ 表示（CC BY）
前原町丸山台集会所,東京都小金井市前原町4-18-14,35.690584,139.503451,小金井市,東京都,小金井市,公共施設一覧,https://www.opendata.metro.tokyo.lg.jp/koganei/01_koukyoushisetsu.csv,クリエイティブ・コモンズ 表示（CC BY）
東町集会所,東京都小金井市東町1-39-1,35.693974,139.526625,小金井市,東京都,小金井市,公共施設一覧,https://www.opendata.metro.tokyo.lg.jp/koganei/01_koukyoushisetsu.csv,クリエイティブ・コモンズ 表示（CC BY）
貫井南町三楽集会所,東京都小金井市貫井南町3-6-18,35.699252,139.495108,小金井市,東京都,小金井市,公共施設一覧,https://www.opendata.metro.tokyo.lg.jp/koganei/01_koukyoushisetsu.csv,クリエイティブ・コモンズ 表示（CC BY）
中町桜並集会所,東京都小金井市中町3-19-12,35.700061,139.512846,小金井市,東京都,小金井市,公共施設一覧,https://www.opendata.metro.tokyo.lg.jp/koganei/01_koukyoushisetsu.csv,クリエイティブ・コモンズ 表示（CC BY）
貫井北五集会所,東京都小金井市貫井北町5-16-13,35.702948,139.48855,小金井市,東京都,小金井市,公共施設一覧,https://www.opendata.metro.tokyo.lg.jp/koganei/01_koukyoushisetsu.csv,クリエイティブ・コモンズ 表示（CC BY）
中町天神前集会所,東京都小金井市中町1-7-7,35.693458,139.509932,小金井市,東京都,小金井市,公共施設一覧,https://www.opendata.metro.tokyo.lg.jp/koganei/01_koukyoushisetsu.csv,クリエイティブ・コモンズ 表示（CC BY）
高齢者いこいの部屋（東町集会所内）,東京都小金井市東町1-39-1東町集会所内,35.693974,139.526625,小金井市,東京都,小金井市,公共施設一覧,https://www.opendata.metro.tokyo.lg.jp/koganei/01_koukyoushisetsu.csv,クリエイティブ・コモンズ 表示（CC BY）
高齢者いこいの部屋（公民館貫井南分館内）,東京都小金井市貫井南町4-3-23公民館貫井南分館内,35.693689,139.493685,小金井市,東京都,小金井市,公共施設一覧,https://www.opendata.metro.tokyo.lg.jp/koganei/01_koukyoushisetsu.csv,クリエイティブ・コモンズ 表示（CC BY）
高齢者いこいの部屋（公民館緑分館内）,東京都小金井市緑町3-3-23公民館緑分館,35.709571,139.51635,小金井市,東京都,小金井市,公共施設一覧,https://www.opendata.metro.tokyo.lg.jp/koganei/01_koukyoushisetsu.csv,クリエイティブ・コモンズ 表示（CC BY）
小金井市民交流センター,東京都小金井市本町6-14-45,35.700024,139.506777,小金井市,東京都,小金井市,公共施設一覧,https://www.opendata.metro.tokyo.lg.jp/koganei/01_koukyoushisetsu.csv,クリエイティブ・コモンズ 表示（CC BY）
公民館本館,東京都小金井市本町2-15-11,35.705448,139.510602,小金井市,東京都,小金井市,公共施設一覧,https://www.opendata.metro.tokyo.lg.jp/koganei/01_koukyoushisetsu.csv,クリエイティブ・コモンズ 表示（CC BY）
公民館貫井南分館,東京都小金井市貫井南町4-3-23,35.693689,139.493685,小金井市,東京都,小金井市,公共施設一覧,https://www.opendata.metro.tokyo.lg.jp/koganei/01_koukyoushisetsu.csv,クリエイティブ・コモンズ 表示（CC BY）
公民館東分館,東京都小金井市東町1-39-1,35.693974,139.526625,小金井市,東京都,小金井市,公共施設一覧,https://www.opendata.metro.tokyo.lg.jp/koganei/01_koukyoushisetsu.csv,クリエイティブ・コモンズ 表示（CC BY）
公民館緑分館,東京都小金井市緑町3-3-23,35.709571,139.51635,小金井市,東京都,小金井市,公共施設一覧,https://www.opendata.metro.tokyo.lg.jp/koganei/01_koukyoushisetsu.csv,クリエイティブ・コモンズ 表示（CC BY）
公民館貫井北分館,東京都小金井市貫井北町1-11-12,35.70231,139.497742,小金井市,東京都,小金井市,公共施設一覧,https://www.opendata.metro.tokyo.lg.jp/koganei/01_koukyoushisetsu.csv,クリエイティブ・コモンズ 表示（CC BY）
南市民センター,,35.52364717,139.4667959,町田市,東京都,町田市,公共施設一覧,https://www.city.machida.tokyo.jp/shisei/opendata/shisetsu/public_facility.files/132098_public_facility.csv,クリエイティブ・コモンズ 表示（CC BY）
なるせ駅前市民センター,,35.53682331,139.4729389,町田市,東京都,町田市,公共施設一覧,https://www.city.machida.tokyo.jp/shisei/opendata/shisetsu/public_facility.files/132098_public_facility.csv,クリエイティブ・コモンズ 表示（CC BY）
鶴川市民センター,,35.58888656,139.4673706,町田市,東京都,町田市,公共施設一覧,https://www.city.machida.tokyo.jp/shisei/opendata/shisetsu/public_facility.files/132098_public_facility.csv,クリエイティブ・コモンズ 表示（CC BY）
忠生市民センター,,35.57833572,139.4161491,町田市,東京都,町田市,公共施設一覧,https://www.city.machida.tokyo.jp/shisei/opendata/shisetsu/public_facility.files/132098_public_facility.csv,クリエイティブ・コモンズ 表示（CC BY）
堺市民センター,,35.60424683,139.3333728,町田市,東京都,町田市,公共施設一覧,https://www.city.machida.tokyo.jp/shisei/opendata/shisetsu/public_facility.files/132098_public_facility.csv,クリエイティブ・コモンズ 表示（CC BY）
小山市民センター,,35.59714842,139.3689945,町田市,東京都,町田市,公共施設一覧,https://www.city.machida.tokyo.jp/shisei/opendata/shisetsu/public_facility.files/132098_public_facility.csv,クリエイティブ・コモンズ 表示（CC BY）
玉川学園駅前連絡所（玉川学園コミュニティセンター）,,35.56374803,139.4625582,町田市,東京都,町田市,公共施設一覧,https://www.city.machida.tokyo.jp/shisei/opendata/shisetsu/public_facility.files/132098_public_facility.csv,クリエイティブ・コモンズ 表示（CC BY）
木曽山崎連絡所（木曽山崎コミュニティセンター）,,35.56859619,139.4367346,町田市,東京都,町田市,公共施設一覧,https://www.city.machida.tokyo.jp/shisei/opendata/shisetsu/public_facility.files/132098_public_facility.csv,クリエイティブ・コモンズ 表示（CC BY）
町田市文化交流センター,,35.54095047,139.4481429,町田市,東京都,町田市,公共施設一覧,https://www.city.machida.tokyo.jp/shisei/opendata/shisetsu/public_facility.files/132098_public_facility.csv,クリエイティブ・コモンズ 表示（CC BY）
生涯学習センター(まちだ中央公民館),,35.54297064,139.4472272,町田市,東京都,町田市,公共施設一覧,https://www.city.machida.tokyo.jp/shisei/opendata/shisetsu/public_facility.files/132098_public_facility.csv,クリエイティブ・コモンズ 表示（CC BY）
成瀬コミュニティセンター,,35.54352008,139.4728479,町田市,東京都,町田市,公共施設一覧,https://www.city.machida.tokyo.jp/shisei/opendata/shisetsu/public_facility.files/132098_public_facility.csv,クリエイティブ・コモンズ 表示（CC BY）
つくし野コミュニティセンター,,35.52712206,139.4846791,町田市,東京都,町田市,公共施設一覧,https://www.city.machida.tokyo.jp/shisei/opendata/shisetsu/public_facility.files/132098_public_facility.csv,クリエイティブ・コモンズ 表示（CC BY）
木曽森野コミュニティセンター,,35.55510311,139.428557,町田市,東京都,町田市,公共施設一覧,https://www.city.machida.tokyo.jp/shisei/opendata/shisetsu/public_facility.files/132098_public_facility.csv,クリエイティブ・コモンズ 表示（CC BY）
三輪コミュニティセンター,,35.57717031,139.4931332,町田市,東京都,町田市,公共施設一覧,https://www.city.machida.tokyo.jp/shisei/opendata/shisetsu/public_facility.files/132098_public_facility.csv,クリエイティブ・コモンズ 表示（CC BY）
上小山田コミュニティセンター,,35.59484069,139.3983522,町田市,東京都,町田市,公共施設一覧,https://www.city.machida.tokyo.jp/shisei/opendata/shisetsu/public_facility.files/132098_public_facility.csv,クリエイティブ・コモンズ 表示（CC BY）
小野路宿里山交流館,,35.59823192,139.4385524,町田市,東京都,町田市,公共施設一覧,https://www.city.machida.tokyo.jp/shisei/opendata/shisetsu/public_facility.files/132098_public_facility.csv,クリエイティブ・コモンズ 表示（CC BY）
境南コミュニティセンター,東京都武蔵野市境南町3-22-9,35.698274,139.540126,武蔵野市,東京都,武蔵野市,公共施設一覧,https://www.opendata.metro.tokyo.lg.jp/musashino/132039_public_facility.csv,クリエイティブ・コモンズ 表示（CC BY）
西久保コミュニティセンター,東京都武蔵野市西久保1-23-7,35.706021,139.556855,武蔵野市,東京都,武蔵野市,公共施設一覧,https://www.opendata.metro.tokyo.lg.jp/musashino/132039_public_facility.csv,クリエイティブ・コモンズ 表示（CC BY）
中央コミュニティセンター,東京都武蔵野市中町3-5-17,35.711185,139.565040,武蔵野市,東京都,武蔵野市,公共施設一覧,https://www.opendata.metro.tokyo.lg.jp/musashino/132039_public_facility.csv,クリエイティブ・コモンズ 表示（CC BY）
中央コミュニティセンター中町集会所,東京都武蔵野市中町1-28-5,35.704278,139.564631,武蔵野市,東京都,武蔵野市,公共施設一覧,https://www.opendata.metro.tokyo.lg.jp/musashino/132039_public_facility.csv,クリエイティブ・コモンズ 表示（CC BY）
吉祥寺東コミュニティセンター（九浦の家）,東京都武蔵野市吉祥寺東町1-12-6,35.707721,139.584076,武蔵野市,東京都,武蔵野市,公共施設一覧,https://www.opendata.metro.tokyo.lg.jp/musashino/132039_public_facility.csv,クリエイティブ・コモンズ 表示（CC BY）
吉祥寺北コミュニティセンター,東京都武蔵野市吉祥寺北町1-22-10,35.712282,139.577987,武蔵野市,東京都,武蔵野市,公共施設一覧,https://www.opendata.metro.tokyo.lg.jp/musashino/132039_public_facility.csv,クリエイティブ・コモンズ 表示（CC BY）
本町コミュニティセンター,東京都武蔵野市吉祥寺本町1-22-2,35.704465,139.581907,武蔵野市,東京都,武蔵野市,公共施設一覧,https://www.opendata.metro.tokyo.lg.jp/musashino/132039_public_facility.csv,クリエイティブ・コモンズ 表示（CC BY）
八幡町コミュニティセンター,東京都武蔵野市八幡町3-3-16,35.717065,139.552429,武蔵野市,東京都,武蔵野市,公共施設一覧,https://www.opendata.metro.tokyo.lg.jp/musashino/132039_public_facility.csv,クリエイティブ・コモンズ 表示（CC BY）
関前コミュニティセンター,東京都武蔵野市関前2-26-10,35.712871,139.549084,武蔵野市,東京都,武蔵野市,公共施設一覧,https://www.opendata.metro.tokyo.lg.jp/musashino/132039_public_facility.csv,クリエイティブ・コモンズ 表示（CC BY）
御殿山コミュニティセンター,東京都武蔵野市御殿山1-5-11,35.702199,139.575838,武蔵野市,東京都,武蔵野市,公共施設一覧,https://www.opendata.metro.tokyo.lg.jp/musashino/132039_public_facility.csv,クリエイティブ・コモンズ 表示（CC BY）
桜堤コミュニティセンター,東京都武蔵野市桜堤3-3-11,35.714824,139.528856,武蔵野市,東京都,武蔵野市,公共施設一覧,https://www.opendata.metro.tokyo.lg.jp/musashino/132039_public_facility.csv,クリエイティブ・コモンズ 表示（CC BY）
吉祥寺南町コミュニティセンター,東京都武蔵野市吉祥寺南町3-13-1,35.699256,139.586678,武蔵野市,東京都,武蔵野市,公共施設一覧,https://www.opendata.metro.tokyo.lg.jp/musashino/132039_public_facility.csv,クリエイティブ・コモンズ 表示（CC BY）
緑町コミュニティセンター,東京都武蔵野市緑町3-1-17,35.720066,139.565798,武蔵野市,東京都,武蔵野市,公共施設一覧,https://www.opendata.metro.tokyo.lg.jp/musashino/132039_public_facility.csv,クリエイティブ・コモンズ 表示（CC BY）
西部コミュニティセンター,東京都武蔵野市境5-6-20,35.706435,139.535594,武蔵野市,東京都,武蔵野市,公共施設一覧,https://www.opendata.metro.tokyo.lg.jp/musashino/132039_public_facility.csv,クリエイティブ・コモンズ 表示（CC BY）
吉祥寺西コミュニティセンター,東京都武蔵野市吉祥寺本町3-20-17,35.705674,139.569735,武蔵野市,東京都,武蔵野市,公共施設一覧,https://www.opendata.metro.tokyo.lg.jp/musashino/132039_public_facility.csv,クリエイティブ・コモンズ 表示（CC BY）
けやきコミュニティセンター,東京都武蔵野市吉祥寺北町5-6-19,35.717821,139.571646,武蔵野市,東京都,武蔵野市,公共施設一覧,https://www.opendata.metro.tokyo.lg.jp/musashino/132039_public_facility.csv,クリエイティブ・コモンズ 表示（CC BY）
本宿コミュニティセンター,東京都武蔵野市吉祥寺東町3-25-2,35.703945,139.589824,武蔵野市,東京都,武蔵野市,公共施設一覧,https://www.opendata.metro.tokyo.lg.jp/musashino/132039_public_facility.csv,クリエイティブ・コモンズ 表示（CC BY）
吉祥寺西コミュニティセンター分館,東京都武蔵野市吉祥寺本町4-10-7,35.708839,139.574149,武蔵野市,東京都,武蔵野市,公共施設一覧,https://www.opendata.metro.tokyo.lg.jp/musashino/132039_public_facility.csv,クリエイティブ・コモンズ 表示（CC BY）
関前コミュニティセンター分館,東京都武蔵野市関前3-16-6,35.714172,139.554376,武蔵野市,東京都,武蔵野市,公共施設一覧,https://www.opendata.metro.tokyo.lg.jp/musashino/132039_public_facility.csv,クリエイティブ・コモンズ 表示（CC BY）
子安市民センター,東京都八王子市子安町2丁目528-2,35.647038,139.342069,八王子市,東京都,八王子市,公共施設一覧,https://www.city.hachioji.tokyo.jp/contents/open/002/p005882_d/fil/132012_public_facility.csv,クリエイティブ・コモンズ 表示（CC BY）
台町市民センター,東京都八王子市台町3丁目20-1,35.655042,139.320133,八王子市,東京都,八王子市,公共施設一覧,https://www.city.hachioji.tokyo.jp/contents/open/002/p005882_d/fil/132012_public_facility.csv,クリエイティブ・コモンズ 表示（CC BY）
中野市民センター,東京都八王子市中野町2726-7,35.681733,139.318594,八王子市,東京都,八王子市,公共施設一覧,https://www.city.hachioji.tokyo.jp/contents/open/002/p005882_d/fil/132012_public_facility.csv,クリエイティブ・コモンズ 表示（CC BY）
大和田市民センター,東京都八王子市大和田町5丁目9-1,35.663118,139.351965,八王子市,東京都,八王子市,公共施設一覧,https://www.city.hachioji.tokyo.jp/contents/open/002/p005882_d/fil/132012_public_facility.csv,クリエイティブ・コモンズ 表示（CC BY）
浅川市民センター,東京都八王子市高尾町1652-1,35.643589,139.276897,八王子市,東京都,八王子市,公共施設一覧,https://www.city.hachioji.tokyo.jp/contents/open/002/p005882_d/fil/132012_public_facility.csv,クリエイティブ・コモンズ 表示（CC BY）
由木中央市民センター,東京都八王子市下柚木2丁目10-6,35.626637,139.382253,八王子市,東京都,八王子市,公共施設一覧,https://www.city.hachioji.tokyo.jp/contents/open/002/p005882_d/fil/132012_public_facility.csv,クリエイティブ・コモンズ 表示（CC BY）
由木東市民センター,東京都八王子市鹿島111-1,35.634228,139.42154,八王子市,東京都,八王子市,公共施設一覧,https://www.city.hachioji.tokyo.jp/contents/open/002/p005882_d/fil/132012_public_facility.csv,クリエイティブ・コモンズ 表示（CC BY）
長房市民センター,東京都八王子市長房町506-2,35.650403,139.295319,八王子市,東京都,八王子市,公共施設一覧,https://www.city.hachioji.tokyo.jp/contents/open/002/p005882_d/fil/132012_public_facility.csv,クリエイティブ・コモンズ 表示（CC BY）
元八王子市民センター,東京都八王子市上壱分方町746-1,35.680089,139.283951,八王子市,東京都,八王子市,公共施設一覧,https://www.city.hachioji.tokyo.jp/contents/open/002/p005882_d/fil/132012_public_facility.csv,クリエイティブ・コモンズ 表示（CC BY）
恩方市民センター,東京都八王子市西寺方町260-4,35.674026,139.268696,八王子市,東京都,八王子市,公共施設一覧,https://www.city.hachioji.tokyo.jp/contents/open/002/p005882_d/fil/132012_public_facility.csv,クリエイティブ・コモンズ 表示（CC BY）
川口市民センター,東京都八王子市川口町3838,35.686507,139.299019,八王子市,東京都,八王子市,公共施設一覧,https://www.city.hachioji.tokyo.jp/contents/open/002/p005882_d/fil/132012_public_facility.csv,クリエイティブ・コモンズ 表示（CC BY）
由井市民センター,東京都八王子市打越町42-1,35.640616,139.348994,八王子市,東京都,八王子市,公共施設一覧,https://www.city.hachioji.tokyo.jp/contents/open/002/p005882_d/fil/132012_public_facility.csv,クリエイティブ・コモンズ 表示（CC BY）
石川市民センター,東京都八王子市石川町438,35.680496,139.364322,八王子市,東京都,八王子市,公共施設一覧,https://www.city.hachioji.tokyo.jp/contents/open/002/p005882_d/fil/132012_public_facility.csv,クリエイティブ・コモンズ 表示（CC BY）
加住市民センター,東京都八王子市加住町1丁目338,35.699569,139.323907,八王子市,東京都,八王子市,公共施設一覧,https://www.city.hachioji.tokyo.jp/contents/open/002/p005882_d/fil/132012_public_facility.csv,クリエイティブ・コモンズ 表示（CC BY）
館町市民センター,東京都八王子市館町115-1,35.634469,139.303297,八王子市,東京都,八王子市,公共施設一覧,https://www.city.hachioji.tokyo.jp/contents/open/002/p005882_d/fil/132012_public_facility.csv,クリエイティブ・コモンズ 表示（CC BY）
横山南市民センター,東京都八王子市椚田町137-3,35.633647,139.310464,八王子市,東京都,八王子市,公共施設一覧,https://www.city.hachioji.tokyo.jp/contents/open/002/p005882_d/fil/132012_public_facility.csv,クリエイティブ・コモンズ 表示（CC BY）
子安市民センター防災倉庫,東京都八王子市子安町2丁目6-1,35.650739,139.34462,八王子市,東京都,八王子市,公共施設一覧,https://www.city.hachioji.tokyo.jp/contents/open/002/p005882_d/fil/132012_public_facility.csv,クリエイティブ・コモンズ 表示（CC BY）
京王八王子駅東自転車駐車場内集会所,東京都八王子市明神町3丁目169,35.65612,139.343506,八王子市,東京都,八王子市,公共施設一覧,https://www.city.hachioji.tokyo.jp/contents/open/002/p005882_d/fil/132012_public_facility.csv,クリエイティブ・コモンズ 表示（CC BY）
恩方市民センター図書館,東京都八王子市西寺方町260-4,35.674686,139.267746,八王子市,東京都,八王子市,公共施設一覧,https://www.city.hachioji.tokyo.jp/contents/open/002/p005882_d/fil/132012_public_facility.csv,クリエイティブ・コモンズ 表示（CC BY）
由木中央市民センター図書館,東京都八王子市下柚木2丁目10-6,35.626877,139.382278,八王子市,東京都,八王子市,公共施設一覧,https://www.city.hachioji.tokyo.jp/contents/open/002/p005882_d/fil/132012_public_facility.csv,クリエイティブ・コモンズ 表示（CC BY）
石川市民センター図書館,東京都八王子市石川町438,35.680428,139.364548,八王子市,東京都,八王子市,公共施設一覧,https://www.city.hachioji.tokyo.jp/contents/open/002/p005882_d/fil/132012_public_facility.csv,クリエイティブ・コモンズ 表示（CC BY）
立石地区センター,"東京都葛飾区立石3-12-1立石地区センター
",35.740059,139.843623,葛飾区,東京都,葛飾区,公共施設一覧,https://www.opendata.metro.tokyo.lg.jp/katsushika/131229_public_facility.csv,クリエイティブ・コモンズ 表示（CC BY）
東立石地区センター,東京都葛飾区東立石2-15-7東立石地区センター,35.734073,139.847683,葛飾区,東京都,葛飾区,公共施設一覧,https://www.opendata.metro.tokyo.lg.jp/katsushika/131229_public_facility.csv,クリエイティブ・コモンズ 表示（CC BY）
東立石地区センター別館,東京都葛飾区東立石3-34-12東立石地区センター別館,35.735298,139.847407,葛飾区,東京都,葛飾区,公共施設一覧,https://www.opendata.metro.tokyo.lg.jp/katsushika/131229_public_facility.csv,クリエイティブ・コモンズ 表示（CC BY）
東四つ木地区センター,東京都葛飾区東四つ木1-20-4東四つ木地区センター,35.728891,139.840693,葛飾区,東京都,葛飾区,公共施設一覧,https://www.opendata.metro.tokyo.lg.jp/katsushika/131229_public_facility.csv,クリエイティブ・コモンズ 表示（CC BY）
四つ木地区センター,東京都葛飾区宝町1-1-22四つ木地区センター,35.74013,139.837175,葛飾区,東京都,葛飾区,公共施設一覧,https://www.opendata.metro.tokyo.lg.jp/katsushika/131229_public_facility.csv,クリエイティブ・コモンズ 表示（CC BY）
堀切地区センター,東京都葛飾区堀切3-8-5堀切地区センター,35.74724,139.828075,葛飾区,東京都,葛飾区,公共施設一覧,https://www.opendata.metro.tokyo.lg.jp/katsushika/131229_public_facility.csv,クリエイティブ・コモンズ 表示（CC BY）
堀切地区センター別館,東京都葛飾区堀切2-31-10堀切地区センター別館,35.744644,139.82726,葛飾区,東京都,葛飾区,公共施設一覧,https://www.opendata.metro.tokyo.lg.jp/katsushika/131229_public_facility.csv,クリエイティブ・コモンズ 表示（CC BY）
南綾瀬地区センター,東京都葛飾区堀切7-8-22南綾瀬地区センター,35.754027,139.829985,葛飾区,東京都,葛飾区,公共施設一覧,https://www.opendata.metro.tokyo.lg.jp/katsushika/131229_public_facility.csv,クリエイティブ・コモンズ 表示（CC BY）
南綾瀬地区センター別館,東京都葛飾区堀切6-28-5南綾瀬地区センター別館,35.753693,139.830118,葛飾区,東京都,葛飾区,公共施設一覧,https://www.opendata.metro.tokyo.lg.jp/katsushika/131229_public_facility.csv,クリエイティブ・コモンズ 表示（CC BY）
お花茶屋地区センター,東京都葛飾区お花茶屋2-1-12お花茶屋地区センター,35.751287,139.838477,葛飾区,東京都,葛飾区,公共施設一覧,https://www.opendata.metro.tokyo.lg.jp/katsushika/131229_public_facility.csv,クリエイティブ・コモンズ 表示（CC BY）
亀有地区センター,東京都葛飾区亀有3-26-1亀有地区センター,35.766574,139.848735,葛飾区,東京都,葛飾区,公共施設一覧,https://www.opendata.metro.tokyo.lg.jp/katsushika/131229_public_facility.csv,クリエイティブ・コモンズ 表示（CC BY）
青戸地区センター,東京都葛飾区青戸5-20-6青戸地区センター,35.750122,139.854345,葛飾区,東京都,葛飾区,公共施設一覧,https://www.opendata.metro.tokyo.lg.jp/katsushika/131229_public_facility.csv,クリエイティブ・コモンズ 表示（CC BY）
新小岩北地区センター,東京都葛飾区東新小岩6-21-1新小岩北地区センター,35.724256,139.858911,葛飾区,東京都,葛飾区,公共施設一覧,https://www.opendata.metro.tokyo.lg.jp/katsushika/131229_public_facility.csv,クリエイティブ・コモンズ 表示（CC BY）
新小岩地区センター,東京都葛飾区新小岩2-17-1新小岩地区センター,35.716329,139.861747,葛飾区,東京都,葛飾区,公共施設一覧,https://www.opendata.metro.tokyo.lg.jp/katsushika/131229_public_facility.csv,クリエイティブ・コモンズ 表示（CC BY）
奥戸地区センター,東京都葛飾区奥戸3-9-17奥戸地区センター,35.733671,139.861872,葛飾区,東京都,葛飾区,公共施設一覧,https://www.opendata.metro.tokyo.lg.jp/katsushika/131229_public_facility.csv,クリエイティブ・コモンズ 表示（CC BY）
高砂地区センター,東京都葛飾区高砂3-1-39高砂地区センター,35.745949,139.868386,葛飾区,東京都,葛飾区,公共施設一覧,https://www.opendata.metro.tokyo.lg.jp/katsushika/131229_public_facility.csv,クリエイティブ・コモンズ 表示（CC BY）
柴又地区センター,東京都葛飾区柴又1-38-2柴又地区センター,35.75571,139.872692,葛飾区,東京都,葛飾区,公共施設一覧,https://www.opendata.metro.tokyo.lg.jp/katsushika/131229_public_facility.csv,クリエイティブ・コモンズ 表示（CC BY）
新宿地区センター,東京都葛飾区新宿4-1-10新宿地区センター,35.76139,139.860152,葛飾区,東京都,葛飾区,公共施設一覧,https://www.opendata.metro.tokyo.lg.jp/katsushika/131229_public_facility.csv,クリエイティブ・コモンズ 表示（CC BY）
金町地区センター,東京都葛飾区東金町1-22-1金町地区センター,35.769725,139.868832,葛飾区,東京都,葛飾区,公共施設一覧,https://www.opendata.metro.tokyo.lg.jp/katsushika/131229_public_facility.csv,クリエイティブ・コモンズ 表示（CC BY）
東金町地区センター,東京都葛飾区東金町5-33-6東金町地区センター,35.777428,139.879218,葛飾区,東京都,葛飾区,公共施設一覧,https://www.opendata.metro.tokyo.lg.jp/katsushika/131229_public_facility.csv,クリエイティブ・コモンズ 表示（CC BY）
水元地区センター,東京都葛飾区水元3-13-22水元地区センター,35.782358,139.864306,葛飾区,東京都,葛飾区,公共施設一覧,https://www.opendata.metro.tokyo.lg.jp/katsushika/131229_public_facility.csv,クリエイティブ・コモンズ 表示（CC BY）
西水元地区センター,東京都葛飾区西水元5-3-1-101西水元地区センター,35.785357,139.854069,葛飾区,東京都,葛飾区,公共施設一覧,https://www.opendata.metro.tokyo.lg.jp/katsushika/131229_public_facility.csv,クリエイティブ・コモンズ 表示（CC BY）
亀有集い交流館,東京都葛飾区亀有1-24-3亀有集い交流館,35.760451,139.847451,葛飾区,東京都,葛飾区,公共施設一覧,https://www.opendata.metro.tokyo.lg.jp/katsushika/131229_public_facility.csv,クリエイティブ・コモンズ 表示（CC BY）
たつみ集い交流館,東京都葛飾区西新小岩2-1-4たつみ集い交流館,35.717855,139.85072,葛飾区,東京都,葛飾区,公共施設一覧,https://www.opendata.metro.tokyo.lg.jp/katsushika/131229_public_facility.csv,クリエイティブ・コモンズ 表示（CC BY）
末広集い交流館,東京都葛飾区金町5-4-1末広集い交流館,35.765954,139.866389,葛飾区,東京都,葛飾区,公共施設一覧,https://www.opendata.metro.tokyo.lg.jp/katsushika/131229_public_facility.csv,クリエイティブ・コモンズ 表示（CC BY）
水元集い交流館,東京都葛飾区東水元1-7-3水元集い交流館,35.778843,139.867535,葛飾区,東京都,葛飾区,公共施設一覧,https://www.opendata.metro.tokyo.lg.jp/katsushika/131229_public_facility.csv,クリエイティブ・コモンズ 表示（CC BY）
西青戸集い交流館,東京都葛飾区青戸7-15-2西青戸集い交流館,35.754457,139.85381,葛飾区,東京都,葛飾区,公共施設一覧,https://www.opendata.metro.tokyo.lg.jp/katsushika/131229_public_facility.csv,クリエイティブ・コモンズ 表示（CC BY）
宝町集い交流館,東京都葛飾区宝町2-38-19宝町集い交流館,35.747688,139.837157,葛飾区,東京都,葛飾区,公共施設一覧,https://www.opendata.metro.tokyo.lg.jp/katsushika/131229_public_facility.csv,クリエイティブ・コモンズ 表示（CC BY）
新宿防災コミュニティセンター集い交流館,東京都葛飾区新宿5-20-18新宿防災コミュニティセンター集い交流館,35.765451,139.861241,葛飾区,東京都,葛飾区,公共施設一覧,https://www.opendata.metro.tokyo.lg.jp/katsushika/131229_public_facility.csv,クリエイティブ・コモンズ 表示（CC BY）
青戸高架下集い交流館,東京都葛飾区立石6-38-13青戸高架下集い交流館,35.743582,139.854201,葛飾区,東京都,葛飾区,公共施設一覧,https://www.opendata.metro.tokyo.lg.jp/katsushika/131229_public_facility.csv,クリエイティブ・コモンズ 表示（CC BY）
西亀有集い交流館,東京都葛飾区西亀有2-11-1西亀有集い交流館,35.758788,139.832268,葛飾区,東京都,葛飾区,公共施設一覧,https://www.opendata.metro.tokyo.lg.jp/katsushika/131229_public_facility.csv,クリエイティブ・コモンズ 表示（CC BY）
新小岩南集い交流館,東京都葛飾区新小岩1-17-6新小岩南集い交流館,35.714545,139.85666,葛飾区,東京都,葛飾区,公共施設一覧,https://www.opendata.metro.tokyo.lg.jp/katsushika/131229_public_facility.csv,クリエイティブ・コモンズ 表示（CC BY）
木根川集い交流館,東京都葛飾区東四つ木1-8-4木根川集い交流館,35.727463,139.839741,葛飾区,東京都,葛飾区,公共施設一覧,https://www.opendata.metro.tokyo.lg.jp/katsushika/131229_public_facility.csv,クリエイティブ・コモンズ 表示（CC BY）
亀有北集い交流館,東京都葛飾区亀有5-14-18亀有北集い交流館,35.767204,139.844537,葛飾区,東京都,葛飾区,公共施設一覧,https://www.opendata.metro.tokyo.lg.jp/katsushika/131229_public_facility.csv,クリエイティブ・コモンズ 表示（CC BY）
南綾瀬第二集い交流館,東京都葛飾区堀切5-38-4南綾瀬第二集い交流館,35.749901,139.830397,葛飾区,東京都,葛飾区,公共施設一覧,https://www.opendata.metro.tokyo.lg.jp/katsushika/131229_public_facility.csv,クリエイティブ・コモンズ 表示（CC BY）
高砂北集い交流館,東京都葛飾区高砂5-6-7高砂北集い交流館,35.751404,139.865224,葛飾区,東京都,葛飾区,公共施設一覧,https://www.opendata.metro.tokyo.lg.jp/katsushika/131229_public_facility.csv,クリエイティブ・コモンズ 表示（CC BY）
東奥戸集い交流館,東京都葛飾区奥戸4-20-11東奥戸集い交流館,35.728862,139.867926,葛飾区,東京都,葛飾区,公共施設一覧,https://www.opendata.metro.tokyo.lg.jp/katsushika/131229_public_facility.csv,クリエイティブ・コモンズ 表示（CC BY）
亀有東集い交流館,東京都葛飾区亀有5-48-13亀有東集い交流館,35.768972,139.849541,葛飾区,東京都,葛飾区,公共施設一覧,https://www.opendata.metro.tokyo.lg.jp/katsushika/131229_public_facility.csv,クリエイティブ・コモンズ 表示（CC BY）
南水元集い交流館,東京都葛飾区南水元4-13-24南水元集い交流館,35.778442,139.862787,葛飾区,東京都,葛飾区,公共施設一覧,https://www.opendata.metro.tokyo.lg.jp/katsushika/131229_public_facility.csv,クリエイティブ・コモンズ 表示（CC BY）
奥戸しらさぎ集い交流館,東京都葛飾区奥戸3-17-4-102奥戸しらさぎ集い交流館,35.730192,139.860849,葛飾区,東京都,葛飾区,公共施設一覧,https://www.opendata.metro.tokyo.lg.jp/katsushika/131229_public_facility.csv,クリエイティブ・コモンズ 表示（CC BY）
亀が岡集い交流館,東京都葛飾区東金町2-5-20-109亀が岡集い交流館,35.771739,139.866403,葛飾区,東京都,葛飾区,公共施設一覧,https://www.opendata.metro.tokyo.lg.jp/katsushika/131229_public_facility.csv,クリエイティブ・コモンズ 表示（CC BY）
金町つつみ集い交流館,東京都葛飾区金町3-51-11金町つつみ集い交流館,35.768717,139.876733,葛飾区,東京都,葛飾区,公共施設一覧,https://www.opendata.metro.tokyo.lg.jp/katsushika/131229_public_facility.csv,クリエイティブ・コモンズ 表示（CC BY）
幸田集い交流館,東京都葛飾区西水元3-11-1幸田集い交流館,35.788451,139.846975,葛飾区,東京都,葛飾区,公共施設一覧,https://www.opendata.metro.tokyo.lg.jp/katsushika/131229_public_facility.csv,クリエイティブ・コモンズ 表示（CC BY）
白鳥集い交流館,東京都葛飾区白鳥4-16-5白鳥集い交流館,35.754749,139.847732,葛飾区,東京都,葛飾区,公共施設一覧,https://www.opendata.metro.tokyo.lg.jp/katsushika/131229_public_facility.csv,クリエイティブ・コモンズ 表示（CC BY）
渋江集い交流館,東京都葛飾区東四つ木4-44-2-102渋江集い交流館,35.734868,139.841098,葛飾区,東京都,葛飾区,公共施設一覧,https://www.opendata.metro.tokyo.lg.jp/katsushika/131229_public_facility.csv,クリエイティブ・コモンズ 表示（CC BY）
さくらみち集い交流館,東京都葛飾区鎌倉3-20-4さくらみち集い交流館,35.750264,139.877847,葛飾区,東京都,葛飾区,公共施設一覧,https://www.opendata.metro.tokyo.lg.jp/katsushika/131229_public_facility.csv,クリエイティブ・コモンズ 表示（CC BY）
上平井集い交流館,東京都葛飾区西新小岩3-36-4上平井集い交流館,35.722815,139.844958,葛飾区,東京都,葛飾区,公共施設一覧,https://www.opendata.metro.tokyo.lg.jp/katsushika/131229_public_facility.csv,クリエイティブ・コモンズ 表示（CC BY）
細田集い交流館,東京都葛飾区細田4-23-5細田集い交流館,35.741101,139.87337,葛飾区,東京都,葛飾区,公共施設一覧,https://www.opendata.metro.tokyo.lg.jp/katsushika/131229_public_facility.csv,クリエイティブ・コモンズ 表示（CC BY）
いいづか集い交流館,東京都葛飾区南水元1-20-8いいづか集い交流館,35.77636,139.859179,葛飾区,東京都,葛飾区,公共施設一覧,https://www.opendata.metro.tokyo.lg.jp/katsushika/131229_public_facility.csv,クリエイティブ・コモンズ 表示（CC BY）
西奥戸憩い交流館,東京都葛飾区奥戸1-12-1西奥戸憩い交流館,35.728564,139.854201,葛飾区,東京都,葛飾区,公共施設一覧,https://www.opendata.metro.tokyo.lg.jp/katsushika/131229_public_facility.csv,クリエイティブ・コモンズ 表示（CC BY）
東奥戸憩い交流館,東京都葛飾区奥戸4-20-11東奥戸憩い交流館,35.728862,139.867926,葛飾区,東京都,葛飾区,公共施設一覧,https://www.opendata.metro.tokyo.lg.jp/katsushika/131229_public_facility.csv,クリエイティブ・コモンズ 表示（CC BY）
砂原憩い交流館,東京都葛飾区西亀有3-12-1砂原憩い交流館,35.762577,139.83819,葛飾区,東京都,葛飾区,公共施設一覧,https://www.opendata.metro.tokyo.lg.jp/katsushika/131229_public_facility.csv,クリエイティブ・コモンズ 表示（CC BY）
末広憩い交流館,東京都葛飾区金町5-4-1末広憩い交流館,35.765954,139.866389,葛飾区,東京都,葛飾区,公共施設一覧,https://www.opendata.metro.tokyo.lg.jp/katsushika/131229_public_facility.csv,クリエイティブ・コモンズ 表示（CC BY）
鎌倉憩い交流館,東京都葛飾区鎌倉2-6-20鎌倉憩い交流館,35.745298,139.874531,葛飾区,東京都,葛飾区,公共施設一覧,https://www.opendata.metro.tokyo.lg.jp/katsushika/131229_public_facility.csv,クリエイティブ・コモンズ 表示（CC BY）
宝町憩い交流館,東京都葛飾区宝町2-38-19宝町憩い交流館,35.747688,139.837157,葛飾区,東京都,葛飾区,公共施設一覧,https://www.opendata.metro.tokyo.lg.jp/katsushika/131229_public_facility.csv,クリエイティブ・コモンズ 表示（CC BY）
柴又憩い交流館,東京都葛飾区柴又2-4-5柴又憩い交流館,35.75801,139.870133,葛飾区,東京都,葛飾区,公共施設一覧,https://www.opendata.metro.tokyo.lg.jp/katsushika/131229_public_facility.csv,クリエイティブ・コモンズ 表示（CC BY）
新宿憩い交流館,東京都葛飾区新宿1-5-6新宿憩い交流館,35.759023,139.858993,葛飾区,東京都,葛飾区,公共施設一覧,https://www.opendata.metro.tokyo.lg.jp/katsushika/131229_public_facility.csv,クリエイティブ・コモンズ 表示（CC BY）
たつみ憩い交流館,東京都葛飾区西新小岩2-1-4たつみ憩い交流館,35.717855,139.85072,葛飾区,東京都,葛飾区,公共施設一覧,https://www.opendata.metro.tokyo.lg.jp/katsushika/131229_public_facility.csv,クリエイティブ・コモンズ 表示（CC BY）
水元憩い交流館,東京都葛飾区水元4-6-15水元憩い交流館,35.788128,139.860639,葛飾区,東京都,葛飾区,公共施設一覧,https://www.opendata.metro.tokyo.lg.jp/katsushika/131229_public_facility.csv,クリエイティブ・コモンズ 表示（CC BY）
青戸中央憩い交流館,東京都葛飾区青戸6-16-12青戸中央憩い交流館,35.752986,139.85712,葛飾区,東京都,葛飾区,公共施設一覧,https://www.opendata.metro.tokyo.lg.jp/katsushika/131229_public_facility.csv,クリエイティブ・コモンズ 表示（CC BY）
東金町憩い交流館,東京都葛飾区東金町5-22-18東金町憩い交流館,35.779296,139.877945,葛飾区,東京都,葛飾区,公共施設一覧,https://www.opendata.metro.tokyo.lg.jp/katsushika/131229_public_facility.csv,クリエイティブ・コモンズ 表示（CC BY）
小菅憩い交流館,東京都葛飾区小菅3-6-1小菅憩い交流館,35.754768,139.824111,葛飾区,東京都,葛飾区,公共施設一覧,https://www.opendata.metro.tokyo.lg.jp/katsushika/131229_public_facility.csv,クリエイティブ・コモンズ 表示（CC BY）
中道憩い交流館,東京都葛飾区西亀有1-2-7中道憩い交流館,35.756812,139.837079,葛飾区,東京都,葛飾区,公共施設一覧,https://www.opendata.metro.tokyo.lg.jp/katsushika/131229_public_facility.csv,クリエイティブ・コモンズ 表示（CC BY）
堀切憩い交流館,東京都葛飾区堀切1-23-6堀切憩い交流館,35.740479,139.829357,葛飾区,東京都,葛飾区,公共施設一覧,https://www.opendata.metro.tokyo.lg.jp/katsushika/131229_public_facility.csv,クリエイティブ・コモンズ 表示（CC BY）
亀有学び交流館,東京都葛飾区お花茶屋3-5-6亀有学び交流館,35.756465,139.843117,葛飾区,東京都,葛飾区,公共施設一覧,https://www.opendata.metro.tokyo.lg.jp/katsushika/131229_public_facility.csv,クリエイティブ・コモンズ 表示（CC BY）
柴又学び交流館,東京都葛飾区柴又5-33-8柴又学び交流館,35.753682,139.881852,葛飾区,東京都,葛飾区,公共施設一覧,https://www.opendata.metro.tokyo.lg.jp/katsushika/131229_public_facility.csv,クリエイティブ・コモンズ 表示（CC BY）
水元学び交流館,東京都葛飾区南水元2-13-1水元学び交流館,35.779591,139.855678,葛飾区,東京都,葛飾区,公共施設一覧,https://www.opendata.metro.tokyo.lg.jp/katsushika/131229_public_facility.csv,クリエイティブ・コモンズ 表示（CC BY）
観光文化センター,東京都葛飾区柴又6-22-19観光文化センター,35.757211,139.880515,葛飾区,東京都,葛飾区,公共施設一覧,https://www.opendata.metro.tokyo.lg.jp/katsushika/131229_public_facility.csv,クリエイティブ・コモンズ 表示（CC BY）
中村橋区民センター,東京都練馬区貫井1-9-1,35.738505,139.635556,練馬区,東京都,練馬区,公共施設一覧,https://www.city.nerima.tokyo.jp/kusei/tokei/opendata/opendatasite/sisetsujyouhou/index.files/131202_public_facility.csv,クリエイティブ・コモンズ 表示（CC BY）
光が丘区民センター,東京都練馬区光が丘2-9-6,35.759534,139.629297,練馬区,東京都,練馬区,公共施設一覧,https://www.city.nerima.tokyo.jp/kusei/tokei/opendata/opendatasite/sisetsujyouhou/index.files/131202_public_facility.csv,クリエイティブ・コモンズ 表示（CC BY）
関区民センター,東京都練馬区関町北1-7-2,35.724633,139.577505,練馬区,東京都,練馬区,公共施設一覧,https://www.city.nerima.tokyo.jp/kusei/tokei/opendata/opendatasite/sisetsujyouhou/index.files/131202_public_facility.csv,クリエイティブ・コモンズ 表示（CC BY）
心身障害者福祉集会所,東京都練馬区光が丘2-9-6,35.759236,139.629831,練馬区,東京都,練馬区,公共施設一覧,https://www.city.nerima.tokyo.jp/kusei/tokei/opendata/opendatasite/sisetsujyouhou/index.files/131202_public_facility.csv,クリエイティブ・コモンズ 表示（CC BY）
立野地区区民館ぴよぴよ,東京都練馬区立野町15-42,35.718618,139.582308,練馬区,東京都,練馬区,公共施設一覧,https://www.city.nerima.tokyo.jp/kusei/tokei/opendata/opendatasite/sisetsujyouhou/index.files/131202_public_facility.csv,クリエイティブ・コモンズ 表示（CC BY）
田柄地区区民館ぴよぴよ,東京都練馬区田柄3-28-13,35.762194,139.637243,練馬区,東京都,練馬区,公共施設一覧,https://www.city.nerima.tokyo.jp/kusei/tokei/opendata/opendatasite/sisetsujyouhou/index.files/131202_public_facility.csv,クリエイティブ・コモンズ 表示（CC BY）
春日町南地区区民館ぴよぴよ,東京都練馬区春日町5-20-25,35.74772,139.638523,練馬区,東京都,練馬区,公共施設一覧,https://www.city.nerima.tokyo.jp/kusei/tokei/opendata/opendatasite/sisetsujyouhou/index.files/131202_public_facility.csv,クリエイティブ・コモンズ 表示（CC BY）
桜台地区区民館学童クラブ,東京都練馬区桜台3-39-17,35.745799,139.663153,練馬区,東京都,練馬区,公共施設一覧,https://www.city.nerima.tokyo.jp/kusei/tokei/opendata/opendatasite/sisetsujyouhou/index.files/131202_public_facility.csv,クリエイティブ・コモンズ 表示（CC BY）
氷川台地区区民館学童クラブ,東京都練馬区氷川台2-16-14,35.756988,139.667121,練馬区,東京都,練馬区,公共施設一覧,https://www.city.nerima.tokyo.jp/kusei/tokei/opendata/opendatasite/sisetsujyouhou/index.files/131202_public_facility.csv,クリエイティブ・コモンズ 表示（CC BY）
高松地区区民館学童クラブ,東京都練馬区高松3-24-27,35.751093,139.623611,練馬区,東京都,練馬区,公共施設一覧,https://www.city.nerima.tokyo.jp/kusei/tokei/opendata/opendatasite/sisetsujyouhou/index.files/131202_public_facility.csv,クリエイティブ・コモンズ 表示（CC BY）
下石神井地区区民館学童クラブ,東京都練馬区下石神井6-8-15,35.733635,139.603464,練馬区,東京都,練馬区,公共施設一覧,https://www.city.nerima.tokyo.jp/kusei/tokei/opendata/opendatasite/sisetsujyouhou/index.files/131202_public_facility.csv,クリエイティブ・コモンズ 表示（CC BY）
練馬文化センター,東京都練馬区練馬1-17-37,35.739407,139.65348,練馬区,東京都,練馬区,公共施設一覧,https://www.city.nerima.tokyo.jp/kusei/tokei/opendata/opendatasite/sisetsujyouhou/index.files/131202_public_facility.csv,クリエイティブ・コモンズ 表示（CC BY）
石神井公園区民交流センター（消費生活センター）,東京都練馬区石神井町2-14-1,35.744326,139.60709,練馬区,東京都,練馬区,公共施設一覧,https://www.city.nerima.tokyo.jp/kusei/tokei/opendata/opendatasite/sisetsujyouhou/index.files/131202_public_facility.csv,クリエイティブ・コモンズ 表示（CC BY）
豊玉北地区区民館,東京都練馬区豊玉北3-7-9,35.732695,139.661363,練馬区,東京都,練馬区,公共施設一覧,https://www.city.nerima.tokyo.jp/kusei/tokei/opendata/opendatasite/sisetsujyouhou/index.files/131202_public_facility.csv,クリエイティブ・コモンズ 表示（CC BY）
桜台地区区民館,東京都練馬区桜台3-39-17,35.745988,139.663162,練馬区,東京都,練馬区,公共施設一覧,https://www.city.nerima.tokyo.jp/kusei/tokei/opendata/opendatasite/sisetsujyouhou/index.files/131202_public_facility.csv,クリエイティブ・コモンズ 表示（CC BY）
貫井地区区民館,東京都練馬区貫井1-9-1,35.738029,139.635557,練馬区,東京都,練馬区,公共施設一覧,https://www.city.nerima.tokyo.jp/kusei/tokei/opendata/opendatasite/sisetsujyouhou/index.files/131202_public_facility.csv,クリエイティブ・コモンズ 表示（CC BY）
氷川台地区区民館,東京都練馬区氷川台2-16-14,35.757012,139.667289,練馬区,東京都,練馬区,公共施設一覧,https://www.city.nerima.tokyo.jp/kusei/tokei/opendata/opendatasite/sisetsujyouhou/index.files/131202_public_facility.csv,クリエイティブ・コモンズ 表示（CC BY）
早宮地区区民館,東京都練馬区早宮4-14-5,35.750766,139.651265,練馬区,東京都,練馬区,公共施設一覧,https://www.city.nerima.tokyo.jp/kusei/tokei/opendata/opendatasite/sisetsujyouhou/index.files/131202_public_facility.csv,クリエイティブ・コモンズ 表示（CC BY）
春日町南地区区民館,東京都練馬区春日町5-20-25,35.74772,139.638503,練馬区,東京都,練馬区,公共施設一覧,https://www.city.nerima.tokyo.jp/kusei/tokei/opendata/opendatasite/sisetsujyouhou/index.files/131202_public_facility.csv,クリエイティブ・コモンズ 表示（CC BY）
高松地区区民館,東京都練馬区高松3-24-27,35.750084,139.62511,練馬区,東京都,練馬区,公共施設一覧,https://www.city.nerima.tokyo.jp/kusei/tokei/opendata/opendatasite/sisetsujyouhou/index.files/131202_public_facility.csv,クリエイティブ・コモンズ 表示（CC BY）
旭町南地区区民館,東京都練馬区高松5-23-15,35.762884,139.625008,練馬区,東京都,練馬区,公共施設一覧,https://www.city.nerima.tokyo.jp/kusei/tokei/opendata/opendatasite/sisetsujyouhou/index.files/131202_public_facility.csv,クリエイティブ・コモンズ 表示（CC BY）
北町地区区民館,東京都練馬区北町2-26-1,35.767469,139.660253,練馬区,東京都,練馬区,公共施設一覧,https://www.city.nerima.tokyo.jp/kusei/tokei/opendata/opendatasite/sisetsujyouhou/index.files/131202_public_facility.csv,クリエイティブ・コモンズ 表示（CC BY）
北町第二地区区民館,東京都練馬区北町6-24-101,35.761224,139.655453,練馬区,東京都,練馬区,公共施設一覧,https://www.city.nerima.tokyo.jp/kusei/tokei/opendata/opendatasite/sisetsujyouhou/index.files/131202_public_facility.csv,クリエイティブ・コモンズ 表示（CC BY）
田柄地区区民館,東京都練馬区田柄3-28-13,35.762105,139.637217,練馬区,東京都,練馬区,公共施設一覧,https://www.city.nerima.tokyo.jp/kusei/tokei/opendata/opendatasite/sisetsujyouhou/index.files/131202_public_facility.csv,クリエイティブ・コモンズ 表示（CC BY）
光が丘地区区民館,東京都練馬区光が丘3-9-4,35.757957,139.625571,練馬区,東京都,練馬区,公共施設一覧,https://www.city.nerima.tokyo.jp/kusei/tokei/opendata/opendatasite/sisetsujyouhou/index.files/131202_public_facility.csv,クリエイティブ・コモンズ 表示（CC BY）
旭町北地区区民館,東京都練馬区旭町2-30-16,35.77327,139.62879,練馬区,東京都,練馬区,公共施設一覧,https://www.city.nerima.tokyo.jp/kusei/tokei/opendata/opendatasite/sisetsujyouhou/index.files/131202_public_facility.csv,クリエイティブ・コモンズ 表示（CC BY）
富士見台地区区民館,東京都練馬区富士見台3-10-1,35.738766,139.624377,練馬区,東京都,練馬区,公共施設一覧,https://www.city.nerima.tokyo.jp/kusei/tokei/opendata/opendatasite/sisetsujyouhou/index.files/131202_public_facility.csv,クリエイティブ・コモンズ 表示（CC BY）
下石神井地区区民館,東京都練馬区下石神井6-8-15,35.733964,139.603574,練馬区,東京都,練馬区,公共施設一覧,https://www.city.nerima.tokyo.jp/kusei/tokei/opendata/opendatasite/sisetsujyouhou/index.files/131202_public_facility.csv,クリエイティブ・コモンズ 表示（CC BY）
東大泉地区区民館,東京都練馬区東大泉3-53-1,35.756156,139.587798,練馬区,東京都,練馬区,公共施設一覧,https://www.city.nerima.tokyo.jp/kusei/tokei/opendata/opendatasite/sisetsujyouhou/index.files/131202_public_facility.csv,クリエイティブ・コモンズ 表示（CC BY）
西大泉地区区民館,東京都練馬区西大泉5-3-32,35.760045,139.572514,練馬区,東京都,練馬区,公共施設一覧,https://www.city.nerima.tokyo.jp/kusei/tokei/opendata/opendatasite/sisetsujyouhou/index.files/131202_public_facility.csv,クリエイティブ・コモンズ 表示（CC BY）
南大泉地区区民館,東京都練馬区南大泉2-19-26,35.73912,139.570389,練馬区,東京都,練馬区,公共施設一覧,https://www.city.nerima.tokyo.jp/kusei/tokei/opendata/opendatasite/sisetsujyouhou/index.files/131202_public_facility.csv,クリエイティブ・コモンズ 表示（CC BY）
北大泉地区区民館,東京都練馬区大泉町2-41-26,35.764733,139.604024,練馬区,東京都,練馬区,公共施設一覧,https://www.city.nerima.tokyo.jp/kusei/tokei/opendata/opendatasite/sisetsujyouhou/index.files/131202_public_facility.csv,クリエイティブ・コモンズ 表示（CC BY）
大泉学園地区区民館,東京都練馬区大泉学園町8-9-5,35.77293,139.59269,練馬区,東京都,練馬区,公共施設一覧,https://www.city.nerima.tokyo.jp/kusei/tokei/opendata/opendatasite/sisetsujyouhou/index.files/131202_public_facility.csv,クリエイティブ・コモンズ 表示（CC BY）
関町北地区区民館,東京都練馬区関町北4-12-21,35.729804,139.57706,練馬区,東京都,練馬区,公共施設一覧,https://www.city.nerima.tokyo.jp/kusei/tokei/opendata/opendatasite/sisetsujyouhou/index.files/131202_public_facility.csv,クリエイティブ・コモンズ 表示（CC BY）
立野地区区民館,東京都練馬区立野町15-42,35.718621,139.582578,練馬区,東京都,練馬区,公共施設一覧,https://www.city.nerima.tokyo.jp/kusei/tokei/opendata/opendatasite/sisetsujyouhou/index.files/131202_public_facility.csv,クリエイティブ・コモンズ 表示（CC BY）
旭丘地域集会所,東京都練馬区旭丘1-58-10,35.734836,139.674115,練馬区,東京都,練馬区,公共施設一覧,https://www.city.nerima.tokyo.jp/kusei/tokei/opendata/opendatasite/sisetsujyouhou/index.files/131202_public_facility.csv,クリエイティブ・コモンズ 表示（CC BY）
小竹地域集会所,東京都練馬区小竹町1-63-2,35.738808,139.673283,練馬区,東京都,練馬区,公共施設一覧,https://www.city.nerima.tokyo.jp/kusei/tokei/opendata/opendatasite/sisetsujyouhou/index.files/131202_public_facility.csv,クリエイティブ・コモンズ 表示（CC BY）
中村地域集会所,東京都練馬区中村南2-23-12,35.729791,139.642737,練馬区,東京都,練馬区,公共施設一覧,https://www.city.nerima.tokyo.jp/kusei/tokei/opendata/opendatasite/sisetsujyouhou/index.files/131202_public_facility.csv,クリエイティブ・コモンズ 表示（CC BY）
向山地域集会所,東京都練馬区向山4-21-12,35.743566,139.638644,練馬区,東京都,練馬区,公共施設一覧,https://www.city.nerima.tokyo.jp/kusei/tokei/opendata/opendatasite/sisetsujyouhou/index.files/131202_public_facility.csv,クリエイティブ・コモンズ 表示（CC BY）
北町地域集会所,東京都練馬区北町8-28-10,35.767714,139.649669,練馬区,東京都,練馬区,公共施設一覧,https://www.city.nerima.tokyo.jp/kusei/tokei/opendata/opendatasite/sisetsujyouhou/index.files/131202_public_facility.csv,クリエイティブ・コモンズ 表示（CC BY）
土支田地域集会所,東京都練馬区土支田2-40-21,35.764227,139.611657,練馬区,東京都,練馬区,公共施設一覧,https://www.city.nerima.tokyo.jp/kusei/tokei/opendata/opendatasite/sisetsujyouhou/index.files/131202_public_facility.csv,クリエイティブ・コモンズ 表示（CC BY）
南田中地域集会所,東京都練馬区南田中2-18-36,35.733238,139.616831,練馬区,東京都,練馬区,公共施設一覧,https://www.city.nerima.tokyo.jp/kusei/tokei/opendata/opendatasite/sisetsujyouhou/index.files/131202_public_facility.csv,クリエイティブ・コモンズ 表示（CC BY）
高野台地域集会所,東京都練馬区高野台3-28-11,35.745688,139.6119,練馬区,東京都,練馬区,公共施設一覧,https://www.city.nerima.tokyo.jp/kusei/tokei/opendata/opendatasite/sisetsujyouhou/index.files/131202_public_facility.csv,クリエイティブ・コモンズ 表示（CC BY）
谷原地域集会所,東京都練馬区谷原5-6-7,35.751394,139.612965,練馬区,東京都,練馬区,公共施設一覧,https://www.city.nerima.tokyo.jp/kusei/tokei/opendata/opendatasite/sisetsujyouhou/index.files/131202_public_facility.csv,クリエイティブ・コモンズ 表示（CC BY）
三原台地域集会所,東京都練馬区三原台3-13-17,35.753942,139.599384,練馬区,東京都,練馬区,公共施設一覧,https://www.city.nerima.tokyo.jp/kusei/tokei/opendata/opendatasite/sisetsujyouhou/index.files/131202_public_facility.csv,クリエイティブ・コモンズ 表示（CC BY）
石神井台みどり地域集会所,東京都練馬区石神井台2-13-6,35.736502,139.592006,練馬区,東京都,練馬区,公共施設一覧,https://www.city.nerima.tokyo.jp/kusei/tokei/opendata/opendatasite/sisetsujyouhou/index.files/131202_public_facility.csv,クリエイティブ・コモンズ 表示（CC BY）
石神井台地域集会所,東京都練馬区石神井台4-5-14,35.73171,139.585801,練馬区,東京都,練馬区,公共施設一覧,https://www.city.nerima.tokyo.jp/kusei/tokei/opendata/opendatasite/sisetsujyouhou/index.files/131202_public_facility.csv,クリエイティブ・コモンズ 表示（CC BY）
東大泉地域集会所,東京都練馬区東大泉7-27-51,35.74352,139.580401,練馬区,東京都,練馬区,公共施設一覧,https://www.city.nerima.tokyo.jp/kusei/tokei/opendata/opendatasite/sisetsujyouhou/index.files/131202_public_facility.csv,クリエイティブ・コモンズ 表示（CC BY）
大泉町地域集会所,東京都練馬区大泉町4-35-17,35.763827,139.595756,練馬区,東京都,練馬区,公共施設一覧,https://www.city.nerima.tokyo.jp/kusei/tokei/opendata/opendatasite/sisetsujyouhou/index.files/131202_public_facility.csv,クリエイティブ・コモンズ 表示（CC BY）
大泉学園町地域集会所,東京都練馬区大泉学園町6-20-36,35.771352,139.583205,練馬区,東京都,練馬区,公共施設一覧,https://www.city.nerima.tokyo.jp/kusei/tokei/opendata/opendatasite/sisetsujyouhou/index.files/131202_public_facility.csv,クリエイティブ・コモンズ 表示（CC BY）
上石神井北地域集会所,東京都練馬区上石神井2-36-18,35.729185,139.592362,練馬区,東京都,練馬区,公共施設一覧,https://www.city.nerima.tokyo.jp/kusei/tokei/opendata/opendatasite/sisetsujyouhou/index.files/131202_public_facility.csv,クリエイティブ・コモンズ 表示（CC BY）
関町地域集会所,東京都練馬区関町南4-22-1,35.721378,139.567735,練馬区,東京都,練馬区,公共施設一覧,https://www.city.nerima.tokyo.jp/kusei/tokei/opendata/opendatasite/sisetsujyouhou/index.files/131202_public_facility.csv,クリエイティブ・コモンズ 表示（CC BY）
桜台地域集会所,東京都練馬区桜台1-22-9,35.739048,139.666669,練馬区,東京都,練馬区,公共施設一覧,https://www.city.nerima.tokyo.jp/kusei/tokei/opendata/opendatasite/sisetsujyouhou/index.files/131202_public_facility.csv,クリエイティブ・コモンズ 表示（CC BY）
早宮地域集会所,東京都練馬区早宮1-44-19,35.754169,139.658822,練馬区,東京都,練馬区,公共施設一覧,https://www.city.nerima.tokyo.jp/kusei/tokei/opendata/opendatasite/sisetsujyouhou/index.files/131202_public_facility.csv,クリエイティブ・コモンズ 表示（CC BY）
春日町地域集会所,東京都練馬区春日町5-30-1,35.750546,139.639374,練馬区,東京都,練馬区,公共施設一覧,https://www.city.nerima.tokyo.jp/kusei/tokei/opendata/opendatasite/sisetsujyouhou/index.files/131202_public_facility.csv,クリエイティブ・コモンズ 表示（CC BY）
土支田中央地域集会所,東京都練馬区土支田2-32-8,35.763369,139.613629,練馬区,東京都,練馬区,公共施設一覧,https://www.city.nerima.tokyo.jp/kusei/tokei/opendata/opendatasite/sisetsujyouhou/index.files/131202_public_facility.csv,クリエイティブ・コモンズ 表示（CC BY）
旭町地域集会所,東京都練馬区旭町3-11-6,35.774336,139.62495,練馬区,東京都,練馬区,公共施設一覧,https://www.city.nerima.tokyo.jp/kusei/tokei/opendata/opendatasite/sisetsujyouhou/index.files/131202_public_facility.csv,クリエイティブ・コモンズ 表示（CC BY）
田柄地域集会所,東京都練馬区田柄2-6-22,35.763579,139.644728,練馬区,東京都,練馬区,公共施設一覧,https://www.city.nerima.tokyo.jp/kusei/tokei/opendata/opendatasite/sisetsujyouhou/index.files/131202_public_facility.csv,クリエイティブ・コモンズ 表示（CC BY）
上石神井南地域集会所,東京都練馬区上石神井1-6-16,35.725244,139.592461,練馬区,東京都,練馬区,公共施設一覧,https://www.city.nerima.tokyo.jp/kusei/tokei/opendata/opendatasite/sisetsujyouhou/index.files/131202_public_facility.csv,クリエイティブ・コモンズ 表示（CC BY）
東大泉中央地域集会所,東京都練馬区東大泉3-18-9,35.751512,139.586689,練馬区,東京都,練馬区,公共施設一覧,https://www.city.nerima.tokyo.jp/kusei/tokei/opendata/opendatasite/sisetsujyouhou/index.files/131202_public_facility.csv,クリエイティブ・コモンズ 表示（CC BY）
南大泉地域集会所,東京都練馬区南大泉5-26-19,35.751243,139.573567,練馬区,東京都,練馬区,公共施設一覧,https://www.city.nerima.tokyo.jp/kusei/tokei/opendata/opendatasite/sisetsujyouhou/index.files/131202_public_facility.csv,クリエイティブ・コモンズ 表示（CC BY）
大泉北地域集会所,東京都練馬区大泉学園町4-21-1,35.765602,139.588367,練馬区,東京都,練馬区,公共施設一覧,https://www.city.nerima.tokyo.jp/kusei/tokei/opendata/opendatasite/sisetsujyouhou/index.files/131202_public_facility.csv,クリエイティブ・コモンズ 表示（CC BY）
練馬高野台駅前地域集会所,東京都練馬区高野台1-7-29,35.740929,139.61624,練馬区,東京都,練馬区,公共施設一覧,https://www.city.nerima.tokyo.jp/kusei/tokei/opendata/opendatasite/sisetsujyouhou/index.files/131202_public_facility.csv,クリエイティブ・コモンズ 表示（CC BY）
中村南スポーツ交流センター,東京都練馬区中村南1-2-32,35.729224,139.648692,練馬区,東京都,練馬区,公共施設一覧,https://www.city.nerima.tokyo.jp/kusei/tokei/opendata/opendatasite/sisetsujyouhou/index.files/131202_public_facility.csv,クリエイティブ・コモンズ 表示（CC BY）
豊玉地域集会所,東京都練馬区豊玉中4-13-6,35.732588,139.650536,練馬区,東京都,練馬区,公共施設一覧,https://www.city.nerima.tokyo.jp/kusei/tokei/opendata/opendatasite/sisetsujyouhou/index.files/131202_public_facility.csv,クリエイティブ・コモンズ 表示（CC BY）
仲宿地域センター,東京都板橋区氷川町12-10,35.753955,139.707143,板橋区,東京都,板橋区,公共施設一覧,https://www.opendata.metro.tokyo.lg.jp/itabashi/131199_public_facility.csv,クリエイティブ・コモンズ 表示（CC BY）
富士見地域センター,東京都板橋区富士見町3-1,35.760702,139.700505,板橋区,東京都,板橋区,公共施設一覧,https://www.opendata.metro.tokyo.lg.jp/itabashi/131199_public_facility.csv,クリエイティブ・コモンズ 表示（CC BY）
大谷口地域センター,東京都板橋区大谷口2-12-5,35.74579,139.689008,板橋区,東京都,板橋区,公共施設一覧,https://www.opendata.metro.tokyo.lg.jp/itabashi/131199_public_facility.csv,クリエイティブ・コモンズ 表示（CC BY）
清水地域センター,東京都板橋区泉町16-16,35.766394,139.702217,板橋区,東京都,板橋区,公共施設一覧,https://www.opendata.metro.tokyo.lg.jp/itabashi/131199_public_facility.csv,クリエイティブ・コモンズ 表示（CC BY）
舟渡地域センター,東京都板橋区舟渡3-19-8,35.794366,139.6809,板橋区,東京都,板橋区,公共施設一覧,https://www.opendata.metro.tokyo.lg.jp/itabashi/131199_public_facility.csv,クリエイティブ・コモンズ 表示（CC BY）
前野地域センター,東京都板橋区前野町4-6-1,35.769191,139.688795,板橋区,東京都,板橋区,公共施設一覧,https://www.opendata.metro.tokyo.lg.jp/itabashi/131199_public_facility.csv,クリエイティブ・コモンズ 表示（CC BY）
徳丸地域センター,東京都板橋区徳丸3-35-15,35.773717,139.659471,板橋区,東京都,板橋区,公共施設一覧,https://www.opendata.metro.tokyo.lg.jp/itabashi/131199_public_facility.csv,クリエイティブ・コモンズ 表示（CC BY）
蓮根地域センター,東京都板橋区坂下2-18-1,35.782607,139.680805,板橋区,東京都,板橋区,公共施設一覧,https://www.opendata.metro.tokyo.lg.jp/itabashi/131199_public_facility.csv,クリエイティブ・コモンズ 表示（CC BY）
常盤台地域センター,東京都板橋区常盤台4-14-1,35.763507,139.679614,板橋区,東京都,板橋区,公共施設一覧,https://www.opendata.metro.tokyo.lg.jp/itabashi/131199_public_facility.csv,クリエイティブ・コモンズ 表示（CC BY）
熊野地域センター,東京都板橋区熊野町40-9,35.743626,139.704427,板橋区,東京都,板橋区,公共施設一覧,https://www.opendata.metro.tokyo.lg.jp/itabashi/131199_public_facility.csv,クリエイティブ・コモンズ 表示（CC BY）
中台地域センター,東京都板橋区中台1-44-8,35.767743,139.676657,板橋区,東京都,板橋区,公共施設一覧,https://www.opendata.metro.tokyo.lg.jp/itabashi/131199_public_facility.csv,クリエイティブ・コモンズ 表示（CC BY）
成増地域センター（アクトホール）,東京都板橋区成増3-11-3-405,35.778198,139.633422,板橋区,東京都,板橋区,公共施設一覧,https://www.opendata.metro.tokyo.lg.jp/itabashi/131199_public_facility.csv,クリエイティブ・コモンズ 表示（CC BY）
板橋地域センター,東京都板橋区板橋3-14-15,35.751194,139.712219,板橋区,東京都,板橋区,公共施設一覧,https://www.opendata.metro.tokyo.lg.jp/itabashi/131199_public_facility.csv,クリエイティブ・コモンズ 表示（CC BY）
仲町地域センター,東京都板橋区仲町20-5,35.751066,139.696504,板橋区,東京都,板橋区,公共施設一覧,https://www.opendata.metro.tokyo.lg.jp/itabashi/131199_public_facility.csv,クリエイティブ・コモンズ 表示（CC BY）
桜川地域センター,東京都板橋区東新町2-45-6,35.7524,139.681757,板橋区,東京都,板橋区,公共施設一覧,https://www.opendata.metro.tokyo.lg.jp/itabashi/131199_public_facility.csv,クリエイティブ・コモンズ 表示（CC BY）
下赤塚地域センター,東京都板橋区赤塚6-38-1,35.778729,139.644623,板橋区,東京都,板橋区,公共施設一覧,https://www.opendata.metro.tokyo.lg.jp/itabashi/131199_public_facility.csv,クリエイティブ・コモンズ 表示（CC BY）
高島平地域センター,東京都板橋区高島平3-12-28,35.787149,139.658808,板橋区,東京都,板橋区,公共施設一覧,https://www.opendata.metro.tokyo.lg.jp/itabashi/131199_public_facility.csv,クリエイティブ・コモンズ 表示（CC BY）
志村坂上地域センター,東京都板橋区小豆沢2-19-15,35.776664,139.696023,板橋区,東京都,板橋区,公共施設一覧,https://www.opendata.metro.tokyo.lg.jp/itabashi/131199_public_facility.csv,クリエイティブ・コモンズ 表示（CC BY）
荒川区民会館,東京都荒川区荒川1丁目1-1,35.734980,139.785503,荒川区,東京都,荒川区,公共施設一覧,https://www.city.arakawa.tokyo.jp/documents/23112/131181_public_facility.csv,クリエイティブ・コモンズ 表示（CC BY）
町屋文化センター,東京都荒川区荒川7丁目20-1,35.741814,139.782260,荒川区,東京都,荒川区,公共施設一覧,https://www.city.arakawa.tokyo.jp/documents/23112/131181_public_facility.csv,クリエイティブ・コモンズ 表示（CC BY）
地域活動交流センター,東京都豊島区西池袋2-37-4,35.72791,139.70682,豊島区,東京都,豊島区,公共施設一覧,https://www.opendata.metro.tokyo.lg.jp/toyoshima/R4_public_facility.csv,クリエイティブ・コモンズ 表示（CC BY）
上池袋コミュニティセンター,東京都豊島区上池袋2-5-1,35.7348,139.71475,豊島区,東京都,豊島区,公共施設一覧,https://www.opendata.metro.tokyo.lg.jp/toyoshima/R4_public_facility.csv,クリエイティブ・コモンズ 表示（CC BY）
としま区民センター,東京都豊島区東池袋1-20-10,35.73116,139.7157,豊島区,東京都,豊島区,公共施設一覧,https://www.opendata.metro.tokyo.lg.jp/toyoshima/R4_public_facility.csv,クリエイティブ・コモンズ 表示（CC BY）
舞台芸術交流センター,東京都豊島区東池袋4-5-2,35.7267,139.71896,豊島区,東京都,豊島区,公共施設一覧,https://www.opendata.metro.tokyo.lg.jp/toyoshima/R4_public_facility.csv,クリエイティブ・コモンズ 表示（CC BY）
井草地域区民センター,東京都杉並区下井草5-7-22,35.720581,139.616898,杉並区,東京都,杉並区,公共施設一覧,https://www.city.suginami.tokyo.jp/documents/1345/131156_public_facility_1.csv,クリエイティブ・コモンズ 表示（CC BY）
西荻地域区民センター,東京都杉並区桃井4-3-2,35.712227,139.602219,杉並区,東京都,杉並区,公共施設一覧,https://www.city.suginami.tokyo.jp/documents/1345/131156_public_facility_1.csv,クリエイティブ・コモンズ 表示（CC BY）
荻窪地域区民センター,東京都杉並区荻窪2-34-20,35.69883,139.61882,杉並区,東京都,杉並区,公共施設一覧,https://www.city.suginami.tokyo.jp/documents/1345/131156_public_facility_1.csv,クリエイティブ・コモンズ 表示（CC BY）
高円寺地域区民センター,東京都杉並区梅里1-22-32,35.696636,139.654297,杉並区,東京都,杉並区,公共施設一覧,https://www.city.suginami.tokyo.jp/documents/1345/131156_public_facility_1.csv,クリエイティブ・コモンズ 表示（CC BY）
高井戸地域区民センター,東京都杉並区高井戸東3-7-5,35.683449,139.615952,杉並区,東京都,杉並区,公共施設一覧,https://www.city.suginami.tokyo.jp/documents/1345/131156_public_facility_1.csv,クリエイティブ・コモンズ 表示（CC BY）
永福和泉地域区民センター,東京都杉並区和泉3-8-18,35.675861,139.646072,杉並区,東京都,杉並区,公共施設一覧,https://www.city.suginami.tokyo.jp/documents/1345/131156_public_facility_1.csv,クリエイティブ・コモンズ 表示（CC BY）
四宮区民集会所,東京都杉並区上井草2-28-13,35.723083,139.608429,杉並区,東京都,杉並区,公共施設一覧,https://www.city.suginami.tokyo.jp/documents/1345/131156_public_facility_1.csv,クリエイティブ・コモンズ 表示（CC BY）
八成区民集会所,東京都杉並区井草1-3-2,35.724499,139.621689,杉並区,東京都,杉並区,公共施設一覧,https://www.city.suginami.tokyo.jp/documents/1345/131156_public_facility_1.csv,クリエイティブ・コモンズ 表示（CC BY）
梅里区民集会所,東京都杉並区梅里2-34-20,35.696419,139.641327,杉並区,東京都,杉並区,公共施設一覧,https://www.city.suginami.tokyo.jp/documents/1345/131156_public_facility_1.csv,クリエイティブ・コモンズ 表示（CC BY）
和田区民集会所,東京都杉並区和田2-31-21,35.691204,139.657761,杉並区,東京都,杉並区,公共施設一覧,https://www.city.suginami.tokyo.jp/documents/1345/131156_public_facility_1.csv,クリエイティブ・コモンズ 表示（CC BY）
高円寺北区民集会所,東京都杉並区高円寺北3-25-9,35.707558,139.64827,杉並区,東京都,杉並区,公共施設一覧,https://www.city.suginami.tokyo.jp/documents/1345/131156_public_facility_1.csv,クリエイティブ・コモンズ 表示（CC BY）
上高井戸区民集会所,東京都杉並区上高井戸1-15-5,35.671116,139.612366,杉並区,東京都,杉並区,公共施設一覧,https://www.city.suginami.tokyo.jp/documents/1345/131156_public_facility_1.csv,クリエイティブ・コモンズ 表示（CC BY）
下高井戸区民集会所,東京都杉並区下高井戸3-26-1,35.672733,139.635666,杉並区,東京都,杉並区,公共施設一覧,https://www.city.suginami.tokyo.jp/documents/1345/131156_public_facility_1.csv,クリエイティブ・コモンズ 表示（CC BY）
和田障害者交流館,東京都杉並区和田2-31-21,35.691204,139.657761,杉並区,東京都,杉並区,公共施設一覧,https://www.city.suginami.tokyo.jp/documents/1345/131156_public_facility_1.csv,クリエイティブ・コモンズ 表示（CC BY）
高円寺障害者交流館,東京都杉並区高円寺南2-24-18,35.700626,139.649323,杉並区,東京都,杉並区,公共施設一覧,https://www.city.suginami.tokyo.jp/documents/1345/131156_public_facility_1.csv,クリエイティブ・コモンズ 表示（CC BY）
高井戸地域区民センター図書室,東京都杉並区高井戸東3-7-5,35.683449,139.615952,杉並区,東京都,杉並区,公共施設一覧,https://www.city.suginami.tokyo.jp/documents/1345/131156_public_facility_1.csv,クリエイティブ・コモンズ 表示（CC BY）
西荻南区民集会所,東京都杉並区西荻北1-9-5,35.704494,139.60881,杉並区,東京都,杉並区,公共施設一覧,https://www.city.suginami.tokyo.jp/documents/1345/131156_public_facility_1.csv,クリエイティブ・コモンズ 表示（CC BY）
阿佐谷地域区民センター,東京都杉並区阿佐谷北1-1-1,35.705551,139.640991,杉並区,東京都,杉並区,公共施設一覧,https://www.city.suginami.tokyo.jp/documents/1345/131156_public_facility_1.csv,クリエイティブ・コモンズ 表示（CC BY）
世田谷区民会館（複合施設）,東京都世田谷区世田谷4-21-27,35.646581,139.653243,世田谷区,東京都,世田谷区,公共施設一覧,https://www.city.setagaya.lg.jp/documents/22308/01_131121_public_facility.csv,クリエイティブ・コモンズ 表示（CC BY）
世田谷区民会館別館（複合施設）,東京都世田谷区三軒茶屋1-41-10,35.643723,139.67254,世田谷区,東京都,世田谷区,公共施設一覧,https://www.city.setagaya.lg.jp/documents/22308/01_131121_public_facility.csv,クリエイティブ・コモンズ 表示（CC BY）
北沢区民会館（北沢タウンホール）（複合施設）,東京都世田谷区北沢2-8-18,35.662208,139.66972,世田谷区,東京都,世田谷区,公共施設一覧,https://www.city.setagaya.lg.jp/documents/22308/01_131121_public_facility.csv,クリエイティブ・コモンズ 表示（CC BY）
北沢区民会館別館（梅丘パークホール）（複合施設）,東京都世田谷区松原6-4-1歯科医師会館,35.656922,139.652813,世田谷区,東京都,世田谷区,公共施設一覧,https://www.city.setagaya.lg.jp/documents/22308/01_131121_public_facility.csv,クリエイティブ・コモンズ 表示（CC BY）
玉川区民会館（玉川せせらぎホール）（複合施設）,東京都世田谷区等々力3-4-1,35.608582,139.648462,世田谷区,東京都,世田谷区,公共施設一覧,https://www.city.setagaya.lg.jp/documents/22308/01_131121_public_facility.csv,クリエイティブ・コモンズ 表示（CC BY）
玉川区民会館別館（上用賀アートホール）（複合施設）,東京都世田谷区上用賀5-14-1-102,35.630095,139.625844,世田谷区,東京都,世田谷区,公共施設一覧,https://www.city.setagaya.lg.jp/documents/22308/01_131121_public_facility.csv,クリエイティブ・コモンズ 表示（CC BY）
砧区民会館（成城ホール）（複合施設）,東京都世田谷区成城6-2-1,35.641265,139.600691,世田谷区,東京都,世田谷区,公共施設一覧,https://www.city.setagaya.lg.jp/documents/22308/01_131121_public_facility.csv,クリエイティブ・コモンズ 表示（CC BY）
烏山区民会館（複合施設）,東京都世田谷区南烏山6-2-19,35.668837,139.600537,世田谷区,東京都,世田谷区,公共施設一覧,https://www.city.setagaya.lg.jp/documents/22308/01_131121_public_facility.csv,クリエイティブ・コモンズ 表示（CC BY）
桜丘区民センター（複合施設）,東京都世田谷区桜丘5-14-1,35.644782,139.622143,世田谷区,東京都,世田谷区,公共施設一覧,https://www.city.setagaya.lg.jp/documents/22308/01_131121_public_facility.csv,クリエイティブ・コモンズ 表示（CC BY）
桜丘区民センター（別棟）（複合施設）,東京都世田谷区桜丘2-22-1,35.645851,139.623679,世田谷区,東京都,世田谷区,公共施設一覧,https://www.city.setagaya.lg.jp/documents/22308/01_131121_public_facility.csv,クリエイティブ・コモンズ 表示（CC BY）
太子堂区民センター（複合施設）,東京都世田谷区太子堂1-14-20,35.642897,139.673622,世田谷区,東京都,世田谷区,公共施設一覧,https://www.city.setagaya.lg.jp/documents/22308/01_131121_public_facility.csv,クリエイティブ・コモンズ 表示（CC BY）
弦巻区民センター（複合施設）,東京都世田谷区弦巻1-26-11,35.636934,139.651815,世田谷区,東京都,世田谷区,公共施設一覧,https://www.city.setagaya.lg.jp/documents/22308/01_131121_public_facility.csv,クリエイティブ・コモンズ 表示（CC BY）
宮坂区民センター（複合施設）,東京都世田谷区宮坂1-24-6,35.647725,139.644755,世田谷区,東京都,世田谷区,公共施設一覧,https://www.city.setagaya.lg.jp/documents/22308/01_131121_public_facility.csv,クリエイティブ・コモンズ 表示（CC BY）
代田区民センター（複合施設）,東京都世田谷区代田6-34-13,35.662869,139.660648,世田谷区,東京都,世田谷区,公共施設一覧,https://www.city.setagaya.lg.jp/documents/22308/01_131121_public_facility.csv,クリエイティブ・コモンズ 表示（CC BY）
奥沢区民センター（複合施設）,東京都世田谷区奥沢3-47-8,35.603624,139.672397,世田谷区,東京都,世田谷区,公共施設一覧,https://www.city.setagaya.lg.jp/documents/22308/01_131121_public_facility.csv,クリエイティブ・コモンズ 表示（CC BY）
玉川台区民センター（複合施設）,東京都世田谷区玉川台1-6-15,35.622935,139.633048,世田谷区,東京都,世田谷区,公共施設一覧,https://www.city.setagaya.lg.jp/documents/22308/01_131121_public_facility.csv,クリエイティブ・コモンズ 表示（CC BY）
深沢区民センター（複合施設）,東京都世田谷区深沢4-33-11,35.620194,139.65387,世田谷区,東京都,世田谷区,公共施設一覧,https://www.city.setagaya.lg.jp/documents/22308/01_131121_public_facility.csv,クリエイティブ・コモンズ 表示（CC BY）
鎌田区民センター（複合施設）,東京都世田谷区鎌田3-35-1,35.622285,139.613512,世田谷区,東京都,世田谷区,公共施設一覧,https://www.city.setagaya.lg.jp/documents/22308/01_131121_public_facility.csv,クリエイティブ・コモンズ 表示（CC BY）
粕谷区民センター（複合施設）,東京都世田谷区粕谷4-13-6,35.663097,139.605159,世田谷区,東京都,世田谷区,公共施設一覧,https://www.city.setagaya.lg.jp/documents/22308/01_131121_public_facility.csv,クリエイティブ・コモンズ 表示（CC BY）
上北沢区民センター（複合施設）,東京都世田谷区上北沢3-8-9,35.667566,139.625565,世田谷区,東京都,世田谷区,公共施設一覧,https://www.city.setagaya.lg.jp/documents/22308/01_131121_public_facility.csv,クリエイティブ・コモンズ 表示（CC BY）
烏山区民センター（複合施設）,東京都世田谷区南烏山6-2-19,35.668837,139.600537,世田谷区,東京都,世田谷区,公共施設一覧,https://www.city.setagaya.lg.jp/documents/22308/01_131121_public_facility.csv,クリエイティブ・コモンズ 表示（CC BY）
池尻区民集会所（複合施設）,東京都世田谷区池尻3-27-21,35.649821,139.67869,世田谷区,東京都,世田谷区,公共施設一覧,https://www.city.setagaya.lg.jp/documents/22308/01_131121_public_facility.csv,クリエイティブ・コモンズ 表示（CC BY）
三軒茶屋区民集会所（複合施設）,東京都世田谷区太子堂2-17-1,35.644777,139.671139,世田谷区,東京都,世田谷区,公共施設一覧,https://www.city.setagaya.lg.jp/documents/22308/01_131121_public_facility.csv,クリエイティブ・コモンズ 表示（CC BY）
下馬区民集会所（複合施設）,東京都世田谷区下馬3-14-9,35.635942,139.675404,世田谷区,東京都,世田谷区,公共施設一覧,https://www.city.setagaya.lg.jp/documents/22308/01_131121_public_facility.csv,クリエイティブ・コモンズ 表示（CC BY）
弦巻区民集会所,東京都世田谷区弦巻5-1-18,35.63506,139.637811,世田谷区,東京都,世田谷区,公共施設一覧,https://www.city.setagaya.lg.jp/documents/22308/01_131121_public_facility.csv,クリエイティブ・コモンズ 表示（CC BY）
野沢区民集会所,東京都世田谷区野沢4-24-1,35.634809,139.664923,世田谷区,東京都,世田谷区,公共施設一覧,https://www.city.setagaya.lg.jp/documents/22308/01_131121_public_facility.csv,クリエイティブ・コモンズ 表示（CC BY）
丸山区民集会所（複合施設）,東京都世田谷区三軒茶屋2-32-14,35.64077,139.665786,世田谷区,東京都,世田谷区,公共施設一覧,https://www.city.setagaya.lg.jp/documents/22308/01_131121_public_facility.csv,クリエイティブ・コモンズ 表示（CC BY）
若林区民集会所（複合施設）,東京都世田谷区若林1-34-2,35.646106,139.66376,世田谷区,東京都,世田谷区,公共施設一覧,https://www.city.setagaya.lg.jp/documents/22308/01_131121_public_facility.csv,クリエイティブ・コモンズ 表示（CC BY）
大原区民集会所,東京都世田谷区大原1-16-16シルクロードビル,35.668677,139.665084,世田谷区,東京都,世田谷区,公共施設一覧,https://www.city.setagaya.lg.jp/documents/22308/01_131121_public_facility.csv,クリエイティブ・コモンズ 表示（CC BY）
北沢区民集会所（複合施設）,東京都世田谷区北沢4-24-22,35.668395,139.668156,世田谷区,東京都,世田谷区,公共施設一覧,https://www.city.setagaya.lg.jp/documents/22308/01_131121_public_facility.csv,クリエイティブ・コモンズ 表示（CC BY）
北沢南区民集会所,東京都世田谷区北沢3-25-8,35.664334,139.669121,世田谷区,東京都,世田谷区,公共施設一覧,https://www.city.setagaya.lg.jp/documents/22308/01_131121_public_facility.csv,クリエイティブ・コモンズ 表示（CC BY）
下北沢区民集会所,東京都世田谷区北沢2-26-6B1F、3F,35.662028,139.665991,世田谷区,東京都,世田谷区,公共施設一覧,https://www.city.setagaya.lg.jp/documents/22308/01_131121_public_facility.csv,クリエイティブ・コモンズ 表示（CC BY）
新代田区民集会所（複合施設）,東京都世田谷区羽根木1-6-14,35.66454,139.660427,世田谷区,東京都,世田谷区,公共施設一覧,https://www.city.setagaya.lg.jp/documents/22308/01_131121_public_facility.csv,クリエイティブ・コモンズ 表示（CC BY）
羽根木区民集会所,東京都世田谷区羽根木2-8-6東松原ハイム1F,35.666462,139.658596,世田谷区,東京都,世田谷区,公共施設一覧,https://www.city.setagaya.lg.jp/documents/22308/01_131121_public_facility.csv,クリエイティブ・コモンズ 表示（CC BY）
松沢区民集会所（複合施設）,東京都世田谷区赤堤5-31-5,35.665384,139.638033,世田谷区,東京都,世田谷区,公共施設一覧,https://www.city.setagaya.lg.jp/documents/22308/01_131121_public_facility.csv,クリエイティブ・コモンズ 表示（CC BY）
六所橋区民集会所,東京都世田谷区赤堤2-10-13,35.657735,139.64334,世田谷区,東京都,世田谷区,公共施設一覧,https://www.city.setagaya.lg.jp/documents/22308/01_131121_public_facility.csv,クリエイティブ・コモンズ 表示（CC BY）
上野毛区民集会所,東京都世田谷区上野毛1-26-14伊東ビル2F,35.612573,139.63871,世田谷区,東京都,世田谷区,公共施設一覧,https://www.city.setagaya.lg.jp/documents/22308/01_131121_public_facility.csv,クリエイティブ・コモンズ 表示（CC BY）
桜新町区民集会所（複合施設）,東京都世田谷区桜新町1-30-14,35.628345,139.644,世田谷区,東京都,世田谷区,公共施設一覧,https://www.city.setagaya.lg.jp/documents/22308/01_131121_public_facility.csv,クリエイティブ・コモンズ 表示（CC BY）
中町区民集会所（複合施設）,東京都世田谷区中町4-15-6,35.617961,139.644841,世田谷区,東京都,世田谷区,公共施設一覧,https://www.city.setagaya.lg.jp/documents/22308/01_131121_public_facility.csv,クリエイティブ・コモンズ 表示（CC BY）
野毛区民集会所（複合施設）,東京都世田谷区野毛2-4-4,35.600795,139.642655,世田谷区,東京都,世田谷区,公共施設一覧,https://www.city.setagaya.lg.jp/documents/22308/01_131121_public_facility.csv,クリエイティブ・コモンズ 表示（CC BY）
用賀区民集会所（複合施設）,東京都世田谷区用賀4-10-6コミュニティ・テラス,35.626906,139.63251,世田谷区,東京都,世田谷区,公共施設一覧,https://www.city.setagaya.lg.jp/documents/22308/01_131121_public_facility.csv,クリエイティブ・コモンズ 表示（CC BY）
鎌田区民集会所,東京都世田谷区鎌田2-1-24,35.617031,139.61333,世田谷区,東京都,世田谷区,公共施設一覧,https://www.city.setagaya.lg.jp/documents/22308/01_131121_public_facility.csv,クリエイティブ・コモンズ 表示（CC BY）
砧総合支所区民集会所（複合施設）,東京都世田谷区成城6-2-1,35.641265,139.600691,世田谷区,東京都,世田谷区,公共施設一覧,https://www.city.setagaya.lg.jp/documents/22308/01_131121_public_facility.csv,クリエイティブ・コモンズ 表示（CC BY）
希望丘区民集会所（複合施設）,東京都世田谷区船橋6-25-1,35.659021,139.620796,世田谷区,東京都,世田谷区,公共施設一覧,https://www.city.setagaya.lg.jp/documents/22308/01_131121_public_facility.csv,クリエイティブ・コモンズ 表示（CC BY）
祖師谷区民集会所（複合施設）,東京都世田谷区祖師谷4-1-23,35.646928,139.608218,世田谷区,東京都,世田谷区,公共施設一覧,https://www.city.setagaya.lg.jp/documents/22308/01_131121_public_facility.csv,クリエイティブ・コモンズ 表示（CC BY）
山野区民集会所,東京都世田谷区砧1-11-3都営砧一丁目アパート1F,35.6375,139.615301,世田谷区,東京都,世田谷区,公共施設一覧,https://www.city.setagaya.lg.jp/documents/22308/01_131121_public_facility.csv,クリエイティブ・コモンズ 表示（CC BY）
上祖師谷一丁目区民集会所（複合施設）,東京都世田谷区上祖師谷1-24-2,35.663569,139.599001,世田谷区,東京都,世田谷区,公共施設一覧,https://www.city.setagaya.lg.jp/documents/22308/01_131121_public_facility.csv,クリエイティブ・コモンズ 表示（CC BY）
寺町通り区民集会所,東京都世田谷区北烏山5-1-4,35.676611,139.597381,世田谷区,東京都,世田谷区,公共施設一覧,https://www.city.setagaya.lg.jp/documents/22308/01_131121_public_facility.csv,クリエイティブ・コモンズ 表示（CC BY）
八幡山区民集会所（複合施設）,東京都世田谷区八幡山3-32-26,35.668277,139.616839,世田谷区,東京都,世田谷区,公共施設一覧,https://www.city.setagaya.lg.jp/documents/22308/01_131121_public_facility.csv,クリエイティブ・コモンズ 表示（CC BY）
南烏山区民集会所,東京都世田谷区南烏山3-23-7芦花パークヒルⅢ2F,35.671759,139.60707,世田谷区,東京都,世田谷区,公共施設一覧,https://www.city.setagaya.lg.jp/documents/22308/01_131121_public_facility.csv,クリエイティブ・コモンズ 表示（CC BY）
池之上青少年交流センター,東京都世田谷区代沢2-37-18,35.659367,139.673365,世田谷区,東京都,世田谷区,公共施設一覧,https://www.city.setagaya.lg.jp/documents/22308/01_131121_public_facility.csv,クリエイティブ・コモンズ 表示（CC BY）
野毛青少年交流センター,東京都世田谷区野毛2-15-19,35.603223,139.641631,世田谷区,東京都,世田谷区,公共施設一覧,https://www.city.setagaya.lg.jp/documents/22308/01_131121_public_facility.csv,クリエイティブ・コモンズ 表示（CC BY）
希望丘青少年交流センター「アップス」（複合施設）,東京都世田谷区船橋6-25-1,35.659021,139.620796,世田谷区,東京都,世田谷区,公共施設一覧,https://www.city.setagaya.lg.jp/documents/22308/01_131121_public_facility.csv,クリエイティブ・コモンズ 表示（CC BY）
上馬高齢者集会所（複合施設）,東京都世田谷区上馬4-36-9,35.638515,139.659944,世田谷区,東京都,世田谷区,公共施設一覧,https://www.city.setagaya.lg.jp/documents/22308/01_131121_public_facility.csv,クリエイティブ・コモンズ 表示（CC BY）
桜高齢者集会所,東京都世田谷区桜1-2-19,35.645766,139.646199,世田谷区,東京都,世田谷区,公共施設一覧,https://www.city.setagaya.lg.jp/documents/22308/01_131121_public_facility.csv,クリエイティブ・コモンズ 表示（CC BY）
曳舟文化センター,東京都墨田区京島一丁目38-11,35.718293,139.818762,墨田区,東京都,墨田区,公共施設一覧,https://www.opendata.metro.tokyo.lg.jp/sumida/131075_public_facility.csv,クリエイティブ・コモンズ 表示（CC BY）
みどりコミュニティセンター,東京都墨田区緑三丁目7-3,35.693598,139.803278,墨田区,東京都,墨田区,公共施設一覧,https://www.opendata.metro.tokyo.lg.jp/sumida/131075_public_facility.csv,クリエイティブ・コモンズ 表示（CC BY）
新富区民館,東京都中央区新富1-13-24,35.673538,139.774941,中央区,東京都,中央区,公共施設一覧,https://www.city.chuo.lg.jp/documents/984/koukyoushisetu.csv,クリエイティブ・コモンズ 表示（CC BY）
京橋プラザ区民館,東京都中央区銀座1-25-3,35.673121,139.771593,中央区,東京都,中央区,公共施設一覧,https://www.city.chuo.lg.jp/documents/984/koukyoushisetu.csv,クリエイティブ・コモンズ 表示（CC BY）
京橋区民館,東京都中央区京橋2-6-7,35.676572,139.771319,中央区,東京都,中央区,公共施設一覧,https://www.city.chuo.lg.jp/documents/984/koukyoushisetu.csv,クリエイティブ・コモンズ 表示（CC BY）
銀座区民館,東京都中央区銀座4-13-17,35.66944,139.768618,中央区,東京都,中央区,公共施設一覧,https://www.city.chuo.lg.jp/documents/984/koukyoushisetu.csv,クリエイティブ・コモンズ 表示（CC BY）
明石町区民館,東京都中央区明石町14-2,35.665783,139.77819,中央区,東京都,中央区,公共施設一覧,https://www.city.chuo.lg.jp/documents/984/koukyoushisetu.csv,クリエイティブ・コモンズ 表示（CC BY）
明石町区民館防災備蓄倉庫,東京都中央区明石町14-2,35.665783,139.77819,中央区,東京都,中央区,公共施設一覧,https://www.city.chuo.lg.jp/documents/984/koukyoushisetu.csv,クリエイティブ・コモンズ 表示（CC BY）
八丁堀区民館,東京都中央区八丁堀4-13-12,35.674202,139.778992,中央区,東京都,中央区,公共施設一覧,https://www.city.chuo.lg.jp/documents/984/koukyoushisetu.csv,クリエイティブ・コモンズ 表示（CC BY）
八丁堀区民館防災備蓄倉庫,東京都中央区八丁堀4-13-12,35.674202,139.778992,中央区,東京都,中央区,公共施設一覧,https://www.city.chuo.lg.jp/documents/984/koukyoushisetu.csv,クリエイティブ・コモンズ 表示（CC BY）
新川区民館,東京都中央区新川1-26-1,35.676398,139.78371,中央区,東京都,中央区,公共施設一覧,https://www.city.chuo.lg.jp/documents/984/koukyoushisetu.csv,クリエイティブ・コモンズ 表示（CC BY）
新川区民館防災備蓄倉庫・明正小学校副拠点倉庫,東京都中央区新川1-26-1,35.676398,139.78371,中央区,東京都,中央区,公共施設一覧,https://www.city.chuo.lg.jp/documents/984/koukyoushisetu.csv,クリエイティブ・コモンズ 表示（CC BY）
久松町区民館,東京都中央区日本橋久松町1-2,35.688723,139.783927,中央区,東京都,中央区,公共施設一覧,https://www.city.chuo.lg.jp/documents/984/koukyoushisetu.csv,クリエイティブ・コモンズ 表示（CC BY）
久松町区民館防災備蓄倉庫,東京都中央区日本橋久松町1-2,35.688723,139.783927,中央区,東京都,中央区,公共施設一覧,https://www.city.chuo.lg.jp/documents/984/koukyoushisetu.csv,クリエイティブ・コモンズ 表示（CC BY）
新場橋区民館,東京都中央区日本橋兜町11-9,35.680014,139.776367,中央区,東京都,中央区,公共施設一覧,https://www.city.chuo.lg.jp/documents/984/koukyoushisetu.csv,クリエイティブ・コモンズ 表示（CC BY）
佃区民館,東京都中央区佃2-17-8,35.664743,139.78484,中央区,東京都,中央区,公共施設一覧,https://www.city.chuo.lg.jp/documents/984/koukyoushisetu.csv,クリエイティブ・コモンズ 表示（CC BY）
佃区民館防災備蓄倉庫,東京都中央区佃2-17-8,35.664743,139.78484,中央区,東京都,中央区,公共施設一覧,https://www.city.chuo.lg.jp/documents/984/koukyoushisetu.csv,クリエイティブ・コモンズ 表示（CC BY）
月島区民館,東京都中央区月島2-8-11,35.663212,139.784619,中央区,東京都,中央区,公共施設一覧,https://www.city.chuo.lg.jp/documents/984/koukyoushisetu.csv,クリエイティブ・コモンズ 表示（CC BY）
月島区民館防災備蓄倉庫・月島第一小学校副拠点倉庫,東京都中央区月島2-8-11,35.663212,139.784619,中央区,東京都,中央区,公共施設一覧,https://www.city.chuo.lg.jp/documents/984/koukyoushisetu.csv,クリエイティブ・コモンズ 表示（CC BY）
豊海区民館,東京都中央区勝どき6-7-8,35.654876,139.773943,中央区,東京都,中央区,公共施設一覧,https://www.city.chuo.lg.jp/documents/984/koukyoushisetu.csv,クリエイティブ・コモンズ 表示（CC BY）
人形町区民館,東京都中央区日本橋人形町2-14-5,35.684604,139.784833,中央区,東京都,中央区,公共施設一覧,https://www.city.chuo.lg.jp/documents/984/koukyoushisetu.csv,クリエイティブ・コモンズ 表示（CC BY）
浜町区民館,東京都中央区日本橋浜町3-37-1,35.685469,139.791346,中央区,東京都,中央区,公共施設一覧,https://www.city.chuo.lg.jp/documents/984/koukyoushisetu.csv,クリエイティブ・コモンズ 表示（CC BY）
堀留町区民館,東京都中央区日本橋堀留町1-1-1,35.687441,139.778992,中央区,東京都,中央区,公共施設一覧,https://www.city.chuo.lg.jp/documents/984/koukyoushisetu.csv,クリエイティブ・コモンズ 表示（CC BY）
晴海区民館,東京都中央区晴海1-8-7,35.657098,139.782332,中央区,東京都,中央区,公共施設一覧,https://www.city.chuo.lg.jp/documents/984/koukyoushisetu.csv,クリエイティブ・コモンズ 表示（CC BY）
晴海区民館防災備蓄倉庫,東京都中央区晴海1-8-7,35.657098,139.782332,中央区,東京都,中央区,公共施設一覧,https://www.city.chuo.lg.jp/documents/984/koukyoushisetu.csv,クリエイティブ・コモンズ 表示（CC BY）
勝どき区民館,東京都中央区勝どき1-5-1,35.660594,139.777901,中央区,東京都,中央区,公共施設一覧,https://www.city.chuo.lg.jp/documents/984/koukyoushisetu.csv,クリエイティブ・コモンズ 表示（CC BY）
万世橋出張所・区民館４階事務室,東京都千代田区外神田一丁目1-13,35.697628,139.770752,千代田区,東京都,千代田区,公共施設一覧,https://www.opendata.metro.tokyo.lg.jp/chiyoda/131016_01public_facility.csv,クリエイティブ・コモンズ 表示（CC BY）
万世橋出張所・区民館６階事務室,東京都千代田区外神田一丁目1-13,35.697628,139.770752,千代田区,東京都,千代田区,公共施設一覧,https://www.opendata.metro.tokyo.lg.jp/chiyoda/131016_01public_facility.csv,クリエイティブ・コモンズ 表示（CC BY）
麹町出張所・区民館,東京都千代田区麹町二丁目8,35.685356,139.739761,千代田区,東京都,千代田区,公共施設一覧,https://www.opendata.metro.tokyo.lg.jp/chiyoda/131016_01public_facility.csv,クリエイティブ・コモンズ 表示（CC BY）
富士見出張所・区民館,東京都千代田区富士見一丁目6-7,35.699139,139.746231,千代田区,東京都,千代田区,公共施設一覧,https://www.opendata.metro.tokyo.lg.jp/chiyoda/131016_01public_facility.csv,クリエイティブ・コモンズ 表示（CC BY）
神保町出張所・区民館,東京都千代田区神田神保町二丁目40,35.697754,139.755508,千代田区,東京都,千代田区,公共施設一覧,https://www.opendata.metro.tokyo.lg.jp/chiyoda/131016_01public_facility.csv,クリエイティブ・コモンズ 表示（CC BY）
神田公園出張所・区民館,東京都千代田区神田司町二丁目2,35.692726,139.767853,千代田区,東京都,千代田区,公共施設一覧,https://www.opendata.metro.tokyo.lg.jp/chiyoda/131016_01public_facility.csv,クリエイティブ・コモンズ 表示（CC BY）
万世橋出張所・区民館,東京都千代田区外神田一丁目1-13,35.697628,139.770752,千代田区,東京都,千代田区,公共施設一覧,https://www.opendata.metro.tokyo.lg.jp/chiyoda/131016_01public_facility.csv,クリエイティブ・コモンズ 表示（CC BY）
和泉橋出張所・区民館,東京都千代田区神田佐久間町一丁目11-7,35.697285,139.774338,千代田区,東京都,千代田区,公共施設一覧,https://www.opendata.metro.tokyo.lg.jp/chiyoda/131016_01public_facility.csv,クリエイティブ・コモンズ 表示（CC BY）
万世橋出張所・区民館５階事務室,東京都千代田区外神田一丁目1-13,35.697628,139.770752,千代田区,東京都,千代田区,公共施設一覧,https://www.opendata.metro.tokyo.lg.jp/chiyoda/131016_01public_facility.csv,クリエイティブ・コモンズ 表示（CC BY）
コミュニティセンター,東京都羽村市緑ヶ丘5-2-6,35.767812,139.31096,羽村市,東京都,羽村市,公共施設一覧,https://www.opendata.metro.tokyo.lg.jp/hamura/132276_public_facility.csv,クリエイティブ・コモンズ 表示（CC BY）
青少年交流館,東京都調布市飛田給1丁目52番地1,35.661166,139.525602,調布市,東京都,調布市,公共施設一覧,https://www.city.chofu.lg.jp/documents/13850/132080_public_facility.csv,クリエイティブ・コモンズ 表示（CC BY）
中央公民館,東京都東村山市本町二丁目33-2,35.759786,139.466863,東村山市,東京都,東村山市,公共施設一覧,https://www.opendata.metro.tokyo.lg.jp/higashimurayama/20240619_public_facility.csv,クリエイティブ・コモンズ 表示（CC BY）
秋津公民館,東京都東村山市秋津町二丁目17-10,35.771015,139.486598,東村山市,東京都,東村山市,公共施設一覧,https://www.opendata.metro.tokyo.lg.jp/higashimurayama/20240619_public_facility.csv,クリエイティブ・コモンズ 表示（CC BY）
廻田公民館,東京都東村山市廻田町四丁目19-1,35.759623,139.452093,東村山市,東京都,東村山市,公共施設一覧,https://www.opendata.metro.tokyo.lg.jp/higashimurayama/20240619_public_facility.csv,クリエイティブ・コモンズ 表示（CC BY）
富士見文化センター,東京都東村山市富士見町五丁目4-51,35.746615,139.462885,東村山市,東京都,東村山市,公共施設一覧,https://www.opendata.metro.tokyo.lg.jp/higashimurayama/20240619_public_facility.csv,クリエイティブ・コモンズ 表示（CC BY）
青葉地域センター,東京都東村山市青葉町三丁目30-3,35.769210,139.496263,東村山市,東京都,東村山市,公共施設一覧,https://www.opendata.metro.tokyo.lg.jp/higashimurayama/20240619_public_facility.csv,クリエイティブ・コモンズ 表示（CC BY）
萩山集会所,東京都東村山市萩山町一丁目36-3,35.738063,139.483685,東村山市,東京都,東村山市,公共施設一覧,https://www.opendata.metro.tokyo.lg.jp/higashimurayama/20240619_public_facility.csv,クリエイティブ・コモンズ 表示（CC BY）
江東区文化センター,東京都江東区東陽4-11-3,35.673086,139.818678,江東区,東京都,江東区,公共施設一覧,https://www.opendata.metro.tokyo.lg.jp/koto/131083_001_public_facility.csv,クリエイティブ・コモンズ 表示（CC BY）
豊洲文化センター,東京都江東区豊洲2-2-18,35.654581,139.795247,江東区,東京都,江東区,公共施設一覧,https://www.opendata.metro.tokyo.lg.jp/koto/131083_001_public_facility.csv,クリエイティブ・コモンズ 表示（CC BY）
東大島文化センター,東京都江東区大島8-33-9,35.690052,139.842408,江東区,東京都,江東区,公共施設一覧,https://www.opendata.metro.tokyo.lg.jp/koto/131083_001_public_facility.csv,クリエイティブ・コモンズ 表示（CC BY）
砂町文化センター,東京都江東区北砂5-1-7,35.680617,139.831936,江東区,東京都,江東区,公共施設一覧,https://www.opendata.metro.tokyo.lg.jp/koto/131083_001_public_facility.csv,クリエイティブ・コモンズ 表示（CC BY）
森下文化センター,東京都江東区森下3-12-17,35.685408,139.802078,江東区,東京都,江東区,公共施設一覧,https://www.opendata.metro.tokyo.lg.jp/koto/131083_001_public_facility.csv,クリエイティブ・コモンズ 表示（CC BY）
古石場文化センター,東京都江東区古石場2-13-2,35.667256,139.799022,江東区,東京都,江東区,公共施設一覧,https://www.opendata.metro.tokyo.lg.jp/koto/131083_001_public_facility.csv,クリエイティブ・コモンズ 表示（CC BY）
亀戸文化センター,東京都江東区亀戸2-19-1,35.697917,139.824505,江東区,東京都,江東区,公共施設一覧,https://www.opendata.metro.tokyo.lg.jp/koto/131083_001_public_facility.csv,クリエイティブ・コモンズ 表示（CC BY）
総合区民センター,東京都江東区大島4-5-1,35.689380,139.827021,江東区,東京都,江東区,公共施設一覧,https://www.opendata.metro.tokyo.lg.jp/koto/131083_001_public_facility.csv,クリエイティブ・コモンズ 表示（CC BY）
江東公会堂,東京都江東区住吉2-28-36,35.688755,139.819463,江東区,東京都,江東区,公共施設一覧,https://www.opendata.metro.tokyo.lg.jp/koto/131083_001_public_facility.csv,クリエイティブ・コモンズ 表示（CC BY）
江東区芭蕉記念館,東京都江東区常盤1-6-3,35.686127,139.794056,江東区,東京都,江東区,公共施設一覧,https://www.opendata.metro.tokyo.lg.jp/koto/131083_001_public_facility.csv,クリエイティブ・コモンズ 表示（CC BY）
江東区深川江戸資料館,東京都江東区白河1-3-28,35.681189,139.800595,江東区,東京都,江東区,公共施設一覧,https://www.opendata.metro.tokyo.lg.jp/koto/131083_001_public_facility.csv,クリエイティブ・コモンズ 表示（CC BY）
江東区中川船番所資料館,東京都江東区大島9-1-15,35.687686,139.846282,江東区,東京都,江東区,公共施設一覧,https://www.opendata.metro.tokyo.lg.jp/koto/131083_001_public_facility.csv,クリエイティブ・コモンズ 表示（CC BY）
新大橋地区集会所,東京都江東区新大橋2-11-6,35.688662,139.794580,江東区,東京都,江東区,公共施設一覧,https://www.opendata.metro.tokyo.lg.jp/koto/131083_001_public_facility.csv,クリエイティブ・コモンズ 表示（CC BY）
高森地区集会所,東京都江東区森下3-12-17,35.685280,139.801880,江東区,東京都,江東区,公共施設一覧,https://www.opendata.metro.tokyo.lg.jp/koto/131083_001_public_facility.csv,クリエイティブ・コモンズ 表示（CC BY）
平野地区集会所,東京都江東区平野3-3-9-102,35.677472,139.805995,江東区,東京都,江東区,公共施設一覧,https://www.opendata.metro.tokyo.lg.jp/koto/131083_001_public_facility.csv,クリエイティブ・コモンズ 表示（CC BY）
三好地区集会所,東京都江東区三好3-7-10,35.680452,139.804634,江東区,東京都,江東区,公共施設一覧,https://www.opendata.metro.tokyo.lg.jp/koto/131083_001_public_facility.csv,クリエイティブ・コモンズ 表示（CC BY）
白河東地区集会所,東京都江東区白河4-9-15-104,35.683171,139.808253,江東区,東京都,江東区,公共施設一覧,https://www.opendata.metro.tokyo.lg.jp/koto/131083_001_public_facility.csv,クリエイティブ・コモンズ 表示（CC BY）
永代地区集会所,東京都江東区永代2-9-4,35.673383,139.791246,江東区,東京都,江東区,公共施設一覧,https://www.opendata.metro.tokyo.lg.jp/koto/131083_001_public_facility.csv,クリエイティブ・コモンズ 表示（CC BY）
富岡北地区集会所,東京都江東区深川1-11-18,35.678539,139.795696,江東区,東京都,江東区,公共施設一覧,https://www.opendata.metro.tokyo.lg.jp/koto/131083_001_public_facility.csv,クリエイティブ・コモンズ 表示（CC BY）
深川地区集会所,東京都江東区深川2-1-8,35.673834,139.797112,江東区,東京都,江東区,公共施設一覧,https://www.opendata.metro.tokyo.lg.jp/koto/131083_001_public_facility.csv,クリエイティブ・コモンズ 表示（CC BY）
牡丹地区集会所,東京都江東区牡丹3-28-6,35.667837,139.801125,江東区,東京都,江東区,公共施設一覧,https://www.opendata.metro.tokyo.lg.jp/koto/131083_001_public_facility.csv,クリエイティブ・コモンズ 表示（CC BY）
越中島地区集会所,東京都江東区越中島3-6-34,35.665296,139.796437,江東区,東京都,江東区,公共施設一覧,https://www.opendata.metro.tokyo.lg.jp/koto/131083_001_public_facility.csv,クリエイティブ・コモンズ 表示（CC BY）
塩浜東地区集会所,東京都江東区塩浜2-14-2,35.662870,139.808760,江東区,東京都,江東区,公共施設一覧,https://www.opendata.metro.tokyo.lg.jp/koto/131083_001_public_facility.csv,クリエイティブ・コモンズ 表示（CC BY）
枝川西地区集会所,東京都江東区枝川1-6-18,35.657355,139.803581,江東区,東京都,江東区,公共施設一覧,https://www.opendata.metro.tokyo.lg.jp/koto/131083_001_public_facility.csv,クリエイティブ・コモンズ 表示（CC BY）
潮見地区集会所,東京都江東区潮見1-18-9,35.657591,139.813291,江東区,東京都,江東区,公共施設一覧,https://www.opendata.metro.tokyo.lg.jp/koto/131083_001_public_facility.csv,クリエイティブ・コモンズ 表示（CC BY）
千石地区集会所,東京都江東区千石1-13-13,35.679689,139.811514,江東区,東京都,江東区,公共施設一覧,https://www.opendata.metro.tokyo.lg.jp/koto/131083_001_public_facility.csv,クリエイティブ・コモンズ 表示（CC BY）
千田地区集会所,東京都江東区千田21-15,35.681200,139.816610,江東区,東京都,江東区,公共施設一覧,https://www.opendata.metro.tokyo.lg.jp/koto/131083_001_public_facility.csv,クリエイティブ・コモンズ 表示（CC BY）
扇橋地区集会所,東京都江東区扇橋3-7-3,35.682558,139.820235,江東区,東京都,江東区,公共施設一覧,https://www.opendata.metro.tokyo.lg.jp/koto/131083_001_public_facility.csv,クリエイティブ・コモンズ 表示（CC BY）
住吉地区集会所,東京都江東区住吉1-8-12,35.687457,139.811711,江東区,東京都,江東区,公共施設一覧,https://www.opendata.metro.tokyo.lg.jp/koto/131083_001_public_facility.csv,クリエイティブ・コモンズ 表示（CC BY）
毛利地区集会所,東京都江東区毛利1-12-7,35.691370,139.814994,江東区,東京都,江東区,公共施設一覧,https://www.opendata.metro.tokyo.lg.jp/koto/131083_001_public_facility.csv,クリエイティブ・コモンズ 表示（CC BY）
東陽南地区集会所,東京都江東区東陽1-16-3,35.667320,139.809750,江東区,東京都,江東区,公共施設一覧,https://www.opendata.metro.tokyo.lg.jp/koto/131083_001_public_facility.csv,クリエイティブ・コモンズ 表示（CC BY）
東陽東地区集会所,東京都江東区東陽4-11-1,35.672390,139.818843,江東区,東京都,江東区,公共施設一覧,https://www.opendata.metro.tokyo.lg.jp/koto/131083_001_public_facility.csv,クリエイティブ・コモンズ 表示（CC BY）
亀戸西地区集会所,東京都江東区亀戸3-41-8,35.704849,139.822964,江東区,東京都,江東区,公共施設一覧,https://www.opendata.metro.tokyo.lg.jp/koto/131083_001_public_facility.csv,クリエイティブ・コモンズ 表示（CC BY）
亀戸北地区集会所,東京都江東区亀戸4-21-18,35.702447,139.826075,江東区,東京都,江東区,公共施設一覧,https://www.opendata.metro.tokyo.lg.jp/koto/131083_001_public_facility.csv,クリエイティブ・コモンズ 表示（CC BY）
亀戸南地区集会所,東京都江東区亀戸7-56-3,35.696265,139.835160,江東区,東京都,江東区,公共施設一覧,https://www.opendata.metro.tokyo.lg.jp/koto/131083_001_public_facility.csv,クリエイティブ・コモンズ 表示（CC BY）
亀戸水神地区集会所,東京都江東区亀戸8-27-5,35.701781,139.833921,江東区,東京都,江東区,公共施設一覧,https://www.opendata.metro.tokyo.lg.jp/koto/131083_001_public_facility.csv,クリエイティブ・コモンズ 表示（CC BY）
亀戸東地区集会所,東京都江東区亀戸9-34-1-135,35.699359,139.840646,江東区,東京都,江東区,公共施設一覧,https://www.opendata.metro.tokyo.lg.jp/koto/131083_001_public_facility.csv,クリエイティブ・コモンズ 表示（CC BY）
大島中央地区集会所,東京都江東区大島5-12-14,35.688757,139.833344,江東区,東京都,江東区,公共施設一覧,https://www.opendata.metro.tokyo.lg.jp/koto/131083_001_public_facility.csv,クリエイティブ・コモンズ 表示（CC BY）
大島地区集会所,東京都江東区大島7-16-4,35.692560,139.838962,江東区,東京都,江東区,公共施設一覧,https://www.opendata.metro.tokyo.lg.jp/koto/131083_001_public_facility.csv,クリエイティブ・コモンズ 表示（CC BY）
大島東地区集会所,東京都江東区大島7-29-4,35.694248,139.842884,江東区,東京都,江東区,公共施設一覧,https://www.opendata.metro.tokyo.lg.jp/koto/131083_001_public_facility.csv,クリエイティブ・コモンズ 表示（CC BY）
北砂中央地区集会所,東京都江東区北砂3-31-4,35.679872,139.828433,江東区,東京都,江東区,公共施設一覧,https://www.opendata.metro.tokyo.lg.jp/koto/131083_001_public_facility.csv,クリエイティブ・コモンズ 表示（CC BY）
北砂地区集会所,東京都江東区北砂4-20-13,35.677450,139.832230,江東区,東京都,江東区,公共施設一覧,https://www.opendata.metro.tokyo.lg.jp/koto/131083_001_public_facility.csv,クリエイティブ・コモンズ 表示（CC BY）
亀高地区集会所,東京都江東区北砂6-26-7,35.681572,139.838388,江東区,東京都,江東区,公共施設一覧,https://www.opendata.metro.tokyo.lg.jp/koto/131083_001_public_facility.csv,クリエイティブ・コモンズ 表示（CC BY）
東砂北地区集会所,東京都江東区東砂3-17-17,35.681430,139.842160,江東区,東京都,江東区,公共施設一覧,https://www.opendata.metro.tokyo.lg.jp/koto/131083_001_public_facility.csv,クリエイティブ・コモンズ 表示（CC BY）
南砂北地区集会所,東京都江東区南砂1-4-24,35.679722,139.821087,江東区,東京都,江東区,公共施設一覧,https://www.opendata.metro.tokyo.lg.jp/koto/131083_001_public_facility.csv,クリエイティブ・コモンズ 表示（CC BY）
東砂南地区集会所,東京都江東区東砂6-19-9,35.674504,139.841341,江東区,東京都,江東区,公共施設一覧,https://www.opendata.metro.tokyo.lg.jp/koto/131083_001_public_facility.csv,クリエイティブ・コモンズ 表示（CC BY）
東砂西地区集会所,東京都江東区東砂7-5-1,35.670618,139.839835,江東区,東京都,江東区,公共施設一覧,https://www.opendata.metro.tokyo.lg.jp/koto/131083_001_public_facility.csv,クリエイティブ・コモンズ 表示（CC BY）
南砂西地区集会所,東京都江東区南砂4-3-22,35.674162,139.827373,江東区,東京都,江東区,公共施設一覧,https://www.opendata.metro.tokyo.lg.jp/koto/131083_001_public_facility.csv,クリエイティブ・コモンズ 表示（CC BY）
富岡区民館,東京都江東区富岡1-16-12,35.671785,139.798591,江東区,東京都,江東区,公共施設一覧,https://www.opendata.metro.tokyo.lg.jp/koto/131083_001_public_facility.csv,クリエイティブ・コモンズ 表示（CC BY）
枝川区民館,東京都江東区枝川3-6-16,35.658523,139.810294,江東区,東京都,江東区,公共施設一覧,https://www.opendata.metro.tokyo.lg.jp/koto/131083_001_public_facility.csv,クリエイティブ・コモンズ 表示（CC BY）
小松橋区民館,東京都江東区扇橋2-1-5,35.682694,139.814281,江東区,東京都,江東区,公共施設一覧,https://www.opendata.metro.tokyo.lg.jp/koto/131083_001_public_facility.csv,クリエイティブ・コモンズ 表示（CC BY）
東陽区民館,東京都江東区東陽3-1-2,35.668629,139.808576,江東区,東京都,江東区,公共施設一覧,https://www.opendata.metro.tokyo.lg.jp/koto/131083_001_public_facility.csv,クリエイティブ・コモンズ 表示（CC BY）
砂町区民館,東京都江東区北砂4-7-3,35.677468,139.828457,江東区,東京都,江東区,公共施設一覧,https://www.opendata.metro.tokyo.lg.jp/koto/131083_001_public_facility.csv,クリエイティブ・コモンズ 表示（CC BY）
南砂区民館,東京都江東区南砂6-8-3,35.671228,139.834852,江東区,東京都,江東区,公共施設一覧,https://www.opendata.metro.tokyo.lg.jp/koto/131083_001_public_facility.csv,クリエイティブ・コモンズ 表示（CC BY）
総合区民センター防災倉庫,東京都江東区大島4-5-1総合区民センター3階,35.589152,139.826969,江東区,東京都,江東区,公共施設一覧,https://www.opendata.metro.tokyo.lg.jp/koto/131083_001_public_facility.csv,クリエイティブ・コモンズ 表示（CC BY）
