全国地方公共団体コード,ID,都道府県,市区町村名,名称,名称_カナ,設置目的,実施支援の主な区分,住所,方書,緯度,経度,URL,法人番号,運営団体名,開催頻度,開催曜日,開催日,開催開始時間,開催終了時間,開催日時特記事項,参加条件,参加費_幼児,参加費_小学生,参加費_中学生,参加費_高校生,参加費_大人,参加費特記事項,予約方法,予約特記事項,定員,フードパントリー実施,テイクアウト実施,学区,ネットワークの加入,追加情報NO,画像,画像_ライセンス,備考,_自治体名,_データセット名,_ライセンス,_取得元URL
132080,1,東京都,調布市,緑ヶ丘こどもフリースペースごりら,ミドリガオカコドモフリースペースゴリラ,,,東京都調布市緑ヶ丘2-18-49,緑ヶ丘地域福祉センター,35.669415,139.583878,,,,,,,,,,,,,,,,,,,,,,,,,,,,調布市,子ども食堂一覧,クリエイティブ・コモンズ 表示（CC BY）,https://www.opendata.metro.tokyo.lg.jp/chofu/132080_chofushi_kodomosyokudo.csv
132080,2,東京都,調布市,みんな食堂「仙川スープ」,ミンナショクドウセンガワスープ,,,東京都調布市仙川町1-19-10,POSTO,35.662037,139.58577,https://motion-gallery.net/projects/sengawasoup,,,,,,,,,,,,,,,,,,,,,,,,,,,調布市,子ども食堂一覧,クリエイティブ・コモンズ 表示（CC BY）,https://www.opendata.metro.tokyo.lg.jp/chofu/132080_chofushi_kodomosyokudo.csv
132080,3,東京都,調布市,坂の上のばあちゃん家,サカノウエノバアチャンチ,,,東京都調布市入間町3-22-5,入間町地域密着型認知症デイサービスぷちぽあん,35.64642,139.587921,http://lin.ee/mAOvjkU,,,,,,,,,,,,,,,,,,,,,,,,,,,調布市,子ども食堂一覧,クリエイティブ・コモンズ 表示（CC BY）,https://www.opendata.metro.tokyo.lg.jp/chofu/132080_chofushi_kodomosyokudo.csv
132080,4,東京都,調布市,つつじヶ丘こども食堂,ツツジガオカコドモショクドウ,,,東京都調布市西つつじヶ丘1-48-24,シェアアパートメント調布,35.662739,139.56781,https://kodomoto154.wordpress.com/,,,,,,,,,,,,,,,,,,,,,,,,,,,調布市,子ども食堂一覧,クリエイティブ・コモンズ 表示（CC BY）,https://www.opendata.metro.tokyo.lg.jp/chofu/132080_chofushi_kodomosyokudo.csv
132080,5,東京都,調布市,子ども食堂深大寺東町,コドモショクドウジンダイジヒガシマチ,,,東京都調布市深大寺東町6-26-15,あいケアデイサービス深大寺,35.67614,139.558228,,,,,,,,,,,,,,,,,,,,,,,,,,,,調布市,子ども食堂一覧,クリエイティブ・コモンズ 表示（CC BY）,https://www.opendata.metro.tokyo.lg.jp/chofu/132080_chofushi_kodomosyokudo.csv
132080,6,東京都,調布市,ハナこども食堂,ハナコドモショクドウ,,,東京都調布市深大寺東町7-23-2,野ヶ谷ふれあいの家,35.676304,139.55867,https://instagram.com/hanakidspark?igshid=YmMyMTA2M2Y=,,,,,,,,,,,,,,,,,,,,,,,,,,,調布市,子ども食堂一覧,クリエイティブ・コモンズ 表示（CC BY）,https://www.opendata.metro.tokyo.lg.jp/chofu/132080_chofushi_kodomosyokudo.csv
132080,7,東京都,調布市,絵堂なかよし子ども食堂,エドウナカヨシコドモショクドウ,,,東京都調布市深大寺南町5-9,絵堂なかよし広場,35.666481,139.557556,,,,,,,,,,,,,,,,,,,,,,,,,,,,調布市,子ども食堂一覧,クリエイティブ・コモンズ 表示（CC BY）,https://www.opendata.metro.tokyo.lg.jp/chofu/132080_chofushi_kodomosyokudo.csv
132080,8,東京都,調布市,しばさき彩こども食堂,シバサキアヤコドモショクドウ,,,東京都調布市柴崎1-64-9,しばさき彩ステーション,35.657196,139.565247,https://shibasaki-irodori-station.jimdofree.com,,,,,,,,,,,,,,,,,,,,,,,,,,,調布市,子ども食堂一覧,クリエイティブ・コモンズ 表示（CC BY）,https://www.opendata.metro.tokyo.lg.jp/chofu/132080_chofushi_kodomosyokudo.csv
132080,9,東京都,調布市,さくら子育てステーション,サクラコソダテステーション,,,東京都調布市八雲台1-22-1,八雲台クリーンハイム103 家庭的保育事業施設たんぽぽ,35.654781,139.553162,http://tanpopo-hoiku.jp/,,,,,,,,,,,,,,,,,,,,,,,,,,,調布市,子ども食堂一覧,クリエイティブ・コモンズ 表示（CC BY）,https://www.opendata.metro.tokyo.lg.jp/chofu/132080_chofushi_kodomosyokudo.csv
132080,10,東京都,調布市,かしわの食堂（まい・夢）,カシワノショクドウマイム,,,東京都調布市佐須町2-18-1,祇園寺,35.659374,139.55545,,,,,,,,,,,,,,,,,,,,,,,,,,,,調布市,子ども食堂一覧,クリエイティブ・コモンズ 表示（CC BY）,https://www.opendata.metro.tokyo.lg.jp/chofu/132080_chofushi_kodomosyokudo.csv
132080,11,東京都,調布市,深大寺カフェ子ども食堂,ジンダイジカフェコドモショクドウ,,,東京都調布市深大寺元町1-11-1,深大にぎわいの里1F 深大寺カフェ,35.662521,139.547806,https://jindaijicafe.jimdofree.com/,,,,,,,,,,,,,,,,,,,,,,,,,,,調布市,子ども食堂一覧,クリエイティブ・コモンズ 表示（CC BY）,https://www.opendata.metro.tokyo.lg.jp/chofu/132080_chofushi_kodomosyokudo.csv
132080,12,東京都,調布市,そらなかBASE,ソラナカベース,,,東京都調布市深大寺元町1-11-1 2F-17,紗ら+,35.662521,139.547806,https://sorakanabase.net/,,,,,,,,,,,,,,,,,,,,,,,,,,,調布市,子ども食堂一覧,クリエイティブ・コモンズ 表示（CC BY）,https://www.opendata.metro.tokyo.lg.jp/chofu/132080_chofushi_kodomosyokudo.csv
132080,13,東京都,調布市,まごじば,マゴジバ,,,東京都調布市国領町1-7-1,国領神社,35.652878,139.552765,,,,,,,,,,,,,,,,,,,,,,,,,,,,調布市,子ども食堂一覧,クリエイティブ・コモンズ 表示（CC BY）,https://www.opendata.metro.tokyo.lg.jp/chofu/132080_chofushi_kodomosyokudo.csv
132080,14,東京都,調布市,こくりょう子ども食堂わいわい,コクリョウコドモショクドウワイワイ,,,東京都調布市国領町3-8-15,くすのきアパート「集会室」,35.650097,139.560684,https://k-k-s-waiwai.jimdofree.com,,,,,,,,,,,,,,,,,,,,,,,,,,,調布市,子ども食堂一覧,クリエイティブ・コモンズ 表示（CC BY）,https://www.opendata.metro.tokyo.lg.jp/chofu/132080_chofushi_kodomosyokudo.csv
132080,15,東京都,調布市,二小地区もりあげ隊,ニショウチクウモリアゲタイ,,,東京都調布市国領町5-76-3,布田駅南ふれあいの家,35.648472,139.551697,https://docs.google.com/forms/w5miSYj3gTYKRe4K7,,,,,,,,,,,,,,,,,,,,,,,,,,,調布市,子ども食堂一覧,クリエイティブ・コモンズ 表示（CC BY）,https://www.opendata.metro.tokyo.lg.jp/chofu/132080_chofushi_kodomosyokudo.csv
132080,16,東京都,調布市,ウナパウザ,ウナパウザ,,,東京都調布市染地3-8-26,染地ふれあいの家,35.637943,139.557281,https://docs.google.com/forms/SqrR5TnJiRcV75K39,,,,,,,,,,,,,,,,,,,,,,,,,,,調布市,子ども食堂一覧,クリエイティブ・コモンズ 表示（CC BY）,https://www.opendata.metro.tokyo.lg.jp/chofu/132080_chofushi_kodomosyokudo.csv
132080,17,東京都,調布市,みさとや子ども食堂,ミサトヤコドモショクドウ,,,東京都調布市布田2-2-6,野菜食堂みさと屋,35.653828,139.547974,http://www.jca.apc.org/~misatoya/index.html,,,,,,,,,,,,,,,,,,,,,,,,,,,調布市,子ども食堂一覧,クリエイティブ・コモンズ 表示（CC BY）,https://www.opendata.metro.tokyo.lg.jp/chofu/132080_chofushi_kodomosyokudo.csv
132080,18,東京都,調布市,ちょうふ子ども食堂,チョウフコドモショクドウ,,,東京都調布市布田2-5-4,居酒屋はまどおり,35.653576,139.548935,https://www.facebook.com/chofukodomoshokudo,,,,,,,,,,,,,,,,,,,,,,,,,,,調布市,子ども食堂一覧,クリエイティブ・コモンズ 表示（CC BY）,https://www.opendata.metro.tokyo.lg.jp/chofu/132080_chofushi_kodomosyokudo.csv
132080,19,東京都,調布市,ハッピーこども食堂,ハッピーコドモショクドウ,,,東京都調布市布田5-32-3,布田南部自治会館,35.646111,139.544998,https://happy-usako.jp,,,,,,,,,,,,,,,,,,,,,,,,,,,調布市,子ども食堂一覧,クリエイティブ・コモンズ 表示（CC BY）,https://www.opendata.metro.tokyo.lg.jp/chofu/132080_chofushi_kodomosyokudo.csv
132080,20,東京都,調布市,電気通信大学こども食堂,デンキツウシンダイガクコドモショクドウ,,,東京都調布市調布ヶ丘1-5-1,電気通信大学,35.657433,139.544327,https://www.uec.ac.jp/news/announcement/...,,,,,,,,,,,,,,,,,,,,,,,,,,,調布市,子ども食堂一覧,クリエイティブ・コモンズ 表示（CC BY）,https://www.opendata.metro.tokyo.lg.jp/chofu/132080_chofushi_kodomosyokudo.csv
132080,21,東京都,調布市,こども食堂かくしょうじ,コドモショクドウカクショウジ,,,東京都調布市富士見町1-35-5,覚證寺,35.66021,139.537399,https://syokudou.kakushoji.or.jp,,,,,,,,,,,,,,,,,,,,,,,,,,,調布市,子ども食堂一覧,クリエイティブ・コモンズ 表示（CC BY）,https://www.opendata.metro.tokyo.lg.jp/chofu/132080_chofushi_kodomosyokudo.csv
132080,22,東京都,調布市,富士見あおぞら子ども食堂,フジミアオゾラコドモショクドウ,,,東京都調布市富士見町2-13-5,コープ調布B棟集会室,35.658703,139.542252,https://www.instagram.com/fujimiaozora,,,,,,,,,,,,,,,,,,,,,,,,,,,調布市,子ども食堂一覧,クリエイティブ・コモンズ 表示（CC BY）,https://www.opendata.metro.tokyo.lg.jp/chofu/132080_chofushi_kodomosyokudo.csv
132080,23,東京都,調布市,特定非営利活動法人フードバンク調布,トクテイヒエイリカツドウホウジンフードバンクチョウフ,,,東京都調布市富士見町1-37-9,サレジオ修道会ユースセンター1階,35.660427,139.538177,https://sites.google.com/view/foodbankchofu/,,,,,,,,,,,,,,,,,,,,,,,,,,,調布市,子ども食堂一覧,クリエイティブ・コモンズ 表示（CC BY）,https://www.opendata.metro.tokyo.lg.jp/chofu/132080_chofushi_kodomosyokudo.csv
132080,24,東京都,調布市,風のテーブル,カゼノテーブル,,,東京都調布市上石原1-36-7,こひつじ舎,35.659058,139.532516,https://sudachikai.eco.to/kohitsujiya/,,,,,,,,,,,,,,,,,,,,,,,,,,,調布市,子ども食堂一覧,クリエイティブ・コモンズ 表示（CC BY）,https://www.opendata.metro.tokyo.lg.jp/chofu/132080_chofushi_kodomosyokudo.csv
132080,25,東京都,調布市,子ども食堂かみいしわらたんぽぽ,コドモショクドウカミイシワラタンポポ,,,東京都調布市上石原3-21-6,西部公民館,35.653053,139.522293,https://instagram.com/kamiisiwaratanpopo?igshid=,,,,,,,,,,,,,,,,,,,,,,,,,,,調布市,子ども食堂一覧,クリエイティブ・コモンズ 表示（CC BY）,https://www.opendata.metro.tokyo.lg.jp/chofu/132080_chofushi_kodomosyokudo.csv
132152,000000000002,東京都,国立市,おいでよ。ごはんや,オイデヨゴハンヤ,,,東京都国立市富士見台1-17-8,,35.68161091,139.4472612,,,おいでよ。ごはんや,2,金土日,,18:30,20:00,,,100,100,100,100,,大人はカンパ,電話,,10,,1,,,,,,,国立市,子ども食堂一覧,クリエイティブ・コモンズ 表示（CC BY）,https://www.opendata.metro.tokyo.lg.jp/kunitachi/132152_kunitachishi_kodomosyokudo.csv
132152,000000000003,東京都,国立市,カサムシカ子ども食堂,カサムシカコドモショクドウ,,,東京都国立市中 3-5-60,,35.68929325,139.4424981,,,ワーカーズ・まちの縁がわ国立,3,土,,11:30,13:00,,,0,0,0,0,300,,電話,,35,,1,,,,,,,国立市,子ども食堂一覧,クリエイティブ・コモンズ 表示（CC BY）,https://www.opendata.metro.tokyo.lg.jp/kunitachi/132152_kunitachishi_kodomosyokudo.csv
132152,000000000004,東京都,国立市,たまご（多孫・他孫）食堂,タマゴショクドウ,,,東京都国立市中2-10-7,,35.69293411,139.4394076,https://www.facebook.com/nakanakaiikai/,,なかなかいいね！プロジェクト「なかなかいい会」,4,日,,11:30,13:30,,,0,0,0,0,500,,LINE,,90,,1,,,,,,,国立市,子ども食堂一覧,クリエイティブ・コモンズ 表示（CC BY）,https://www.opendata.metro.tokyo.lg.jp/kunitachi/132152_kunitachishi_kodomosyokudo.csv
132152,000000000005,東京都,国立市,おいしいじかん,オイシイジカン,,,東京都国立市富士見台2-39-1,,35.68761301,139.4438361,,,おいしいじかん,5,水,,17:00,18:30,,,0,0,0,0,300,,,,130,,1,,,,,,,国立市,子ども食堂一覧,クリエイティブ・コモンズ 表示（CC BY）,https://www.opendata.metro.tokyo.lg.jp/kunitachi/132152_kunitachishi_kodomosyokudo.csv
132152,000000000006,東京都,国立市,きたまち学☆食,キタマチガクショク,,学習支援,東京都国立市北3-23-1,,35.70110454,139.4303275,,,Rittou CAMP,7,,,,,,対象は子どものみ,0,0,0,0,,,,,25,,1,,,,,,,国立市,子ども食堂一覧,クリエイティブ・コモンズ 表示（CC BY）,https://www.opendata.metro.tokyo.lg.jp/kunitachi/132152_kunitachishi_kodomosyokudo.csv
132152,000000000007,東京都,国立市,ハートフルくにたち食堂,ハートフルクニタチショクドウ,,,東京都国立市東 3-18-32,,35.69164296,139.4547772,,9012805003226,NPO法人フードバンクくにたち,4,日,,11:00,13:00,,,0,0,0,0,100,,HP,,100,1,1,,,,,,,国立市,子ども食堂一覧,クリエイティブ・コモンズ 表示（CC BY）,https://www.opendata.metro.tokyo.lg.jp/kunitachi/132152_kunitachishi_kodomosyokudo.csv
132152,000000000008,東京都,国立市,ぐるぐる食堂,グルグルショクドウ,,,東京都国立市富士見台1-8-38,,35.68347175,139.4490542,,,ぐるぐる食堂,4,日,,11:30,14:00,,,0,0,0,0,300,,,,40,,,,,,,,,国立市,子ども食堂一覧,クリエイティブ・コモンズ 表示（CC BY）,https://www.opendata.metro.tokyo.lg.jp/kunitachi/132152_kunitachishi_kodomosyokudo.csv
132152,000000000010,東京都,国立市,SOMPO流子ども食堂,ソンポリュウコドモショクドウ,,,東京都国立市青柳1-21-14,,35.68362927,139.4256635,,,SOMPOケア株式会社,5,土,,13:00,15:00,,,0,0,0,0,300,,,,10,,,,,,,,,国立市,子ども食堂一覧,クリエイティブ・コモンズ 表示（CC BY）,https://www.opendata.metro.tokyo.lg.jp/kunitachi/132152_kunitachishi_kodomosyokudo.csv
132152,000000000011,東京都,国立市,くにちゃん食堂,クニチャンショクドウ,,,東京都国立市富士見台4-10-1,,35.68579502,139.4318817,,,医療法人社団つくし会,5,日,,11:30,13:00,,,0,0,0,0,300,,,,10,,,,,,,,,国立市,子ども食堂一覧,クリエイティブ・コモンズ 表示（CC BY）,https://www.opendata.metro.tokyo.lg.jp/kunitachi/132152_kunitachishi_kodomosyokudo.csv
132152,000000000012,東京都,国立市,矢川の子がも食堂,ヤガワノコガモショクドウ,,,東京都国立市富士見台4-17-65,,35.68549131,139.4300278,,,ほっと！フードサポート 矢川,5,,,12:00,13:00,,,0,0,0,0,300,,,,30,,,,,,,,,国立市,子ども食堂一覧,クリエイティブ・コモンズ 表示（CC BY）,https://www.opendata.metro.tokyo.lg.jp/kunitachi/132152_kunitachishi_kodomosyokudo.csv
,7,,,,,,,東京都国立市泉2－3－2 1号棟,,35.674431,139.431137,,,,,,,11:00,13:00,,,0,0,0,0,100,,HP,,100,,,,,,,,,国立市,子ども食堂一覧,クリエイティブ・コモンズ 表示（CC BY）,https://www.opendata.metro.tokyo.lg.jp/kunitachi/132152_kunitachishi_kodomosyokudo_tsuika.csv
,10,,,,,,,東京都国立市富士見台3－35－3,,35.68515,139.433563,,,,,,,13:00,15:00,,,0,0,0,0,300,,,,10,,,,,,,,,国立市,子ども食堂一覧,クリエイティブ・コモンズ 表示（CC BY）,https://www.opendata.metro.tokyo.lg.jp/kunitachi/132152_kunitachishi_kodomosyokudo_tsuika.csv
131202,1,東京都,練馬区,大泉まちの子ども食堂,オオイズミマチノコドモショクドウ,,,東京都練馬区大泉学園町5-6-17,まちの駅大泉学園,35.766113,139.586777,https://www.facebook.com/まちの駅大泉学園-518954241505597/,,NPO法人まちの駅大泉学園,1,土,,12:00,,,特例としてお弁当での提供の時もあります。,,,,,,料金：子ども：100円 付添いの大人：200円,,,,,,,,,,,,練馬区,子ども食堂一覧,クリエイティブ・コモンズ 表示（CC BY）,https://www.opendata.metro.tokyo.lg.jp/nerima/131202_nerimaku_kodomosyokudo.csv
131202,2,東京都,練馬区,おおいずみ子ども食堂,オオイズミコドモショクドウ,,,東京都練馬区東大泉5‐35‐12,NPO法人おちゃ福,35.747997,139.589615,,,おおいずみ子ども食堂,1,土,,17:30,,,,0,0,0,0,300,お弁当形式で提供,電話かSMS,,,,1,,,,,,,練馬区,子ども食堂一覧,クリエイティブ・コモンズ 表示（CC BY）,https://www.opendata.metro.tokyo.lg.jp/nerima/131202_nerimaku_kodomosyokudo.csv
131202,3,東京都,練馬区,子ども交流食堂たまっこ,コドモコウリュウショクドウタマッコ,,,東京都練馬区豊玉中3-3-12,社会福祉法人 奉優会　練馬区立はつらつセンター豊玉,35.732212,139.655212,https://www.foryou.or.jp/corp2/toyotama/,,練馬区立はつらつセンター豊玉（社会福祉法人 奉優会）,1,土,,17:45,,変更の場合あり、要問合せ,,,,,,,料金：16歳未満：無料　16歳以上：200円,,,30,,,,,,,,,練馬区,子ども食堂一覧,クリエイティブ・コモンズ 表示（CC BY）,https://www.opendata.metro.tokyo.lg.jp/nerima/131202_nerimaku_kodomosyokudo.csv
131202,4,東京都,練馬区,桜台子育て応援食堂,サクラダイコソダテオウエンショクドウ,,,東京都練馬区豊玉北１-12-３,東京子ども子育て応援団,35.734505,139.668793,http://kodomoshokudo.com　https://cfs.tokyo,,公益社団法人東京子ども子育て応援団桜台子育て応援食堂事務局,2,火,,17:30,19:30,食堂休業中,パントリー（食品に困窮されている子育て家庭全般対象）無料ですが、三密回避のため事前申込み等が必要です。https://cfs.tokyoのHPから申込みをお願いします。,,,,,,子ども・保護者：無料、その他：300円,,初回のみネットから利用登録,,1,,,,,,,,練馬区,子ども食堂一覧,クリエイティブ・コモンズ 表示（CC BY）,https://www.opendata.metro.tokyo.lg.jp/nerima/131202_nerimaku_kodomosyokudo.csv
131202,5,東京都,練馬区,石神井ゆうやけ子ども食堂,シャクジイユウヤケコドモショクドウ,,,東京都練馬区石神井町1-24-6原田ビル3階,なゆたふらっと,35.742867,139.608002,http://nayutaflat3.blogspot.com/,,石神井ゆうやけ子ども食堂（フリースペースなゆたふらっと）,2,金日,,18:00,20:00,,地域の人の居場所として多くの人に開放しています。,0,0,0,0,300,特例あり,メールまたは電話,当日17:00時までに事前予約,,,,,,,,,,練馬区,子ども食堂一覧,クリエイティブ・コモンズ 表示（CC BY）,https://www.opendata.metro.tokyo.lg.jp/nerima/131202_nerimaku_kodomosyokudo.csv
131202,6,東京都,練馬区,太陽の子東大泉保育園こども食堂,タイヨウノコヒガシオオイズミホイクエンコドモショクドウ,,,東京都練馬区東大泉2-9-16,太陽の子 東大泉保育園,35.751606,139.593582,https://www.kidslifenursery.com/base/nerima/higashioizumi/,,ＨＩＴＯＷＡキッズライフ株式会社,1,木,,17:30,19:00,休止中,未就学児や小学生と、その保護者が対象です。小学生が1人でも入れる食堂ですが、お迎えは保護者または指定の方でお願いします。,100,100,100,100,300,,電話,前日17:00までに事前予約（電話）,,,,,,,,,,練馬区,子ども食堂一覧,クリエイティブ・コモンズ 表示（CC BY）,https://www.opendata.metro.tokyo.lg.jp/nerima/131202_nerimaku_kodomosyokudo.csv
131202,7,東京都,練馬区,てへっ！こども食堂,テヘッ！コドモショクドウ,,,東京都練馬区高松4-1-28むつみ荘,てへっ！こども食堂および事業所,35.751556,139.633133,https://twitter.com/nerima_tehe ,,一般社団法人地域けあサポート４７,2,水日,,,,夏季（4月～10月）17:00~19:00　冬季（11月～3月）16:00~18:00　※諸状況により開催日程・頻度・時間など変更があります。,どなた（年齢その他無関係に）でもご利用できます。,,,,,,200円/食：中学生以下のお子様　350円/食：中学生以下のお子様の保護者、高校生、大学生、  60歳以上の高齢者　500円/食：その他の方 ※ご寄付食も可能です。お弁当箱代実費：初回のみ200円/人(2箱分)　従来の「紙製使い捨てお弁当箱」を廃止し、新たにお弁当箱を提供します。再利用可能なお弁当箱を提供し、次回時に洗ってご返却いただくスタイルです。,,当日11:00まで事前予約（電話）,,,,,,,,,,練馬区,子ども食堂一覧,クリエイティブ・コモンズ 表示（CC BY）,https://www.opendata.metro.tokyo.lg.jp/nerima/131202_nerimaku_kodomosyokudo.csv
131202,8,東京都,練馬区,どんぐりの家こども食堂,ドングリノイエコドモショクドウ,,,東京都練馬区土支田2-22-15,どんぐりの家,35.7626,139.614105,https://www.facebook.com/dongurinoie.doshida/,,どんぐりの家,2,水土,,11:30,14:00,,子ども・大人・障害の有無問わず、どなたでも利用できます。,200,200,200,200,600,,,事前予約必要,,,,,,,,,学習支援：毎週水曜15:00-18:00※要問合せ,練馬区,子ども食堂一覧,クリエイティブ・コモンズ 表示（CC BY）,https://www.opendata.metro.tokyo.lg.jp/nerima/131202_nerimaku_kodomosyokudo.csv
131202,9,東京都,練馬区,ねりまこども食堂,ネリマコドモショクドウ,,,東京都練馬区谷原1-3-7,真宗会館2階食堂,35.748974,139.624619,http://nerima-kodomo.net,,認定NPO法人ねりまこども食堂,2,月,,18:00,20:00,,困難を抱える家庭の親子を対象としています。,0,0,0,0,300,,,,,1,,,,,,,,練馬区,子ども食堂一覧,クリエイティブ・コモンズ 表示（CC BY）,https://www.opendata.metro.tokyo.lg.jp/nerima/131202_nerimaku_kodomosyokudo.csv
131202,10,東京都,練馬区,練馬地域ふれあい食堂,ネリマチイキフレアイショクドウ,,,東京都練馬区練馬4-2-3,厚生文化会館 ,35.740055,139.650223,,,NPO法人練馬人権センター部落解放同盟練馬支部,1,水,,18:00,20:00,,近隣の方対象。一人暮らし高齢者等福祉的支援を必要とする方も可。,0,0,0,0,300,,,開催日の2日前までに事前予約必要,,,,,,,,,,練馬区,子ども食堂一覧,クリエイティブ・コモンズ 表示（CC BY）,https://www.opendata.metro.tokyo.lg.jp/nerima/131202_nerimaku_kodomosyokudo.csv
131202,11,東京都,練馬区,ハッピーお茶家ころころ,ハッピーオチャヤコロコロ,,,東京都練馬区東大泉1-15-10,ハッピーお茶家ころころ,35.748013,139.592773,https://happyhiroba.wixsite.com/mysite,,NPO法人ハッピーひろば,3,火日,,16:30,18:30,毎月第1日曜は12:00~14:00,小学生のみで利用可（初回、保護者同伴で承認が必要）。低学年で一人での利用に際してのお迎えは、保護者または指定の方でお願いします。,0,100,100,200,300,,,事前予約必要,,,,,,,,,,練馬区,子ども食堂一覧,クリエイティブ・コモンズ 表示（CC BY）,https://www.opendata.metro.tokyo.lg.jp/nerima/131202_nerimaku_kodomosyokudo.csv
131202,12,東京都,練馬区,光が丘サンサン食堂,ヒカリガオカサンサンショクドウ,,,東京都練馬区光が丘3-9-3-206南外階段2F,NPOむすび,35.757977,139.625824,https://www.instagram.com/sunsunkodomosyokudo,,光が丘サンサンこども食堂,1,金,,17:00,19:30,毎月第４または第５金曜日,,0,0,0,0,300,応相談,,なるべく事前予約必要,,,,,,,,,,練馬区,子ども食堂一覧,クリエイティブ・コモンズ 表示（CC BY）,https://www.opendata.metro.tokyo.lg.jp/nerima/131202_nerimaku_kodomosyokudo.csv
131202,13,東京都,練馬区,ふろしきこども食堂,フロシキコドモショクドウ,,,東京都練馬区向山2-3-7,ふろしき1階,35.739269,139.644501,,,認定NPO法人アビリティクラブたすけあい練馬たすけあいワーカーズふろしき,1,日,,11:00,12:00,,,0,0,0,0,300,,,開催日の2日前までに事前予約必要,20,,,,,,,,,練馬区,子ども食堂一覧,クリエイティブ・コモンズ 表示（CC BY）,https://www.opendata.metro.tokyo.lg.jp/nerima/131202_nerimaku_kodomosyokudo.csv
131202,14,東京都,練馬区,みんなン家,ミンナンチ,,,東京都練馬区光が丘２-４-10　※開催場所と事務局の場所が異なりますので、郵送等を検討される場合はまず問い合わせ先までご連絡ください。,光が丘福祉園,35.763229,139.631653,,,みんなン家,1,土,,12:00,14:00,,食堂は光が丘2丁目住民を対象に開催しています。必要な方は、他地域からでも参加可能です。,100,100,100,100,300,保護者：200円,,事前予約必要,,1,,,,,,,,練馬区,子ども食堂一覧,クリエイティブ・コモンズ 表示（CC BY）,https://www.opendata.metro.tokyo.lg.jp/nerima/131202_nerimaku_kodomosyokudo.csv
131202,15,東京都,練馬区,みんなの食堂すまいる,ミンナノショクドウスマイル,,,東京都練馬区石神井町3-2-8レイクサイド石神井公園1F ,みんなのカフェ すまいる-VIVIFY,35.740135,139.606415,,,社会福祉法人未来こどもランド,1,水,,17:30,19:30,1回目17:30~18:30 2回目18:30~19:30,,,,,,,18歳以下：100円 19歳以上：300円,,事前予約必要,20,,,,,,,,,練馬区,子ども食堂一覧,クリエイティブ・コモンズ 表示（CC BY）,https://www.opendata.metro.tokyo.lg.jp/nerima/131202_nerimaku_kodomosyokudo.csv
131202,16,東京都,練馬区,らくぜん子ども食堂,ラクゼンコドモショクドウ,,,東京都練馬区旭町1-31-4,NPO法人楽膳倶楽部,35.765297,139.624847,http://www.rakuzenkurabu.jp,,NPO法人楽膳倶楽部,1,日,,11:30,13:30,,コロナ感染症予防のため現在はお弁当配布、予約制で行っています。,200,200,200,200,200,,Googleフォーム,開催日の1週間前に募集を始めます。,,,,,,,,,,練馬区,子ども食堂一覧,クリエイティブ・コモンズ 表示（CC BY）,https://www.opendata.metro.tokyo.lg.jp/nerima/131202_nerimaku_kodomosyokudo.csv
131202,17,東京都,練馬区,ぼっとうよはくラボのこどもとおとな食堂,ボットウヨハクラボノコドモトオトナショクドウ,,,東京都練馬区旭丘1-65-18旭丘ダイヤモンドビル202,ぼっとう＆よはく,35.735977,139.673004,https://labo.bottou489.com/,,ぼっとうよはくラボ,1,日,,12:00,17:00,,,0,0,0,0,,子ども：無料 大人：カンパ制,,参加時間の連絡があると助かる。,25,,,,,,,,,練馬区,子ども食堂一覧,クリエイティブ・コモンズ 表示（CC BY）,https://www.opendata.metro.tokyo.lg.jp/nerima/131202_nerimaku_kodomosyokudo.csv
131202,18,東京都,練馬区,長さんこども食堂,チョウサンコドモショクドウ,,,東京都練馬区大泉町2-54-9,ビストロ ケネス,35.761738,139.607437,,,長さんこども食堂,1,火,,17:00,20:00,,小学生のお子様のお迎えは、20:00までにお願いします。,0,0,0,0,300,,,事前予約必要,20,,,,,,,,,練馬区,子ども食堂一覧,クリエイティブ・コモンズ 表示（CC BY）,https://www.opendata.metro.tokyo.lg.jp/nerima/131202_nerimaku_kodomosyokudo.csv
131202,19,東京都,練馬区,旭町こども食堂ニコ,アサヒチョウコドモショクドウニコ,,,東京都練馬区旭町 3-26-7柴崎ビル1階 ,旭町こども食堂ニコ 事務所,35.776901,139.628525,https://twitter.com/nikokids2022,,旭町こども食堂ニコ,1,水,,17:30,20:00,,,100,100,100,100,300,,,混雑状況によってご案内できない可能性あるため、連絡あると助かる。,,,,,,,,,,練馬区,子ども食堂一覧,クリエイティブ・コモンズ 表示（CC BY）,https://www.opendata.metro.tokyo.lg.jp/nerima/131202_nerimaku_kodomosyokudo.csv
131202,20,東京都,練馬区,こども食堂バァバんち,コドモショクドウバァバンチ,,,東京都練馬区中村１-8-2-7,こども食堂バァバんち,35.732155,139.647797,https://www.wixwp.net,,特定非営利活動法人こども食堂バァバんち,8,月金,,,,11:30 ~14:00、16:00~19:00,,0,0,0,0,300,,,,,,,,,,,,,練馬区,子ども食堂一覧,クリエイティブ・コモンズ 表示（CC BY）,https://www.opendata.metro.tokyo.lg.jp/nerima/131202_nerimaku_kodomosyokudo.csv
131202,21,東京都,練馬区,こども食堂ぽてと,コドモショクドウポテト,,,東京都練馬区練馬4-10-14総建メゾン三幸102,こども食堂ぽてと,35.742386,139.647491,https://www.potato.or.jp,,NPO法人保育サービスぽてと,1,火,,17:30,19:15,,孤食をしている小学生、中学生が対象で、事前に保護者の申し込み・同意書が必要です,,0,0,,300,,,事前に保護者の申し込み・同意書が必要です。初回のみ予約必要。,20,,,,,,,,,練馬区,子ども食堂一覧,クリエイティブ・コモンズ 表示（CC BY）,https://www.opendata.metro.tokyo.lg.jp/nerima/131202_nerimaku_kodomosyokudo.csv
131202,22,東京都,練馬区,みさよ子ども食堂,ミサヨコドモショクドウ,,,東京都練馬区土支田3-27-27,みさよはうす土支田,35.761559,139.607727,,,社会福祉法人シルヴァーウィング特別養護老人ホームみさよはうす土支田,1,土,,12:30,14:00,,近隣居住の小学生を対象としています,,0,,,,,,※開催週の水曜日までにご連絡をお願いします,6,,,,,,,,,練馬区,子ども食堂一覧,クリエイティブ・コモンズ 表示（CC BY）,https://www.opendata.metro.tokyo.lg.jp/nerima/131202_nerimaku_kodomosyokudo.csv
131202,23,東京都,練馬区,ＳＯＭＰＯ流こども食堂そんぽの家Ｓ江古田,ソンポリュウコドモショクドウソンポノイエSエコダ,,,東京都練馬区旭丘2-5-2,そんぽの家Ｓ江古田食堂,35.734161,139.678192,https://www.sompocare.com/service/home/satsuki/H000355,,ＳＯＭＰＯケア そんぽの家Ｓ江古田,1,土,,13:00,,,,,,,,,17歳以下の方：無料 18歳以上の付き添い方：1人300円(税込み),,事前予約必要,,,,,,,,,,練馬区,子ども食堂一覧,クリエイティブ・コモンズ 表示（CC BY）,https://www.opendata.metro.tokyo.lg.jp/nerima/131202_nerimaku_kodomosyokudo.csv
131202,24,東京都,練馬区,ＳＯＭＰＯ流こども食堂そんぽの家Ｓ大泉北,ソンポリュウコドモショクドウソンポノイエSオオイズミキタ,,,東京都練馬区大泉町5-2-5,そんぽの家Ｓ大泉北食堂,35.75819,139.597778,https://www.sompocare.com/service/home/satsuki/H000366,,ＳＯＭＰＯケア そんぽの家Ｓ大泉北,1,土,,11:00,,,,,,,,,17歳以下の方：無料 18歳以上の付き添い方：1人300円(税込み),,事前予約必要,,,,,,,,,,練馬区,子ども食堂一覧,クリエイティブ・コモンズ 表示（CC BY）,https://www.opendata.metro.tokyo.lg.jp/nerima/131202_nerimaku_kodomosyokudo.csv
131202,25,東京都,練馬区,ＳＯＭＰＯ流こども食堂そんぽの家Ｓ上石神井,ソンポリュウコドモショクドウソンポノイエSカミシャクジイ,,,東京都練馬区上石神井2-22-27,そんぽの家Ｓ上石神井食堂,35.726555,139.595245,https://www.sompocare.com/service/home/satsuki/H000409,,ＳＯＭＰＯケア そんぽの家Ｓ上石神井,1,土,,12:30,,,,,,,,,17歳以下の方：無料 18歳以上の付き添い方：1人300円(税込み),,事前予約必要,,,,,,,,,,練馬区,子ども食堂一覧,クリエイティブ・コモンズ 表示（CC BY）,https://www.opendata.metro.tokyo.lg.jp/nerima/131202_nerimaku_kodomosyokudo.csv
131202,26,東京都,練馬区,ＳＯＭＰＯ流こども食堂そんぽの家Ｓ平和台,ソンポリュウコドモショクドウソンポノイエSヘイワダイ,,,東京都練馬区平和台4-9-14,そんぽの家Ｓ平和台食堂,35.756805,139.656815,https://www.sompocare.com/service/home/satsuki/H000419,, ＳＯＭＰＯケア そんぽの家Ｓ平和台,1,土,,11:00,,,,,,,,,17歳以下の方：無料 18歳以上の付き添い方：1人300円(税込み),,事前予約必要,,,,,,,,,,練馬区,子ども食堂一覧,クリエイティブ・コモンズ 表示（CC BY）,https://www.opendata.metro.tokyo.lg.jp/nerima/131202_nerimaku_kodomosyokudo.csv
131202,27,東京都,練馬区,ＳＯＭＰＯ流こども食堂そんぽの家S練馬土支田,ソンポリュウコドモショクドウソンポノイエSネリマドシダ,,,東京都練馬区土支田2-21-3,そんぽの家Ｓ練馬土支田食堂,35.761574,139.614182,https://www.sompocare.com/service/hom/satsuki/H000305,,ＳＯＭＰＯケア そんぽの家Ｓ練馬土支田,1,土,,12:00,,,,,,,,,17歳以下の方：無料 18歳以上の付き添い方：1人300円(税込み),,事前予約必要,,,,,,,,,,練馬区,子ども食堂一覧,クリエイティブ・コモンズ 表示（CC BY）,https://www.opendata.metro.tokyo.lg.jp/nerima/131202_nerimaku_kodomosyokudo.csv
131202,28,東京都,練馬区,ＳＯＭＰＯ流こども食堂そんぽの家石神井公園,ソンポリュウコドモショクドウソンポノイエシャクジイコウエン,,,東京都練馬区石神井町2-34-14,そんぽの家石神井公園食堂,35.748508,139.605255,https://www.sompocare.com/service/home/kaigo/H000259,,ＳＯＭＰＯケア そんぽの家石神井公園,1,土,,11:30,,,,,,,,,17歳以下の方：無料 18歳以上の付き添い方：1人300円(税込み),,事前予約必要,,,,,,,,,,練馬区,子ども食堂一覧,クリエイティブ・コモンズ 表示（CC BY）,https://www.opendata.metro.tokyo.lg.jp/nerima/131202_nerimaku_kodomosyokudo.csv
131202,29,東京都,練馬区,ＳＯＭＰＯ流こども食堂そんぽの家光が丘,ソンポリュウコドモショクドウソンポノイエヒカリガオカ,,,東京都練馬区土支田1-15-16,そんぽの家光が丘食堂,35.7644,139.619583,https://www.sompocare.com/service/home/kaigo/H000162,,ＳＯＭＰＯケア そんぽの家光が丘,1,土,,10:00,,,,,,,,,17歳以下の方：無料 18歳以上の付き添い方：1人300円(税込み),,事前予約必要,,,,,,,,,,練馬区,子ども食堂一覧,クリエイティブ・コモンズ 表示（CC BY）,https://www.opendata.metro.tokyo.lg.jp/nerima/131202_nerimaku_kodomosyokudo.csv
131202,30,東京都,練馬区,ＳＯＭＰＯ流こども食堂そんぽの家氷川台,ソンポリュウコドモショクドウソンポノイエヒカワダイ,,,東京都練馬区氷川台3-2-6,そんぽの家氷川台食堂,35.751732,139.671265,https://www.sompocare.com/service/home/kaigo/H000246,,ＳＯＭＰＯケア そんぽの家氷川台,1,土,,11:00,,,,,,,,,17歳以下の方：無料 18歳以上の付き添い方：1人300円(税込み),,事前予約必要,,,,,,,,,,練馬区,子ども食堂一覧,クリエイティブ・コモンズ 表示（CC BY）,https://www.opendata.metro.tokyo.lg.jp/nerima/131202_nerimaku_kodomosyokudo.csv
131202,31,東京都,練馬区,ＳＯＭＰＯ流こども食堂そんぽの家GH桜台,ソンポリュウコドモショクドウソンポノイエGHサクラダイ,,,東京都練馬区桜台2-29-11,そんぽの家ＧＨ桜台食堂,35.743,139.665405,https://www.sompocare.com/service/home/grouphome/Z000071,,ＳＯＭＰＯケア そんぽの家ＧＨ桜台,1,日,,14:00,,手作りおやつ会です（変更の可能性がありますので、詳しくはご連絡ください）,,,,,,,17歳以下の方：無料 18歳以上の付き添い方：1人300円(税込み),,事前予約必要,,,,,,,,,,練馬区,子ども食堂一覧,クリエイティブ・コモンズ 表示（CC BY）,https://www.opendata.metro.tokyo.lg.jp/nerima/131202_nerimaku_kodomosyokudo.csv
131202,32,東京都,練馬区,ＳＯＭＰＯ流こども食堂ラヴィーレ鷺ノ宮,ソンポリュウコドモショクドウラヴィーレサギノミヤ,,,東京都練馬区中村南3-23-11,ラヴィーレ鷺ノ宮食堂,35.730396,139.638351,https://www.sompocare.com/service/home/kaigo/H000040,,ＳＯＭＰＯケア ラヴィーレ鷺ノ宮,1,土,,11:30,,,,,,,,,17歳以下の方：無料 18歳以上の付き添い方：1人300円(税込み),,事前予約必要,,,,,,,,,,練馬区,子ども食堂一覧,クリエイティブ・コモンズ 表示（CC BY）,https://www.opendata.metro.tokyo.lg.jp/nerima/131202_nerimaku_kodomosyokudo.csv
131202,33,東京都,練馬区,ＳＯＭＰＯ流こども食堂ラヴィーレ練馬,ソンポリュウコドモショクドウラヴィーレネリマ,,,東京都練馬区豊玉中2-27-10,ラヴィーレ練馬食堂,35.730892,139.65773,https://www.sompocare.com/service/home/kaigo/H000086,,ＳＯＭＰＯケア ラヴィーレ練馬,1,土,,12:00,,,,,,,,,17歳以下の方：無料 18歳以上の付き添い方：1人300円(税込み),,事前予約必要,,,,,,,,,,練馬区,子ども食堂一覧,クリエイティブ・コモンズ 表示（CC BY）,https://www.opendata.metro.tokyo.lg.jp/nerima/131202_nerimaku_kodomosyokudo.csv
131202,34,東京都,練馬区,ＳＯＭＰＯ流こども食堂ラヴィーレ南大泉,ソンポリュウコドモショクドウラヴィーレミナミオオイズミ,,,東京都練馬区南大泉2-1-28,ラヴィーレ南大泉食堂,35.736584,139.570892,https://www.sompocare.com/service/home/kaigo/H000081,,ＳＯＭＰＯケア ラヴィーレ南大泉,1,土,,11:00,,,,,,,,,17歳以下の方：無料 18歳以上の付き添い方：1人300円(税込み),,事前予約必要,,,,,,,,,,練馬区,子ども食堂一覧,クリエイティブ・コモンズ 表示（CC BY）,https://www.opendata.metro.tokyo.lg.jp/nerima/131202_nerimaku_kodomosyokudo.csv
131202,35,東京都,練馬区,ＳＯＭＰＯ流こども食堂そんぽの家練馬,ソンポリュウコドモショクドウソンポノイエネリマ,,,東京都練馬区高松3-1-18,そんぽの家練馬食堂,35.745956,139.628738,https://www.sompocare.com/service/home/kaigo/H000458,,ＳＯＭＰＯケア そんぽの家練馬,1,土,,11:00,,,,,,,,,17歳以下の方：無料 18歳以上の付き添い方：1人300円(税込み),,事前予約必要,,,,,,,,,,練馬区,子ども食堂一覧,クリエイティブ・コモンズ 表示（CC BY）,https://www.opendata.metro.tokyo.lg.jp/nerima/131202_nerimaku_kodomosyokudo.csv
131202,36,東京都,練馬区,石神井台かめさん食堂,シャクジイダイカメサンショクドウ,,,東京都練馬区石神井台3-20-9メゾン・ド・クレイン103 ,シェアキッチンR,35.742104,139.591095,https://www.instagram.com/kamesan_shokudo/,,ハカルヒトはかりや,4,火,,17:00,21:00,,,0,0,0,0,,子ども：無料　大人：付き添い方は無料 ※大人単身の方は500円でテイクアウトのみ対応しています,,,50,,,,,,,,,練馬区,子ども食堂一覧,クリエイティブ・コモンズ 表示（CC BY）,https://www.opendata.metro.tokyo.lg.jp/nerima/131202_nerimaku_kodomosyokudo.csv
131202,37,東京都,練馬区,子ども未来食堂,コドモミライショクドウ,,,東京都練馬区羽沢2-5-3,羽沢町会事務所,35.742733,139.670135,https://kodomomirai.tokyo,,NPO法人子ども未来食堂,1,土,,17:00,20:00,,フードパントリー（困窮されている子育て家庭対象）は無料ですが、事前申し込み等が必要です。HPからお問合せください。,,,,,,子ども：無料　大人：付き添い2人目以降500円（大人1人目は無料）,,前日までに事前予約必要,,1,,,,,,,,練馬区,子ども食堂一覧,クリエイティブ・コモンズ 表示（CC BY）,https://www.opendata.metro.tokyo.lg.jp/nerima/131202_nerimaku_kodomosyokudo.csv
131202,38,東京都,練馬区,ねりたか子ども食堂,ネリタカコドモショクドウ,,,東京都練馬区旭町1-12-31,ねりたか ,35.763611,139.624039,,,ねりたか子ども食堂,1,火,,17:00,20:00,変更する場合あり、前日までに要確認,基本的に保護者同伴でお願いします。,100,100,100,100,300,,,事前予約必要,,,,,,,,,,練馬区,子ども食堂一覧,クリエイティブ・コモンズ 表示（CC BY）,https://www.opendata.metro.tokyo.lg.jp/nerima/131202_nerimaku_kodomosyokudo.csv
131202,39,東京都,練馬区,子ども食堂みんないっしょ！,コドモショクドウミンナイッショ,,,東京都練馬区関町北4丁目,※場所の詳細は、080-5011-8082、またはinfo.minnaissho@gmail.comにお問合せください。,35.729553,139.572403,,,ボランティア集団みんないっしょ！,1,日,,12:00,13:30,食事後の13:30~15:00には雑談、ボードゲームなどで交流しています。,,0,100,200,300,300,料金については応相談,,予約のない方は、お断りする場合もあります。,,,,,,,,,,練馬区,子ども食堂一覧,クリエイティブ・コモンズ 表示（CC BY）,https://www.opendata.metro.tokyo.lg.jp/nerima/131202_nerimaku_kodomosyokudo.csv
131202,40,東京都,練馬区,こども食堂in西大泉,コドモショクドウinニシオオイズミ,,,東京都練馬区西大泉4-20-17,サンライズ・サーカス,35.76474,139.574173,https://www.instagram.com/KODOMO.OOIZUMI/,,NPO法人KODOMO.OOIZUMI,1,火,,19:00,20:30,,時間帯が遅いため、近隣の方を対象としています。,0,0,0,300,500,小学4年生以上のお子様は1人で参加できます,,予約優先,,,,,,,,,,練馬区,子ども食堂一覧,クリエイティブ・コモンズ 表示（CC BY）,https://www.opendata.metro.tokyo.lg.jp/nerima/131202_nerimaku_kodomosyokudo.csv
131202,41,東京都,練馬区,こども食堂ゆとろぎ-焼きリンゴ-,コドモショクドウユトロギヤキリンゴ,,,東京都練馬区関町北4-21-61,"住み開き住居""ゆとろぎ""",35.729549,139.572571,,,ゆとろぎ会,1,土,,12:00,13:30,,毎回パンとおかずの食事がでます（ご飯は出ません）。ハラール対応可能（事前予約が必要です）。,0,0,0,0,300,事情がある方応相談,,事前予約必要,10,,,,,,,,,練馬区,子ども食堂一覧,クリエイティブ・コモンズ 表示（CC BY）,https://www.opendata.metro.tokyo.lg.jp/nerima/131202_nerimaku_kodomosyokudo.csv
131202,42,東京都,練馬区,あさひちょうこども食堂,アサヒチョウコドモショクドウ,,,東京都練馬区旭町2-14-18,,35.770611,139.626999,https://www.instagram.com/hikarigaoka2020/,,PONPOKO DESIGN,,,,,,インスタグラムをご覧ください。インスタグラムをやっていない方も、原則アクセスできます。,地域の子どもたちが対象です。大人は同伴の保護者限定です。ボランティアは現在募集していません。,0,0,0,300,300,,,なくなり次第終了,,,,,,,,,,練馬区,子ども食堂一覧,クリエイティブ・コモンズ 表示（CC BY）,https://www.opendata.metro.tokyo.lg.jp/nerima/131202_nerimaku_kodomosyokudo.csv
131202,43,東京都,練馬区,はなことば練馬平和台,ハナコトバネリマヘイワダイ,,,東京都練馬区平和台4-20-3,はなことば練馬平和台食堂,35.759335,139.657166,https://hanakotoba.co.jp/,,プラウドライフ株式会社はなことば練馬平和台,1,土,,10:30,12:30,,10:30~11:30は、施設のイベントにご参加ください。食事の開始は11:30~です。10:30に来られない場合は、途中参加も可能です。（ただし、予約している方に限ります）,0,0,0,0,300,,,当日に予約せずにお越しになった方は、人数制限で食事を提供できない場合があります。,,,,,,,,,,練馬区,子ども食堂一覧,クリエイティブ・コモンズ 表示（CC BY）,https://www.opendata.metro.tokyo.lg.jp/nerima/131202_nerimaku_kodomosyokudo.csv
131202,44,東京都,練馬区,第3育秀苑こども食堂,ダイサンイクシュウエンコドモショクドウ,,,東京都練馬区土支田1-31-5,第3育秀苑地域交流スペース,35.766136,139.617767,https://www.ikushukai.or.jp,,社会福祉法人育秀会,1,土,,12:00,14:00,,,,,,,,18歳以下：無料　※保護者の方は家族1組に対して1名まで無料です。大人（19歳以上）のみの参加はできません。,,参加時に次回の予約をするか、電話での予約も可能。,,,,,,,,,,練馬区,子ども食堂一覧,クリエイティブ・コモンズ 表示（CC BY）,https://www.opendata.metro.tokyo.lg.jp/nerima/131202_nerimaku_kodomosyokudo.csv
131202,45,東京都,練馬区,オトトイロのこども食堂,オトトイロノコドモショクドウ,,,東京都練馬区上石神井2-26-9,,35.727165,139.591873,https://ototoilo.com/,,コモンリビングototoilo,3,月水,,12:00,13:30,お盆、お正月は休み。詳しくはHPをご参照ください。,,200,200,200,500,500,,,完全予約制です。,10,,,,,,,,,練馬区,子ども食堂一覧,クリエイティブ・コモンズ 表示（CC BY）,https://www.opendata.metro.tokyo.lg.jp/nerima/131202_nerimaku_kodomosyokudo.csv
131202,46,東京都,練馬区,石神井だれでも食堂,シャクジイダレデモショクドウ,,,東京都練馬区石神井町2-15-15,わかちあい練馬サポートセンター・ふらっとほーむ石神井,35.745705,139.605865,https://www.wakaneri.org/,,特定非営利活動法人わかちあい練馬,4,月,,18:30,20:30,,一時的かつ緊急で必要とする場合に食糧支援を行っています。ご利用には事前の申し込みが必要です。詳しくはウェブサイト内「フードバンク石神井」のページをご覧ください。,,,,,,こども（18歳まで）：無料　大人：300円　※特別な事情がある方は個別にご相談ください。当日は対応できませんので必ず事前にお知らせください。,,開催2日前の土曜日中にわかちあい練馬ウェブサイト内「石神井だれでも食堂申込フォーム」にて申込み,,1,,,,,,,,練馬区,子ども食堂一覧,クリエイティブ・コモンズ 表示（CC BY）,https://www.opendata.metro.tokyo.lg.jp/nerima/131202_nerimaku_kodomosyokudo.csv
131202,47,東京都,練馬区,ありんこ食堂,アリンコショクドウ,,,東京都練馬区下石神井2-36-24,みんなの家たきち,35.72905,139.605515,https://www.instagram.com/arinco_gohan00,,ありんこ食堂,1,日,,17:00,19:30,,,,,,,,高校生以下：無料　それ以上は300円・コーヒー1杯100円（震災支援の募金として）,,事前予約必要,,,,,,,,,,練馬区,子ども食堂一覧,クリエイティブ・コモンズ 表示（CC BY）,https://www.opendata.metro.tokyo.lg.jp/nerima/131202_nerimaku_kodomosyokudo.csv
131202,48,東京都,練馬区,にじまちキッチン,ニジマチキッチン,,,東京都練馬区光が丘5-6-1光が丘パークタウン公園南団地管理サービス事務所内,光が丘コミュニティスペースひだまりポケット,35.761833,139.625732,https://www.instagram.com/nijimachi.place/,,～みんなの居場所～にじまちプレイス,2,月,,12:00,13:50,祝日はお休み,当団体は不登校・行き渋りの子どもと保護者、支える人の居場所です。食堂の参加は、子どもと保護者に限らせていただいております。,,,,,,こども：無料（18歳以下、応相談）大人：500円,,こどもは予約不要。大人は保護者のみ対応。できれば前日までに予約希望,,,,,,,,,大人向け、心理カウンセラーさんを囲む会を定期的に開催しております。参加費100円。,練馬区,子ども食堂一覧,クリエイティブ・コモンズ 表示（CC BY）,https://www.opendata.metro.tokyo.lg.jp/nerima/131202_nerimaku_kodomosyokudo.csv
131202,49,東京都,練馬区,じょうさいのこども食堂,ジョウサイノコドモショクドウ,,,東京都練馬区桜台2-46-11,城西桜台保育園,35.743015,139.662811,https://jyousaisakuradai17.wixsite.com/shokudo/josai,,一般社団法人練馬区保育会,2,土,,12:00,14:00,,,0,100,100,300,300,高校生までの方とその保護者が対象,,事前予約必要,,,,,,,,,小学生を対象とした学習支援を実施,練馬区,子ども食堂一覧,クリエイティブ・コモンズ 表示（CC BY）,https://www.opendata.metro.tokyo.lg.jp/nerima/131202_nerimaku_kodomosyokudo.csv
131202,50,東京都,練馬区,やよいのこども食堂,ヤヨイノコドモショクドウ,,,東京都練馬区桜台2-36-9,城西やよい保育園,35.74353,139.663269,https://jyousaisakuradai17.wixsite.com/shokudo/yayoi,,株式会社いなほ,2,日,,12:00,14:00,,,0,100,100,300,300,高校生までの方とその保護者が対象,,事前予約必要,,,,,,,,,小学生を対象とした学習支援を実施,練馬区,子ども食堂一覧,クリエイティブ・コモンズ 表示（CC BY）,https://www.opendata.metro.tokyo.lg.jp/nerima/131202_nerimaku_kodomosyokudo.csv
131202,51,東京都,練馬区,子ども食堂おひさま,コドモショクドウオヒサマ,,,東京都練馬区春日町5-33-29,デイサービス太陽,35.751316,139.637207,,,有限会社共栄自動車,2,金,,17:30,20:00,,,100,100,100,300,300,持ち帰り：300円,,事前予約必要,,,,,,,,,,練馬区,子ども食堂一覧,クリエイティブ・コモンズ 表示（CC BY）,https://www.opendata.metro.tokyo.lg.jp/nerima/131202_nerimaku_kodomosyokudo.csv
131202,52,東京都,練馬区,子ども食堂ビューティーシニアS',コドモショクドウビューティーシニアS',,,東京都練馬区春日町4-35-24片山様方,こども食堂ビューティーシニアS',35.756996,139.639633,,,ビューティーシニアS',1,土,,12:00,14:00,変更の場合あり,,0,0,300,300,300,,,事前予約必要,,,,,,,,,,練馬区,子ども食堂一覧,クリエイティブ・コモンズ 表示（CC BY）,https://www.opendata.metro.tokyo.lg.jp/nerima/131202_nerimaku_kodomosyokudo.csv
131202,53,東京都,練馬区,こども食堂ひだまり,コドモショクドウヒダマリ,,,東京都練馬区石神井台6-1-11,特別養護老人ホーム秋月,35.738754,139.586487,https://www.instagram.com/kodomosyokudouhidamari/,,こども食堂ひだまり,1,土,,17:00,19:00,,,100,100,100,300,300,,,事前予約必要,,,,,,,,,,練馬区,子ども食堂一覧,クリエイティブ・コモンズ 表示（CC BY）,https://www.opendata.metro.tokyo.lg.jp/nerima/131202_nerimaku_kodomosyokudo.csv
131202,54,東京都,練馬区,こども食堂とフードパントリーのスダチ,コドモショクドウトフードパントリーノスダチ,,,東京都練馬区田柄2-5-26,特定非営利活動法人スダチ,35.762867,139.645416,https://sites.google.com/view/foodpantrysudachi,,特定非営利法人活動法人スダチ,1,,,15:00,16:30,フードパントリーとこども食堂同時開催。日程はホームページのカレンダーを参照。,対象は会場から5km圏内の生活困窮世帯で、すべての支援はその方々に限ります。,,,,,,年間協力金（一世帯1000円）※詳しくはHP,,事前予約必要。HPから公式LINE登録の上予約可。,,1,,,,,,,HPの他、インスタ、X、Facebookあり,練馬区,子ども食堂一覧,クリエイティブ・コモンズ 表示（CC BY）,https://www.opendata.metro.tokyo.lg.jp/nerima/131202_nerimaku_kodomosyokudo.csv
131202,55,東京都,練馬区,江古田駅前こども食堂,エコダエキマエコドモショクドウ,,,東京都練馬区栄町4-1お志ど里ビル2階,スナックパラダイス,35.737034,139.672073,,,江古田駅前こども食堂,2,,,16:00,18:00,お問合せください,,,,,,,18歳以下：無料　19歳以上：300円,,事前予約必要,,,,,,,,,,練馬区,子ども食堂一覧,クリエイティブ・コモンズ 表示（CC BY）,https://www.opendata.metro.tokyo.lg.jp/nerima/131202_nerimaku_kodomosyokudo.csv
131164,,東京都,豊島区,要町あさやけ子ども食堂,カナメチョウアサヤケコドモショクドウ,,,豊島区要町1-39-4,山田様方,35.735428,139.697128,,,要町あさやけ子ども食堂,4,,,15:00,,"第1・第3水開催。・先着順配付、1世帯1セット
・開催日開催時間以外は子ども食堂の表示はなし",,0,0,0,0,0,,,先着順,,1,,,としま子ども食堂ネットワーク,,,,定員：約50世帯,豊島区,子ども食堂一覧,クリエイティブ・コモンズ 表示（CC BY）,https://www.opendata.metro.tokyo.lg.jp/toshima/131164_toshimaku_kodomosyokudou.csv
131164,,東京都,豊島区,たらふく子ども食堂,タラフクコドモショクドウ,,,豊島区上池袋3-10-3,,35.73872,139.717926,,,たらふく子ども食堂,5,,,11:30,,第3土開催。・開催日開催時間以外は子ども食堂の表示はなし,,0,0,300,300,300,,,先着順,30,,1,,としま子ども食堂ネットワーク,,,,,豊島区,子ども食堂一覧,クリエイティブ・コモンズ 表示（CC BY）,https://www.opendata.metro.tokyo.lg.jp/toshima/131164_toshimaku_kodomosyokudou.csv
131164,,東京都,豊島区,里葉こども食堂,リヨウコドモショクドウ,,,豊島区北大塚3-7-1,Book＆Gardenカフェ里葉,35.733624,139.722061,,,里葉子ども食堂,5,,,17:30,19:30,第3水開催。・開催日開催時間以外は子ども食堂の表示はなし,,0,0,0,0,0,,メール,,20,,,,としま子ども食堂ネットワーク,,,,,豊島区,子ども食堂一覧,クリエイティブ・コモンズ 表示（CC BY）,https://www.opendata.metro.tokyo.lg.jp/toshima/131164_toshimaku_kodomosyokudou.csv
131164,,東京都,豊島区,北大塚こども食堂・友,キタオオツカコドモショクドウ・ユウ,,,豊島区北大塚3-34-7,ハートランドひだまり,35.735245,139.726761,,,NPO法人ハートランド・友,5,,,17:00,18:00,・開催日開催時間以外は子ども食堂の表示はなし,,0,0,0,0,0,,電話,,20,,1,,としま子ども食堂ネットワーク,,,,,豊島区,子ども食堂一覧,クリエイティブ・コモンズ 表示（CC BY）,https://www.opendata.metro.tokyo.lg.jp/toshima/131164_toshimaku_kodomosyokudou.csv
131164,,東京都,豊島区,OOC子ども食堂,オーオーシーコドモショクドウ,,,豊島区北大塚2-12-2,天麩羅秋光大塚店,35.732582,139.728088,,,NPO法人OOC子ども食堂,1,月火水木金,,11:00,20:00,"・飲食店で実施
・毎週月は18:00~21:00に会食も実施",ひとり親家庭,0,0,0,0,0,,電話;LINE,,80,,1,,としま子ども食堂ネットワーク,,,,,豊島区,子ども食堂一覧,クリエイティブ・コモンズ 表示（CC BY）,https://www.opendata.metro.tokyo.lg.jp/toshima/131164_toshimaku_kodomosyokudou.csv
131164,,東京都,豊島区,ちとっこテラス,チトッコテラス,,学習支援,豊島区高田3-37-17,特別養護老人ホーム「山吹の里」内カフェスペース,35.715916,139.710678,,,NPO法人いきがい安心ジョイフル結の会,4,,,18:00,19:00,"第1・第3水開催。・学習支援は中学生15:00~20:00、小学生17:00~19:00
・開催日開催時間以外は子ども食堂の表示はなし",,0,0,0,0,0,,専用フォーム,,25,,,,としま子ども食堂ネットワーク,,,,,豊島区,子ども食堂一覧,クリエイティブ・コモンズ 表示（CC BY）,https://www.opendata.metro.tokyo.lg.jp/toshima/131164_toshimaku_kodomosyokudou.csv
131164,,東京都,豊島区,はなぶさ子ども・だれでも食堂,ハナブサコドモダレデモショクドウ,,,豊島区高田1-11-1,ウィステリア早稲田,35.713242,139.719208,,,はなぶさ子ども・だれでも食堂,4,,,11:00,,"不定期開催。前半11:00/後半11:45
各1組まで（先着順）
あとは当日先着順で提供",,0,0,0,0,300,,LINE,,30,,,,としま子ども食堂ネットワーク,,,,,豊島区,子ども食堂一覧,クリエイティブ・コモンズ 表示（CC BY）,https://www.opendata.metro.tokyo.lg.jp/toshima/131164_toshimaku_kodomosyokudou.csv
131164,,東京都,豊島区,フロンティア紡ぐ子ども食堂,フロンティアツムグコドモショクドウ,,,豊島区2-63-4,,35.726112,139.71666,,,フロンティア,5,月,,17:00,,先着順,,0,0,0,0,300,,,,20,,,,としま子ども食堂ネットワーク,,,,,豊島区,子ども食堂一覧,クリエイティブ・コモンズ 表示（CC BY）,https://www.opendata.metro.tokyo.lg.jp/toshima/131164_toshimaku_kodomosyokudou.csv
131164,,東京都,豊島区,ニシイケ食堂,ニシイケショクドウ,,,豊島区西池袋周辺,,35.730228,139.709351,,,西池袋子ども食堂,4,月火,,17:00,,事前予約制,,0,0,0,200,500,,専用フォーム,,12,,,,としま子ども食堂ネットワーク,,,,,豊島区,子ども食堂一覧,クリエイティブ・コモンズ 表示（CC BY）,https://www.opendata.metro.tokyo.lg.jp/toshima/131164_toshimaku_kodomosyokudou.csv
131164,,東京都,豊島区,Patrick's Friends & Home子ども食堂,パトリックスフレンズアンドホームコドモショクドウ,,,豊島区長崎1-28-22,カトリック豊島教会,35.729256,139.69725,,,Patrick'sFriends＆Home子ども食堂,5,土,,12:00,,,,100,100,100,100,300,,,,30,,,,としま子ども食堂ネットワーク,,,,,豊島区,子ども食堂一覧,クリエイティブ・コモンズ 表示（CC BY）,https://www.opendata.metro.tokyo.lg.jp/toshima/131164_toshimaku_kodomosyokudou.csv
131164,,東京都,豊島区,みんなのふくろう食堂,ミンナノフクロウショクドウ,,,豊島区東池袋1-44-3,池袋ISPタマビル8階ワーカーズコープ本部,35.733334,139.714279,,,労働者協同組合ワーカーズコープ・センター事業団,5,火,,16:30,18:00,・開催日は第4火・社員食堂を活用して月一度実施している。,・ひとり親、生活に困りごとのある世帯・現在新規受付は行っていない,0,0,0,0,0,,,,83,1,1,,としま子ども食堂ネットワーク,,,,,豊島区,子ども食堂一覧,クリエイティブ・コモンズ 表示（CC BY）,https://www.opendata.metro.tokyo.lg.jp/toshima/131164_toshimaku_kodomosyokudo.csv
131164,,東京都,豊島区,TWO FINGERS子ども食堂,トゥフィンガーズコドモショクドウ,,,豊島区池袋3-54-2,"アーバンベルメゾン101
Two Fingers Craft Beer",35.736408,139.707306,,,Two Fingers Craft Beer,3,木,,18:00,21:00,・飲食店が実施・開催日開催時間以外は子ども食堂の表示はなし,,100,100,100,200,200,,,"先着順
お弁当は要電話連絡",15,,1,,としま子ども食堂ネットワーク,,,,(株)テンポイノベーションの「お店の子ども食堂プロジェクト」により子ども食堂を実施,豊島区,子ども食堂一覧,クリエイティブ・コモンズ 表示（CC BY）,https://www.opendata.metro.tokyo.lg.jp/toshima/131164_toshimaku_kodomosyokudo.csv
131164,,東京都,豊島区,かみいけ子ども食堂,カミイケコドモショクドウ,,,豊島区上池袋3-1-10,,35.737659,139.719528,,,豊島中央病院,5,土,,17:00,19:00,・開催日は第2土・17:00~5組、18:00~5組・開催日開催時間以外は子ども食堂の表示はなし,,0,0,0,0,0,,メール;電話,,,,,,としま子ども食堂ネットワーク,,,,,豊島区,子ども食堂一覧,クリエイティブ・コモンズ 表示（CC BY）,https://www.opendata.metro.tokyo.lg.jp/toshima/131164_toshimaku_kodomosyokudo.csv
131181,,東京都,荒川区,東日暮里子ども食堂,ヒガシニッポリコドモショクドウ,,,荒川区東日暮里2-5-11,,35.729622,139.786606,,,,4,金,,17:30,19:00,,,,,,,,,,,,,,,,,,,,荒川区,子ども食堂一覧,クリエイティブ・コモンズ 表示（CC BY）,https://www.opendata.metro.tokyo.lg.jp/arakawa/131181_arakawaku_kodomosyokudo.csv
131181,,東京都,荒川区,子ども食堂ふらっと♭,コドモショクドウフラット,,,荒川区西尾久4-28-8,,35.745491,139.758499,,,,4,日,,13:30,16:30,,,,,,,,,,,,,,,,,,,,荒川区,子ども食堂一覧,クリエイティブ・コモンズ 表示（CC BY）,https://www.opendata.metro.tokyo.lg.jp/arakawa/131181_arakawaku_kodomosyokudo.csv
131181,,東京都,荒川区,タヴェルナ～小さな食堂～,タヴェルナチイサナショクドウ,,,荒川区西日暮里6-15-11,,35.737507,139.771179,,,,5,日,,11:00,13:00,,,,,,,,,,,,,,,,,,,,荒川区,子ども食堂一覧,クリエイティブ・コモンズ 表示（CC BY）,https://www.opendata.metro.tokyo.lg.jp/arakawa/131181_arakawaku_kodomosyokudo.csv
131181,,東京都,荒川区,こがちゃん食堂,コガチャンショクドウ,,,荒川区荒川4-23-12,,35.737194,139.781342,,,,4,火,,17:00,19:00,,,,,,,,,,,,,,,,,,,,荒川区,子ども食堂一覧,クリエイティブ・コモンズ 表示（CC BY）,https://www.opendata.metro.tokyo.lg.jp/arakawa/131181_arakawaku_kodomosyokudo.csv
131083,1,東京都,江東区,江東中学生勉強会,コウトウチュウガクセイベンキョウカイ,,,東京都江東区亀戸7-41-16,青少年交流プラザ,35.696728,139.837708,,,,,,,,,,,,,,,,,,,,,,,,,,,,江東区,子ども食堂一覧,クリエイティブ・コモンズ 表示（CC BY）,https://www.opendata.metro.tokyo.lg.jp/koto/131083_105_kotoku_kodomosyokudo.csv
131083,2,東京都,江東区,すなまちよっちゃん家こども食堂,スナマチヨッチャンイエコドモショクドウ,,,東京都江東区東砂7-9-13,,35.671444,139.840271,http://www.facebook.com/sunamachikodomo/,,,,,,,,,,,,,,,,,,,,,,,,,,,江東区,子ども食堂一覧,クリエイティブ・コモンズ 表示（CC BY）,https://www.opendata.metro.tokyo.lg.jp/koto/131083_105_kotoku_kodomosyokudo.csv
131083,3,東京都,江東区,たかもり食堂,タカモリショクドウ,,,東京都江東区森下3-12-17,高森地区集会所,35.685516,139.802155,https://www.facebook.com/106843082108061/,,,,,,,,,,,,,,,,,,,,,,,,,,,江東区,子ども食堂一覧,クリエイティブ・コモンズ 表示（CC BY）,https://www.opendata.metro.tokyo.lg.jp/koto/131083_105_kotoku_kodomosyokudo.csv
131083,4,東京都,江東区,佐賀町パパスこども食堂,サガマチパパスコドモショクドウ,,,東京都江東区佐賀1-16-6,レストランパパス,35.676689,139.79129,http://sagacho-papas.com,,,,,,,,,,,,,,,,,,,,,,,,,,,江東区,子ども食堂一覧,クリエイティブ・コモンズ 表示（CC BY）,https://www.opendata.metro.tokyo.lg.jp/koto/131083_105_kotoku_kodomosyokudo.csv
131083,5,東京都,江東区,チア食堂すた～でぃあむ☆,チアショクドウスターディアム,,,東京都江東区門前仲町1-13-12,HYPERMIX門前仲町,35.673225,139.795197,https://stardium.jp,,,,,,,,,,,,,,,,,,,,,,,,,,,江東区,子ども食堂一覧,クリエイティブ・コモンズ 表示（CC BY）,https://www.opendata.metro.tokyo.lg.jp/koto/131083_105_kotoku_kodomosyokudo.csv
131083,6,東京都,江東区,すずね食堂,スズネショクドウ,,,東京都江東区大島4-16-7,大島4丁目町会会館,35.688026,139.831345,,,,,,,,,,,,,,,,,,,,,,,,,,,,江東区,子ども食堂一覧,クリエイティブ・コモンズ 表示（CC BY）,https://www.opendata.metro.tokyo.lg.jp/koto/131083_105_kotoku_kodomosyokudo.csv
131083,7,東京都,江東区,子ども食堂りとるふぉれすと,コドモシュオクドウリトルフォレスト,,,東京都江東区扇橋3-22-2,パルシティ江東,35.683983,139.820267,https://littleforest.my.canva.site/,,,,,,,,,,,,,,,,,,,,,,,,,,,江東区,子ども食堂一覧,クリエイティブ・コモンズ 表示（CC BY）,https://www.opendata.metro.tokyo.lg.jp/koto/131083_105_kotoku_kodomosyokudo.csv
131083,8,東京都,江東区,ぐっち子ども食堂,グッチコドモショクドウ,,,東京都江東区北砂4-34-2,,35.676666,139.833298,https://www.facebook.com/gucchikodomo,,,,,,,,,,,,,,,,,,,,,,,,,,,江東区,子ども食堂一覧,クリエイティブ・コモンズ 表示（CC BY）,https://www.opendata.metro.tokyo.lg.jp/koto/131083_105_kotoku_kodomosyokudo.csv
131083,9,東京都,江東区,いちばん星子ども食堂,イチバンボシコドモショクドウ,,,東京都江東区森下1-5-12,,35.686169,139.798203,https://www.instagram.com/polaris_kodama,,,,,,,,,,,,,,,,,,,,,,,,,,,江東区,子ども食堂一覧,クリエイティブ・コモンズ 表示（CC BY）,https://www.opendata.metro.tokyo.lg.jp/koto/131083_105_kotoku_kodomosyokudo.csv
131083,10,東京都,江東区,ウスクラこども食堂,ウスクラコドモショクドウ,,,東京都江東区住吉1ｰ13ｰ12,,35.687611,139.813644,https://www.instagram.com/,,,,,,,,,,,,,,,,,,,,,,,,,,,江東区,子ども食堂一覧,クリエイティブ・コモンズ 表示（CC BY）,https://www.opendata.metro.tokyo.lg.jp/koto/131083_105_kotoku_kodomosyokudo.csv
131083,11,東京都,江東区,おひさまこども食堂,オヒサマコドモショクドウ,,,東京都江東区森下2ｰ14,森下2丁目住宅集会所,35.687874,139.799911,,,,,,,,,,,,,,,,,,,,,,,,,,,,江東区,子ども食堂一覧,クリエイティブ・コモンズ 表示（CC BY）,https://www.opendata.metro.tokyo.lg.jp/koto/131083_105_kotoku_kodomosyokudo.csv
131083,12,東京都,江東区,すとれいとぱぁそんず食堂,ストレイトパァソンズショクドウ,,,東京都江東区亀戸6ｰ48ｰ3,亀戸6丁目東町会会館,35.694225,139.83168,https://straightpersons.jp,,,,,,,,,,,,,,,,,,,,,,,,,,,江東区,子ども食堂一覧,クリエイティブ・コモンズ 表示（CC BY）,https://www.opendata.metro.tokyo.lg.jp/koto/131083_105_kotoku_kodomosyokudo.csv
131083,13,東京都,江東区,のびっこ食堂,ノビッコショクドウ,,,東京都江東区亀戸5ｰ38ｰ31,,35.698551,139.831589,https://www.facebook.com/kameidonokodomonoibasho/posts/,,,,,,,,,,,,,,,,,,,,,,,,,,,江東区,子ども食堂一覧,クリエイティブ・コモンズ 表示（CC BY）,https://www.opendata.metro.tokyo.lg.jp/koto/131083_105_kotoku_kodomosyokudo.csv
131083,14,東京都,江東区,ひかりの子食堂,ヒカリノコショクドウ,,,東京都江東区木場2ｰ17ｰ9ｰ103,堺福音教会・東京チャペル,35.671482,139.806076,https://www.instagram.com/hikarinoko_kiba,,,,,,,,,,,,,,,,,,,,,,,,,,,江東区,子ども食堂一覧,クリエイティブ・コモンズ 表示（CC BY）,https://www.opendata.metro.tokyo.lg.jp/koto/131083_105_kotoku_kodomosyokudo.csv
131083,15,東京都,江東区,キャナルタウンこども食堂,キャナルタウンコドモショクドウ,,,東京都江東区塩浜1ｰ5ｰ1,都営塩浜1丁目アパート集会室,35.659199,139.801544,https://www.instagram.com/canaltown2025/,,,,,,,,,,,,,,,,,,,,,,,,,,,江東区,子ども食堂一覧,クリエイティブ・コモンズ 表示（CC BY）,https://www.opendata.metro.tokyo.lg.jp/koto/131083_105_kotoku_kodomosyokudo.csv
131083,16,東京都,江東区,深川姉御家『健康&食育』こども食堂,フカガワアネゴヤケンコウショクイクコドモショクドウ,,,東京都江東区深川2-6-2,泉屋ビル1階奥,35.674786,139.796249,https://www.instagram.com/anegoyafukagawa,,,,,,,,,,,,,,,,,,,,,,,,,,,江東区,子ども食堂一覧,クリエイティブ・コモンズ 表示（CC BY）,https://www.opendata.metro.tokyo.lg.jp/koto/131083_105_kotoku_kodomosyokudo.csv
131083,17,東京都,江東区,M2カフェこども食堂,エムツーカフェコドモショクドウ,,,東京都江東区南砂2ｰ3ｰ4,管理事務所横集会所,35.671898,139.823013,,,,,,,,,,,,,,,,,,,,,,,,,,,,江東区,子ども食堂一覧,クリエイティブ・コモンズ 表示（CC BY）,https://www.opendata.metro.tokyo.lg.jp/koto/131083_105_kotoku_kodomosyokudo.csv
131083,18,東京都,江東区,蝶素敵こども食堂,チョウステキコドモショクドウ,,,東京都江東区亀戸1ｰ33ｰ5,シテセレスト1F,35.695362,139.824799,,,,,,,,,,,,,,,,,,,,,,,,,,,,江東区,子ども食堂一覧,クリエイティブ・コモンズ 表示（CC BY）,https://www.opendata.metro.tokyo.lg.jp/koto/131083_105_kotoku_kodomosyokudo.csv
131083,19,東京都,江東区,プチかおる食堂,プチカオルショクドウ,,,東京都江東区亀戸6ｰ31ｰ1,プラウドタワー亀戸クロスゲートタワー4階,35.696518,139.828354,,,,,,,,,,,,,,,,,,,,,,,,,,,,江東区,子ども食堂一覧,クリエイティブ・コモンズ 表示（CC BY）,https://www.opendata.metro.tokyo.lg.jp/koto/131083_105_kotoku_kodomosyokudo.csv
131083,20,東京都,江東区,ぼたんこども食堂,ポタンコドモショクドウ,,,東京都江東区牡丹3-28-6,牡丹地区集会所,35.667984,139.801025,https://ameblo.jp/botan-kodomosyokudou/,,,,,,,,,,,,,,,,,,,,,,,,,,,江東区,子ども食堂一覧,クリエイティブ・コモンズ 表示（CC BY）,https://www.opendata.metro.tokyo.lg.jp/koto/131083_105_kotoku_kodomosyokudo.csv
131083,21,東京都,江東区,無印良品東京有明こども食堂,ムジルシリョウヒントウキョウアリアケコドモショクドウ,,,東京都江東区有明2-1-7,モール＆スパ棟1階,35.63739,139.790695,,,,,,,,,,,,,,,,,,,,,,,,,,,,江東区,子ども食堂一覧,クリエイティブ・コモンズ 表示（CC BY）,https://www.opendata.metro.tokyo.lg.jp/koto/131083_105_kotoku_kodomosyokudo.csv
131083,22,東京都,江東区,フローレンスの保育園こども食堂みんつく東雲,フローレンスノホイクエンコドモショクドウミンツクシノノメ,,,東京都江東区東雲2-1-22,キャッスルビル東雲3階（みんなのみらいをつくる保育園東雲）,35.643654,139.801498,http://mirai.florence.or.jp/minnanomirai/shinonome/,,,,,,,,,,,,,,,,,,,,,,,,,,,江東区,子ども食堂一覧,クリエイティブ・コモンズ 表示（CC BY）,https://www.opendata.metro.tokyo.lg.jp/koto/131083_105_kotoku_kodomosyokudo.csv
131083,23,東京都,江東区,そんぽの家S木場公園ユニバーサル(地域共生)食堂,ソンポノイエエスキバコウエンユニバーサルチイキキョウセイショクドウ,,,東京都江東区平野4ｰ10ｰ3,,35.678112,139.809937,,,,,,,,,,,,,,,,,,,,,,,,,,,,江東区,子ども食堂一覧,クリエイティブ・コモンズ 表示（CC BY）,https://www.opendata.metro.tokyo.lg.jp/koto/131083_105_kotoku_kodomosyokudo.csv
131083,24,東京都,江東区,東陽子ども食堂スマイル,トウヨウコドモショクドウスマイル,,,東京都江東区東陽4ｰ11ｰ1,東陽東地区集会所2階,35.672199,139.818878,,,,,,,,,,,,,,,,,,,,,,,,,,,,江東区,子ども食堂一覧,クリエイティブ・コモンズ 表示（CC BY）,https://www.opendata.metro.tokyo.lg.jp/koto/131083_105_kotoku_kodomosyokudo.csv
131083,25,東京都,江東区,ネコダ食堂,ネコダショクドウ,,,東京都江東区南砂2ｰ3ｰ1ｰ126,,35.671898,139.823013,,,,,,,,,,,,,,,,,,,,,,,,,,,,江東区,子ども食堂一覧,クリエイティブ・コモンズ 表示（CC BY）,https://www.opendata.metro.tokyo.lg.jp/koto/131083_105_kotoku_kodomosyokudo.csv
133051,1,東京都,日の出町,大久野みつぼし食堂,オオグノミツボシショクドウ,,,東京都西多摩郡日の出町大久野1660-1,,35.764088,139.216736,,,社会福祉法人志正会,,,,,,,,,,,,,,,,,,,,,,,,,日の出町,子ども食堂一覧,クリエイティブ・コモンズ 表示（CC BY）,https://www.opendata.metro.tokyo.lg.jp/hinode/133051_hinodemachi_kodomosyokudo.csv
132292,,東京都,西東京市,わいわいクッキング,ワイワイクッキング,,,西東京市南町5-6-11,田無公民館,35.726208,139.537704,,,西東京わいわいネット,5,土,第３土曜日,10:30,13:30,,,,,,,,,,,,,,,,,,,,西東京市,子ども食堂一覧,クリエイティブ・コモンズ 表示（CC BY）,https://www.opendata.metro.tokyo.lg.jp/nishitokyo/132292_nishitokyoshi_kodomosyokudo.csv
132292,,東京都,西東京市,放課後キッチン・ごろごろ,ホウカゴキッチン・ゴロゴロ,,,西東京市緑町3-8,緑町3丁目アパート集会所,35.742188,139.537048,,,放課後キッチン・ごろごろ,1,木,第３木曜日,16:00,18:00,,,,,,,,,,,,,,,,,,,,西東京市,子ども食堂一覧,クリエイティブ・コモンズ 表示（CC BY）,https://www.opendata.metro.tokyo.lg.jp/nishitokyo/132292_nishitokyoshi_kodomosyokudo.csv
132292,,東京都,西東京市,飯もり山,コドモショクドウメシモリヤマ,,,"西東京市芝久保町3-11-3
",芝久保サロンしゃくなげ,35.728203,139.521423,,,子ども食堂　飯もり山,1,土,第３土曜日,16:30,18:30,,,,,,,,,,,,,,,,,,,,西東京市,子ども食堂一覧,クリエイティブ・コモンズ 表示（CC BY）,https://www.opendata.metro.tokyo.lg.jp/nishitokyo/132292_nishitokyoshi_kodomosyokudo.csv
132292,,東京都,西東京市,やぎさわ子ども食堂,ヤギサワコドモショクドウ,,,西東京市柳沢2-11-13,,35.724728,139.554153,,,西武柳沢キリスト教会,5,日,第２日曜日,17:00,18:30,,,,,,,,,,,,,,,,,,,,西東京市,子ども食堂一覧,クリエイティブ・コモンズ 表示（CC BY）,https://www.opendata.metro.tokyo.lg.jp/nishitokyo/132292_nishitokyoshi_kodomosyokudo.csv
132292,,東京都,西東京市,子ども食堂　おひさまキッチン,コドモショクドウオヒサマキッチン,,,西東京市保谷町4-11-26,メトロウェストビルディング1階,35.731529,139.548676,,,一般社団法人おひさま,1,月火水木金,,15:00,20:00,,,,,,,,,,,,,,,,,,,,西東京市,子ども食堂一覧,クリエイティブ・コモンズ 表示（CC BY）,https://www.opendata.metro.tokyo.lg.jp/nishitokyo/132292_nishitokyoshi_kodomosyokudo.csv
132292,,東京都,西東京市,「木・々」　子ども食堂,モクモクコドモショクドウ,,,西東京市保谷町6-25-1,,35.737301,139.553375,,,コミュニティー・レストラン「木・々」,5,日,第４日曜日,11:00,13:00,,,,,,,,,,,,,,,,,,,,西東京市,子ども食堂一覧,クリエイティブ・コモンズ 表示（CC BY）,https://www.opendata.metro.tokyo.lg.jp/nishitokyo/132292_nishitokyoshi_kodomosyokudo.csv
132292,,東京都,西東京市,こども食堂　陽気なキッチン　　,コドモショクドウヨウキナキッチン,,,西東京市緑町2-1-8,,35.737587,139.53595,,,宗教法人天理教田無分教会,5,,毎月12日,14:00,19:30,,,,,,,,,,,,,,,,,,,,西東京市,子ども食堂一覧,クリエイティブ・コモンズ 表示（CC BY）,https://www.opendata.metro.tokyo.lg.jp/nishitokyo/132292_nishitokyoshi_kodomosyokudo.csv
132292,,東京都,西東京市,浦野屋　やきとんてるてる　ひばりが丘店　子ども食堂,ウラノヤヤキトンテルテルヒバリガオカテンコドモショクドウ,,,西東京市ひばりが丘北4-2-24,,35.753349,139.544449,,,浦野屋　やきとんてるてる　ひばりが丘店　子ども食堂,5,日,第３日曜日,12:00,14:00,,,,,,,,,,,,,,,,,,,,西東京市,子ども食堂一覧,クリエイティブ・コモンズ 表示（CC BY）,https://www.opendata.metro.tokyo.lg.jp/nishitokyo/132292_nishitokyoshi_kodomosyokudo.csv
132292,,東京都,西東京市,こども食堂　げんき,コドモショクドウゲンキ,,,西東京市富士町1-1-1,,35.735443,139.556595,,,こども食堂　げんき,4,日土,第２日曜日、第４土曜日,11:30,14:00,,,,,,,,,,,,,,,,,,,,西東京市,子ども食堂一覧,クリエイティブ・コモンズ 表示（CC BY）,https://www.opendata.metro.tokyo.lg.jp/nishitokyo/132292_nishitokyoshi_kodomosyokudo.csv
132292,,東京都,西東京市,こひつじ食堂,コヒツジショクドウ,,,西東京市住吉町6-14-5,,35.7444,139.551697,,,こひつじ食堂,5,土,第４土曜日,16:00,18:00,,,,,,,,,,,,,,,,,,,,西東京市,子ども食堂一覧,クリエイティブ・コモンズ 表示（CC BY）,https://www.opendata.metro.tokyo.lg.jp/nishitokyo/132292_nishitokyoshi_kodomosyokudo.csv
132292,,東京都,西東京市,ＹＬこども食堂,ワイエルコドモショクドウ,,,西東京市ひばりが丘北1-7-14,,35.75304,139.550186,,,一般社団法人YourLifestyle研究所,1,月火水木金土,,11:00,16:30,,,,,,,,,,,,,,,,,,,,西東京市,子ども食堂一覧,クリエイティブ・コモンズ 表示（CC BY）,https://www.opendata.metro.tokyo.lg.jp/nishitokyo/132292_nishitokyoshi_kodomosyokudo.csv
132292,,東京都,西東京市,こども食堂ジョイフル,コドモショクドウジョイフル,,,西東京市ひばりが丘北4-3-13,,35.753597,139.545212,,,こども食堂ジョイフル,5,金,第４金曜日,17:00,19:00,,,,,,,,,,,,,,,,,,,,西東京市,子ども食堂一覧,クリエイティブ・コモンズ 表示（CC BY）,https://www.opendata.metro.tokyo.lg.jp/nishitokyo/132292_nishitokyoshi_kodomosyokudo.csv
132292,,東京都,西東京市,こども（おとな）食堂プネウマ,コドモショクドウプネウマ,,,西東京市東伏見5-9-6,仙人の家,35.722736,139.558487,,,プネウマ　つどいの家,5,日,第１日曜日,11:30,13:30,,,,,,,,,,,,,,,,,,,,西東京市,子ども食堂一覧,クリエイティブ・コモンズ 表示（CC BY）,https://www.opendata.metro.tokyo.lg.jp/nishitokyo/132292_nishitokyoshi_kodomosyokudo.csv
132292,,東京都,西東京市,こどもカフェ「とんのいえ」,コドモカフェトンノイエ,,,西東京市泉町4-3-21,,35.74308,139.55304,,,こどもカフェ「とんのいえ」,5,木,第４木曜日,15:30,17:30,,,,,,,,,,,,,,,,,,,,西東京市,子ども食堂一覧,クリエイティブ・コモンズ 表示（CC BY）,https://www.opendata.metro.tokyo.lg.jp/nishitokyo/132292_nishitokyoshi_kodomosyokudo.csv
132292,,東京都,西東京市,ひばりが丘スープキッチン,ヒバリガオカスープキッチン,,,西東京市ひばりが丘2-12-16,,35.748394,139.540222,,,ひばりが丘スープキッチン,3,水,毎週水曜日,18:00,19:30,,,,,,,,,,,,,,,,,,,,西東京市,子ども食堂一覧,クリエイティブ・コモンズ 表示（CC BY）,https://www.opendata.metro.tokyo.lg.jp/nishitokyo/132292_nishitokyoshi_kodomosyokudo.csv
132292,,東京都,西東京市,こども・地域　あおぞら食堂,コドモチイキアオゾラショクドウ,,,西東京市向台町2-16-22,,35.720135,139.539764,,,東京聖新会,5,土,第４土曜日,11:30,13:00,,,,,,,,,,,,,,,,,,,,西東京市,子ども食堂一覧,クリエイティブ・コモンズ 表示（CC BY）,https://www.opendata.metro.tokyo.lg.jp/nishitokyo/132292_nishitokyoshi_kodomosyokudo.csv
132292,,東京都,西東京市,SOMPO流の子ども食堂（そんぽの家S保谷北町）,ソンポリュウノコドモショクドウソンポノイエエスホウヤキタマチ,,,西東京市北町6-1-28,,35.75312,139.560059,,,"ＳＯＭＰＯケア株式会社
そんぽの家",5,土,第４土曜日,11:00,13:00,,,,,,,,,,,,,,,,,,,,西東京市,子ども食堂一覧,クリエイティブ・コモンズ 表示（CC BY）,https://www.opendata.metro.tokyo.lg.jp/nishitokyo/132292_nishitokyoshi_kodomosyokudo.csv
132292,,東京都,西東京市,SOMPO流の子ども食堂（そんぽの家S保谷駅前）,ソンポリュウノコドモショクドウソンポノイエエスホウヤエキマエ,,,西東京市東町3-5-2,,35.747459,139.565704,,,"ＳＯＭＰＯケア株式会社
そんぽの家",5,土,第４土曜日,11:30,15:00,,,,,,,,,,,,,,,,,,,,西東京市,子ども食堂一覧,クリエイティブ・コモンズ 表示（CC BY）,https://www.opendata.metro.tokyo.lg.jp/nishitokyo/132292_nishitokyoshi_kodomosyokudo.csv
132292,,東京都,西東京市,SOMPO流の子ども食堂（そんぽの家S西東京泉町）,ソンポリュウノコドモショクドウソンポノイエエスニシトウキョウイズミチョウ,,,西東京市泉町2-14-13,,35.742592,139.550903,,,"ＳＯＭＰＯケア株式会社
そんぽの家",5,土,第４土曜日,11:00,15:00,,,,,,,,,,,,,,,,,,,,西東京市,子ども食堂一覧,クリエイティブ・コモンズ 表示（CC BY）,https://www.opendata.metro.tokyo.lg.jp/nishitokyo/132292_nishitokyoshi_kodomosyokudo.csv
132292,,東京都,西東京市,SOMPO流の子ども食堂（そんぽの家西東京）,ソンポリュウノコドモショクドウソンポノイエニシトウキョウ,,,西東京市中町6-5-12,,35.73724,139.558487,,,"ＳＯＭＰＯケア株式会社
そんぽの家",5,土,第２土曜日,11:30,14:00,,,,,,,,,,,,,,,,,,,,西東京市,子ども食堂一覧,クリエイティブ・コモンズ 表示（CC BY）,https://www.opendata.metro.tokyo.lg.jp/nishitokyo/132292_nishitokyoshi_kodomosyokudo.csv
132292,,東京都,西東京市,SOMPO流の子ども食堂（そんぽの家S武蔵野）,ソンポリュウノコドモショクドウソンポノイエエスムサシノ,,,西東京市新町5-14-14,,35.7141,139.534241,,,"ＳＯＭＰＯケア株式会社
そんぽの家",5,土,第４土曜日,11:30,15:00,,,,,,,,,,,,,,,,,,,,西東京市,子ども食堂一覧,クリエイティブ・コモンズ 表示（CC BY）,https://www.opendata.metro.tokyo.lg.jp/nishitokyo/132292_nishitokyoshi_kodomosyokudo.csv
132292,,東京都,西東京市,SOMPO流の子ども食堂（そんぽの家柳沢）,ソンポリュウノコドモショクドウソンポノイエヤギサワ,,,西東京市柳沢3-5-27,,35.720924,139.553558,,,"ＳＯＭＰＯケア株式会社
そんぽの家",5,土,第４土曜日,12:00,15:00,,,,,,,,,,,,,,,,,,,,西東京市,子ども食堂一覧,クリエイティブ・コモンズ 表示（CC BY）,https://www.opendata.metro.tokyo.lg.jp/nishitokyo/132292_nishitokyoshi_kodomosyokudo.csv
132292,,東京都,西東京市,SOMPO流の子ども食堂（そんぽの家S東伏見）,ソンポリュウノコドモショクドウソンポノイエエスヒガシフシミ,,,西東京市東伏見4-4-25,,35.723557,139.561752,,,"ＳＯＭＰＯケア株式会社
そんぽの家",5,土,第２土曜日,12:00,14:00,,,,,,,,,,,,,,,,,,,,西東京市,子ども食堂一覧,クリエイティブ・コモンズ 表示（CC BY）,https://www.opendata.metro.tokyo.lg.jp/nishitokyo/132292_nishitokyoshi_kodomosyokudo.csv
132292,,東京都,西東京市,SOMPO流の子ども食堂（そんぽの家ひばりが丘）,ソンポリュウノコドモショクドウソンポノイエヒバリガオカ,,,西東京市西原町5-3-12,,35.739792,139.531189,,,"ＳＯＭＰＯケア株式会社
そんぽの家",5,土,第４土曜日,12:00,13:30,,,,,,,,,,,,,,,,,,,,西東京市,子ども食堂一覧,クリエイティブ・コモンズ 表示（CC BY）,https://www.opendata.metro.tokyo.lg.jp/nishitokyo/132292_nishitokyoshi_kodomosyokudo.csv
132292,,東京都,西東京市,子ども食堂「ゆいな」,コドモショクドウユイナ,,,西東京市南町5-1-15,,35.726063,139.535812,,,医療法人社団欅会　看護小規模多機能ゆいなの森,5,土,第４土曜日,13:00,14:30,,,,,,,,,,,,,,,,,,,,西東京市,子ども食堂一覧,クリエイティブ・コモンズ 表示（CC BY）,https://www.opendata.metro.tokyo.lg.jp/nishitokyo/132292_nishitokyoshi_kodomosyokudo.csv
132292,,東京都,西東京市,むさとく こども食堂,ムサトクコドモショクドウ,,,西東京市向台町6-14-2,,35.722473,139.525513,,,医療法人徳洲会　武蔵野徳洲会病院,5,,,,,,,,,,,,,,,,,,,,,,,,西東京市,子ども食堂一覧,クリエイティブ・コモンズ 表示（CC BY）,https://www.opendata.metro.tokyo.lg.jp/nishitokyo/132292_nishitokyoshi_kodomosyokudo.csv
132241,1,東京都,多摩市,みんなの食堂・スプーン,ミンナノショクドウ・スプーン,,,東京都多摩市一ノ宮1-18-7,,35.653,139.442139,,,みんなの食堂・スプーン,6,,,,,,,,,,,,,,,,,,,,,,,,多摩市,子ども食堂一覧,クリエイティブ・コモンズ 表示（CC BY）,https://www.opendata.metro.tokyo.lg.jp/tama/132241_tama_kodomosyokudo.csv
132241,2,東京都,多摩市,だれでも食堂,ダレデモショクドウ,,,東京都多摩市落合3-17-1,,35.616463,139.430405,,,特定非営利活動法人アピュイ,3,,,,,,,,,,,,,,,,,,,,,,,,多摩市,子ども食堂一覧,クリエイティブ・コモンズ 表示（CC BY）,https://www.opendata.metro.tokyo.lg.jp/tama/132241_tama_kodomosyokudo.csv
132241,3,東京都,多摩市,わくわく子ども食堂,ワクワクコドモショクドウ,,,東京都多摩市東寺方626-2,,35.6422,139.437103,,,インテリアミヤザキ,5,,,,,,,,,,,,,,,,,,,,,,,,多摩市,子ども食堂一覧,クリエイティブ・コモンズ 表示（CC BY）,https://www.opendata.metro.tokyo.lg.jp/tama/132241_tama_kodomosyokudo.csv
132241,4,東京都,多摩市,ハーモニーカフェ,ハーモニーカフェ,,,東京都多摩市諏訪4-2,,35.62207,139.456558,,,ハーモニークラブ,5,,,,,,,,,,,,,,,,,,,,,,,,多摩市,子ども食堂一覧,クリエイティブ・コモンズ 表示（CC BY）,https://www.opendata.metro.tokyo.lg.jp/tama/132241_tama_kodomosyokudo.csv
132241,5,東京都,多摩市,子ども食堂　ほくの家,コドモショクドウホクノイエ,,,東京都多摩市聖ヶ丘2-22-3-1,,35.630806,139.457184,,,一般社団法人　祥鶴,3,,,,,,,,,,,,,,,,,,,,,,,,多摩市,子ども食堂一覧,クリエイティブ・コモンズ 表示（CC BY）,https://www.opendata.metro.tokyo.lg.jp/tama/132241_tama_kodomosyokudo.csv
132241,6,東京都,多摩市,愛宕だれでも食堂,アタゴダレデモショクドウ,,,東京都多摩市愛宕1-1-1,,35.634953,139.435806,,,特定非営利活動法人　プレイルームゆづり葉の家,3,,,,,,,,,,,,,,,,,,,,,,,,多摩市,子ども食堂一覧,クリエイティブ・コモンズ 表示（CC BY）,https://www.opendata.metro.tokyo.lg.jp/tama/132241_tama_kodomosyokudo.csv
132241,7,東京都,多摩市,子ども食堂　きっちん空,コドモショクドウキッチンソラ,,,東京都多摩市貝取1-47-9,,35.623344,139.437851,,,特定非営利活動法人　どんぐりパン,5,,,,,,,,,,,,,,,,,,,,,,,,多摩市,子ども食堂一覧,クリエイティブ・コモンズ 表示（CC BY）,https://www.opendata.metro.tokyo.lg.jp/tama/132241_tama_kodomosyokudo.csv
132241,8,東京都,多摩市,ピンクララタマ子ども誰でも食堂,ピンクララタマコドモダレデモショクドウ,,,東京都多摩市一ノ宮3-5-24,,35.650337,139.443481,,,ピンクララタマ,5,,,,,,,,,,,,,,,,,,,,,,,,多摩市,子ども食堂一覧,クリエイティブ・コモンズ 表示（CC BY）,https://www.opendata.metro.tokyo.lg.jp/tama/132241_tama_kodomosyokudo.csv
132241,9,東京都,多摩市,亀ハウス,カメハウス,,,東京都多摩市永山1-17-11-Ｂ1,,35.631596,139.442947,,,株式会社ライフジャーニー,3,,,,,,,,,,,,,,,,,,,,,,,,多摩市,子ども食堂一覧,クリエイティブ・コモンズ 表示（CC BY）,https://www.opendata.metro.tokyo.lg.jp/tama/132241_tama_kodomosyokudo.csv
132241,10,東京都,多摩市,オリーブきっちん,オリーブキッチン,,,東京都多摩山王下1-13-13,,35.636944,139.446396,,,オリーブきっちん,5,,,,,,,,,,,,,,,,,,,,,,,,多摩市,子ども食堂一覧,クリエイティブ・コモンズ 表示（CC BY）,https://www.opendata.metro.tokyo.lg.jp/tama/132241_tama_kodomosyokudo.csv
132241,11,東京都,多摩市,こども食堂　ほっこりキッチン,コドモショクドウホッコリキッチン,,,東京都多摩唐木田1-15-3,,35.636944,139.446396,,,こども食堂　ほっこりキッチン,5,,,,,,,,,,,,,,,,,,,,,,,,多摩市,子ども食堂一覧,クリエイティブ・コモンズ 表示（CC BY）,https://www.opendata.metro.tokyo.lg.jp/tama/132241_tama_kodomosyokudo.csv
132241,12,東京都,多摩市,子ども食堂　福祉亭,コドモショクドウフクシテイ,,,東京都多摩市永山4-2-3-104,,35.62096,139.449478,,,特定非営利活動法人　福祉亭,5,,,,,,,,,,,,,,,,,,,,,,,,多摩市,子ども食堂一覧,クリエイティブ・コモンズ 表示（CC BY）,https://www.opendata.metro.tokyo.lg.jp/tama/132241_tama_kodomosyokudo.csv
132241,13,東京都,多摩市,子どものひろば　リバティ,コドモノヒロバリバティ,,,東京都多摩市諏訪5-6-2-101,,35.622433,139.451401,,,社会福祉法人　こばと会,1,,,,,,,,,,,,,,,,,,,,,,,,多摩市,子ども食堂一覧,クリエイティブ・コモンズ 表示（CC BY）,https://www.opendata.metro.tokyo.lg.jp/tama/132241_tama_kodomosyokudo.csv
132241,14,東京都,多摩市,みんなのしょくどう,ミンナノショクドウ,,,東京都多摩市馬引沢2-3-23,,35.633198,139.452667,,,関西居酒屋　必死のパッチ!!,5,,,,,,,,,,,,,,,,,,,,,,,,多摩市,子ども食堂一覧,クリエイティブ・コモンズ 表示（CC BY）,https://www.opendata.metro.tokyo.lg.jp/tama/132241_tama_kodomosyokudo.csv
132241,15,東京都,多摩市,まんまるぱ～る,マンマルパール,,,東京都多摩市一ノ宮2-13-25,,35.650921,139.443604,,,まんまるぱ～る(認定栄養ケア・ステーション營養珍珠),5,,,,,,,,,,,,,,,,,,,,,,,,多摩市,子ども食堂一覧,クリエイティブ・コモンズ 表示（CC BY）,https://www.opendata.metro.tokyo.lg.jp/tama/132241_tama_kodomosyokudo.csv
132241,16,東京都,多摩市,子ども食堂　ココっと,コドモショクドウココット,,,東京都多摩市一ノ宮1-11-26,,35.654263,139.441162,,,子ども食堂　ココっと,8,,,,,,,,,,,,,,,,,,,,,,,,多摩市,子ども食堂一覧,クリエイティブ・コモンズ 表示（CC BY）,https://www.opendata.metro.tokyo.lg.jp/tama/132241_tama_kodomosyokudo.csv
132241,17,東京都,多摩市,こども食堂　えんそく,コドモショクドウエンソク,,,東京都多摩市和田2006-4,,35.640808,139.427475,,,こども食堂　えんそく,5,,,,,,,,,,,,,,,,,,,,,,,,多摩市,子ども食堂一覧,クリエイティブ・コモンズ 表示（CC BY）,https://www.opendata.metro.tokyo.lg.jp/tama/132241_tama_kodomosyokudo.csv
132241,18,東京都,多摩市,メルティング・ダイニング,メルティング・ダイニング,,,東京都多摩市永山2-8-1,,35.627163,139.445206,,,メルティング・ポット,8,,,,,,,,,,,,,,,,,,,,,,,休止中（2023年12月12日時点）,多摩市,子ども食堂一覧,クリエイティブ・コモンズ 表示（CC BY）,https://www.opendata.metro.tokyo.lg.jp/tama/132241_tama_kodomosyokudo.csv
132233,1,東京都,武蔵村山市,武蔵村山子ども食堂,ムサシムラヤマコドモショクドウ,,,東京都武蔵村山市神明4-17-1,子どもカフェ「みんなのおうち」,35.752522,139.404129,https://kodomoto-m.jimdo.com/,,,5,金,,17:30,19:00,,,100,100,100,300,300,,電話;メール,開催日の3日前（火曜日）の正午まで,10,,,,むさしむらやまこども・地域食堂ネットワーク    ,,,,,武蔵村山市,子ども食堂一覧,クリエイティブ・コモンズ 表示（CC BY）,https://www.opendata.metro.tokyo.lg.jp/musashimurayama/132233_musashimurayamashi_kodomosyokudo.csv
132233,2,東京都,武蔵村山市,まどか食堂,マドカショクドウ,,,東京都武蔵村山市本町3-40-3 ,まどか保育園裏駐車場   ,35.758621,139.382141,https://twitter.com/madokasyokudou,,,5,,,16:30,18:00,第3水曜日もしくは木曜日,小学生まで,100,100,,,,,電話,実施月の1日から前日まで,,,,,むさしむらやまこども・地域食堂ネットワーク    ,,,,,武蔵村山市,子ども食堂一覧,クリエイティブ・コモンズ 表示（CC BY）,https://www.opendata.metro.tokyo.lg.jp/musashimurayama/132233_musashimurayamashi_kodomosyokudo.csv
132233,3,東京都,武蔵村山市,children’s kitchenうぉーく ,チルドレンズキッチンウォーク,,,東京都武蔵村山市学園4-5-1,市民総合センター2階 調理実習室,35.746132,139.403259,,,,5,土,,18:00,19:00,,高校生までのお子さまとその家族,0,0,0,0,,,電話;メール,,30,,,,むさしむらやまこども・地域食堂ネットワーク    ,,,,,武蔵村山市,子ども食堂一覧,クリエイティブ・コモンズ 表示（CC BY）,https://www.opendata.metro.tokyo.lg.jp/musashimurayama/132233_musashimurayamashi_kodomosyokudo.csv
132233,4,東京都,武蔵村山市,Walk食堂,ウォークショクドウ,,,東京都武蔵村山市学園3-5-12,,35.746723,139.404388,,,,5,土,,13:00,14:00,,高校生までのお子さまとその家族,0,0,0,0,,,電話;メール,,30,,,,むさしむらやまこども・地域食堂ネットワーク    ,,,,,武蔵村山市,子ども食堂一覧,クリエイティブ・コモンズ 表示（CC BY）,https://www.opendata.metro.tokyo.lg.jp/musashimurayama/132233_musashimurayamashi_kodomosyokudo.csv
132233,5,東京都,武蔵村山市,子ども食堂ぶどうハウス,コドモショクドウブドウハウス,,,東京都武蔵村山市中原3-11-6,,35.75845,139.36055,,,,5,日,,11:30,14:00,,,0,0,100,200,200,,,,,,,,むさしむらやまこども・地域食堂ネットワーク    ,,,,,武蔵村山市,子ども食堂一覧,クリエイティブ・コモンズ 表示（CC BY）,https://www.opendata.metro.tokyo.lg.jp/musashimurayama/132233_musashimurayamashi_kodomosyokudo.csv
132233,6,東京都,武蔵村山市,みんなの食堂　みっつ武蔵村山,ミンナノショクドウミッツムサシムラヤマ   ,,,東京都武蔵村山市大南2-47-14,パンとおやつに糀ohana,35.740524,139.40419,https://instagram.com/mit.musashimurayama/,,,5,土,,11:00,13:00,,,100,100,100,390,390,,InstagramのDMで,実施月の1日から前日まで,,,,,むさしむらやまこども・地域食堂ネットワーク    ,,,,,武蔵村山市,子ども食堂一覧,クリエイティブ・コモンズ 表示（CC BY）,https://www.opendata.metro.tokyo.lg.jp/musashimurayama/132233_musashimurayamashi_kodomosyokudo.csv
132233,7,東京都,武蔵村山市,SOMPOの子ども食堂 ,ソンポノコドモショクドウ,,,東京都武蔵村山市三ツ藤1-4-1 ,そんぽの家武蔵村山   ,35.751911,139.382751,,,,5,土,,11:45,14:30,,,0,0,0,0,300,18歳以下は無料 ,電話;FAX,,10,,,,むさしむらやまこども・地域食堂ネットワーク    ,,,,,武蔵村山市,子ども食堂一覧,クリエイティブ・コモンズ 表示（CC BY）,https://www.opendata.metro.tokyo.lg.jp/musashimurayama/132233_musashimurayamashi_kodomosyokudo.csv
132195,1,東京都,狛江市,NPO法人 狛江子ども食堂,コマエコドモショクドウ,「食育」「安心・安全」「団らん」の３本柱を軸に活動しています。,,東京都狛江市和泉本町4-7-51,上和泉地域センター,35.64514,139.568013,https://komae-kodomoshokudo.amebaownd.com/,,ＮＰＯ法人狛江子ども食堂,3,,,,,,,0,0,0,,,,不要,,40,,,,,,,,,狛江市,子ども食堂一覧,クリエイティブ・コモンズ 表示（CC BY）,https://www.opendata.metro.tokyo.lg.jp/komae/132195_komaeshi_kodomosyokudo.csv
132195,2,東京都,狛江市,みんなの居場所,ミンナノイバショ,みんなでごはん作りと食事。漫画・宿題・手芸・手品など、のんびり過ごせます。,,東京都狛江市元和泉2-35-1,西河原公民館,35.633377,139.567064,https://komaekubo1234.kokosil.net/ja/place/00001f000000000000020000003f0194,,,5,土,,10:00,15:00,,,0,0,0,0,300,,電話,090-2251-0911,,,,,,,,,,狛江市,子ども食堂一覧,クリエイティブ・コモンズ 表示（CC BY）,https://www.opendata.metro.tokyo.lg.jp/komae/132195_komaeshi_kodomosyokudo.csv
132195,3,東京都,狛江市,こどもの多摩里食堂,コドモノタマリショクドウ,こどもが経済的事情によって社会的に孤立しないように食事の提供を通して地域が支え合う非営利のこども食堂を実施する。,,東京都狛江市東和泉2-9-11,多摩里集会所,35.630515,139.580245,https://komaekubo1234.kokosil.net/ja/place/00001f000000000000020000003f0075,,,5,木,,16:00,18:30,,,0,0,0,0,300,,メール,kodomonotamari@gmail.com,,,,,,,,,,狛江市,子ども食堂一覧,クリエイティブ・コモンズ 表示（CC BY）,https://www.opendata.metro.tokyo.lg.jp/komae/132195_komaeshi_kodomosyokudo.csv
132195,4,東京都,狛江市,ごはん＋居場所 おかえり,ゴハンプラスイバショオカエリ,食を介して、子どもからおとなまでの居場所作りを目的としています。,,東京都狛江市東和泉2-20-12-1F,みんなの広場,35.628329,139.575847,http://okaeri.webcrow.jp/,,,5,土,,12:00,15:00,,,0,0,0,0,300,,メール,okaeri2017@gmail.com,,,,,,,,,,狛江市,子ども食堂一覧,クリエイティブ・コモンズ 表示（CC BY）,https://www.opendata.metro.tokyo.lg.jp/komae/132195_komaeshi_kodomosyokudo.csv
132195,5,東京都,狛江市,月末食堂,ゲツマツショクドウ,老若男女どなたでも参加可能です。時間中はいつでもお食事を提供しています。,,東京都狛江市東和泉1-32-3-102,スペース102,35.630338,139.577365,https://komaekubo1234.kokosil.net/ja/place/00001f000000000000020000003f00ce,,月末食堂委員会,5,,,16:00,19:00,,,0,0,0,0,300,,メール,p-ichi@h3.dion.ne.jp,,,,,,,,,,狛江市,子ども食堂一覧,クリエイティブ・コモンズ 表示（CC BY）,https://www.opendata.metro.tokyo.lg.jp/komae/132195_komaeshi_kodomosyokudo.csv
132196,6,東京都,狛江市,コスモスこども・おとな食堂,コスモスコドモオトナショクドウ,,,東京都狛江市岩戸南2-2-5,岩戸地域センター,35.632142,139.586058,https://komaekubo1234.kokosil.net/ja/place/00001f000000000000020000003f0494,,,5,水,,,,,,0,0,0,0,300,,電話,090-8512-5602,,,,,,,,,,狛江市,子ども食堂一覧,クリエイティブ・コモンズ 表示（CC BY）,https://www.opendata.metro.tokyo.lg.jp/komae/132195_komaeshi_kodomosyokudo.csv
132136,,東京都,東村山市,まちの縁側本町　夕ぐれ食堂,マチノエンガワホンチョウユウグレショクドウ,,,東京都東村山市本町4-1-8,,35.752728,139.46936,,,,4,,毎月第2・4火曜日,16:30,18:00,,,0,0,0,0,300,18歳まで無料,,,,,,,,,,,"テイクアウト可
（要相談）",東村山市,子ども食堂一覧,クリエイティブ・コモンズ 表示（CC BY）,https://www.opendata.metro.tokyo.lg.jp/higashimurayama/132136_higashimurayamashi_kodomosyokudo.csv
132136,,東京都,東村山市,子ども食堂　リコード,コドモショクドウリコード,,,東京都東村山市本町3-9-40,,35.758457,139.470734,,,,4,,いちごの日と肉の日(15日・29日）,,,変更の可能性あり,,0,0,0,0,,大人はカンパ制。18歳まで無料,,,,,,,,,,,"テイクアウト可
（要相談）",東村山市,子ども食堂一覧,クリエイティブ・コモンズ 表示（CC BY）,https://www.opendata.metro.tokyo.lg.jp/higashimurayama/132136_higashimurayamashi_kodomosyokudo.csv
132136,,東京都,東村山市,ふれあいこども食堂あおば,フレアイコドモショクドウアオバ,,,東京都東村山市青葉町2-25-66,ラポールあおば２階,35.76207,139.49025,,,,5,,毎月最終土曜日,11:30,14:20,1部11:30～12:50、2部13:00～14:20,,0,0,0,0,,18歳まで無料。大人は要相談,,,,,1,,,,,,,東村山市,子ども食堂一覧,クリエイティブ・コモンズ 表示（CC BY）,https://www.opendata.metro.tokyo.lg.jp/higashimurayama/132136_higashimurayamashi_kodomosyokudo.csv
132136,,東京都,東村山市,ふれあいこども食堂,フレアイコドモショクドウ,,,東京都東村山市栄町1-1-18,ラポール久米川ビル２階,35.750854,139.471481,,,,4,,第1～3土曜日,11:30,14:20,1部11:30～12:50、2部13:00～14:20,,0,0,0,0,,18歳まで無料。大人は要相談,,,,,1,,,,,,,東村山市,子ども食堂一覧,クリエイティブ・コモンズ 表示（CC BY）,https://www.opendata.metro.tokyo.lg.jp/higashimurayama/132136_higashimurayamashi_kodomosyokudo.csv
132136,,東京都,東村山市,にちよう食堂,ニチヨウショクドウ,,,東京都東村山市栄町1-29-34,,35.75275,139.474762,,,,5,,第3日曜日,10:00,14:00,,,0,0,0,300,300,中学生まで無料,,,,,,,,,,,,東村山市,子ども食堂一覧,クリエイティブ・コモンズ 表示（CC BY）,https://www.opendata.metro.tokyo.lg.jp/higashimurayama/132136_higashimurayamashi_kodomosyokudo.csv
132136,,東京都,東村山市,おひさま食堂,オヒサマショクドウ,,,東京都東村山市富士見町5-1-93,文楽カフェ,35.745064,139.464127,,,,4,,毎月第2・4火曜日,11:30,12:30,,,100,100,100,100,300,18歳まで100円,,,,,,,,,,,"テイクアウト可
バッグ持参",東村山市,子ども食堂一覧,クリエイティブ・コモンズ 表示（CC BY）,https://www.opendata.metro.tokyo.lg.jp/higashimurayama/132136_higashimurayamashi_kodomosyokudo.csv
132136,,東京都,東村山市,万福食堂,マンプクショクドウ,,,東京都東村山市廻田町3-12-6,廻田ふれあいセンター3階,35.757427,139.447372,,,,5,,原則第3日曜日（要問合せ）,11:00,13:00,,,0,0,0,,,中学生まで無料,,,,,,,,,,,"テイクアウト可
（要相談）",東村山市,子ども食堂一覧,クリエイティブ・コモンズ 表示（CC BY）,https://www.opendata.metro.tokyo.lg.jp/higashimurayama/132136_higashimurayamashi_kodomosyokudo.csv
132136,,東京都,東村山市,東村山地域食堂ふたば,ヒガシムラヤマチイキショクドウフタバ,,,東京都東村山市野口町1-15-5,グランドハイツ野口１階,35.761208,139.462891,,,,5,,第3土曜日,12:00,,調理10:00～、食事12:00～,,100,100,100,100,200,18歳まで100円,,,,,,,,,,,,東村山市,子ども食堂一覧,クリエイティブ・コモンズ 表示（CC BY）,https://www.opendata.metro.tokyo.lg.jp/higashimurayama/132136_higashimurayamashi_kodomosyokudo.csv
132136,,東京都,東村山市,SOMPO流　子ども食堂（八坂）,ソンポリュウコドモショクドウヤサカ,,,東京都東村山市栄町3-23-1,,35.745415,139.465118,,,,5,,第4土曜日,11:30,13:30,,,0,0,0,0,300,18歳まで無料,,,,,,,,,,,,東村山市,子ども食堂一覧,クリエイティブ・コモンズ 表示（CC BY）,https://www.opendata.metro.tokyo.lg.jp/higashimurayama/132136_higashimurayamashi_kodomosyokudo.csv
132136,,東京都,東村山市,SOMPO流　子ども食堂（萩山）,ソンポリュウコドモショクドウハギヤマ,,,東京都東村山市萩山町2-9-46,,35.740032,139.478653,,,,5,,第3土曜日,12:30,14:30,,,0,0,0,0,300,18歳まで無料,,,,,,,,,,,,東村山市,子ども食堂一覧,クリエイティブ・コモンズ 表示（CC BY）,https://www.opendata.metro.tokyo.lg.jp/higashimurayama/132136_higashimurayamashi_kodomosyokudo.csv
132136,,東京都,東村山市,SOMPO流　子ども食堂（久米川）,ソンポリュウコドモショクドウクメガワ,,,東京都東村山市美住町1-19-10,,35.750439,139.458633,,,,5,,第2土曜日,12:00,15:00,,,0,0,0,0,300,18歳まで無料,,,,,,,,,,,,東村山市,子ども食堂一覧,クリエイティブ・コモンズ 表示（CC BY）,https://www.opendata.metro.tokyo.lg.jp/higashimurayama/132136_higashimurayamashi_kodomosyokudo.csv
132136,,東京都,東村山市,子どもたちのお弁当屋さん,コドモタチノオベントウヤサン,,,東京都東村山市富士見町2-19-23,,35.737759,139.450439,,,,8,,,16:00,18:00,,,100,100,100,100,,20歳まで100円,,,,,,,,,,,テイクアウトのみ可（要予約）,東村山市,子ども食堂一覧,クリエイティブ・コモンズ 表示（CC BY）,https://www.opendata.metro.tokyo.lg.jp/higashimurayama/132136_higashimurayamashi_kodomosyokudo.csv
132136,,東京都,東村山市,恩多こども食堂,オンタコドモショクドウ,,,東京都東村山市恩多町3-3-22,集会所（101号室）,35.753193,139.47908,,,,3,金,,16:00,19:00,要問合せ,,0,0,0,0,300,18歳以下無料,,,,,,,,,,,,東村山市,子ども食堂一覧,クリエイティブ・コモンズ 表示（CC BY）,https://www.opendata.metro.tokyo.lg.jp/higashimurayama/132136_higashimurayamashi_kodomosyokudo.csv
132128,1,東京都,日野市,おむすびキッチン,オムスビキッチン,,,日野市日野本町,,35.67662,139.401184,,,,,,,,,,,,,,,,,,,,,,,,,,,,日野市,子ども食堂一覧,クリエイティブ・コモンズ 表示（CC BY）,https://www.opendata.metro.tokyo.lg.jp/hino/132128_hinoshi_kodomosyokudo.csv
132128,2,東京都,日野市,子ども食堂さくらちゃん,コドモショクドウサクラチャン,,,日野市大坂上,,35.677238,139.391296,,,,,,,,,,,,,,,,,,,,,,,,,,,,日野市,子ども食堂一覧,クリエイティブ・コモンズ 表示（CC BY）,https://www.opendata.metro.tokyo.lg.jp/hino/132128_hinoshi_kodomosyokudo.csv
132128,3,東京都,日野市,こぼし場　ななめ食堂,コボシバナナメショクドウ,,,日野市大坂上,,35.677238,139.391296,,,,,,,,,,,,,,,,,,,,,,,,,,,,日野市,子ども食堂一覧,クリエイティブ・コモンズ 表示（CC BY）,https://www.opendata.metro.tokyo.lg.jp/hino/132128_hinoshi_kodomosyokudo.csv
132128,4,東京都,日野市,すみれ食堂,スミレショクドウココワ,,,日野市大坂上,,35.677238,139.391296,,,,,,,,,,,,,,,,,,,,,,,,,,,,日野市,子ども食堂一覧,クリエイティブ・コモンズ 表示（CC BY）,https://www.opendata.metro.tokyo.lg.jp/hino/132128_hinoshi_kodomosyokudo.csv
132128,5,東京都,日野市,西平山子どもゼロえん食堂,ニシヒラヤマコドモゼロエンショクドウ,,,日野市西平山,,35.647652,139.373871,,,,,,,,,,,,,,,,,,,,,,,,,,,,日野市,子ども食堂一覧,クリエイティブ・コモンズ 表示（CC BY）,https://www.opendata.metro.tokyo.lg.jp/hino/132128_hinoshi_kodomosyokudo.csv
132128,6,東京都,日野市,ひのたま食堂,ヒノタマショクドウ,,,日野市日野本町,,35.67662,139.401184,,,,,,,,,,,,,,,,,,,,,,,,,,,,日野市,子ども食堂一覧,クリエイティブ・コモンズ 表示（CC BY）,https://www.opendata.metro.tokyo.lg.jp/hino/132128_hinoshi_kodomosyokudo.csv
132128,7,東京都,日野市,みんなのくれよんランチ,ミンナノクレヨンランチ,,,日野市神明,,35.670719,139.396866,,,,,,,,,,,,,,,,,,,,,,,,,,,,日野市,子ども食堂一覧,クリエイティブ・コモンズ 表示（CC BY）,https://www.opendata.metro.tokyo.lg.jp/hino/132128_hinoshi_kodomosyokudo.csv
,1,,,,,,,日野市旭が丘,,35.655525,139.373672,,,,,,,,,,,,,,,,,,,,,,,,,,,,日野市,子ども食堂一覧,クリエイティブ・コモンズ 表示（CC BY）,https://www.opendata.metro.tokyo.lg.jp/hino/132128_hinoshi_kodomosyokudo_tsuika.csv
,1,,,,,,,日野市平山,,35.643295,139.388351,,,,,,,,,,,,,,,,,,,,,,,,,,,,日野市,子ども食堂一覧,クリエイティブ・コモンズ 表示（CC BY）,https://www.opendata.metro.tokyo.lg.jp/hino/132128_hinoshi_kodomosyokudo_tsuika.csv
,3,,,,,,,日野市神明,,35.670719,139.396866,,,,,,,,,,,,,,,,,,,,,,,,,,,,日野市,子ども食堂一覧,クリエイティブ・コモンズ 表示（CC BY）,https://www.opendata.metro.tokyo.lg.jp/hino/132128_hinoshi_kodomosyokudo_tsuika.csv
132101,1,東京都,小金井市,食・学・活きるみんなの居場所また明日,ショクマナブイキルミンナノイバショマタアシタ,,,東京都小金井市貫井南町4丁目14番14号1階,,35.69595,139.494324,,,,,毎月第3水曜日,,17:00,19:00,,,,,,,,,,,70,,,,,,,,,小金井市,子ども食堂一覧,クリエイティブ・コモンズ 表示（CC BY）,https://www.opendata.metro.tokyo.lg.jp/koganei/132101_kodomosyokudo.csv
132101,2,東京都,小金井市,みんなのおうちりんごっこハウス,ミンナノオウチリンゴッコハウス,,,東京都小金井市中町4丁目7番7号,,35.694691,139.508301,https://yu-park.wixsite.com/ringokkohouse,,,,毎月第3木曜日第4火曜日,,17:00,20:00,毎月第4火曜日は中高生対象,,,,,,,,,,50,,,,,,,,,小金井市,子ども食堂一覧,クリエイティブ・コモンズ 表示（CC BY）,https://www.opendata.metro.tokyo.lg.jp/koganei/132101_kodomosyokudo.csv
132101,3,東京都,小金井市,こきんダイナー,コキンダイナー,,,東京都小金井市緑町3丁目3番23号 公民館緑分館研修室,,35.709995,139.516052,https://forms.gle/aqhFyvPjBibamgdq5,,,月2回,,,12:00,14:00,場所を確保できた日,,,,,,,,,,25,,,,,,,,,小金井市,子ども食堂一覧,クリエイティブ・コモンズ 表示（CC BY）,https://www.opendata.metro.tokyo.lg.jp/koganei/132101_kodomosyokudo.csv
132101,4,東京都,小金井市,元気もり杜子ども食堂,ゲンキモリモリコドモショクドウ,,,東京都小金井市本町4丁目7番1号,,35.708359,139.501038,,,,,毎月第4水曜日,,17:00,19:00,,,,,,,,,,,30,,,,,,,,,小金井市,子ども食堂一覧,クリエイティブ・コモンズ 表示（CC BY）,https://www.opendata.metro.tokyo.lg.jp/koganei/132101_kodomosyokudo.csv
132101,5,東京都,小金井市,こども食堂はけのそら,コドモショクドウハケノソラ,,,東京都小金井市中町1丁目8番20号,,35.695637,139.509888,,,,,毎月第4土曜日,,12:00,14:00,,,,,,,,,,,30,,,,,,,,,小金井市,子ども食堂一覧,クリエイティブ・コモンズ 表示（CC BY）,https://www.opendata.metro.tokyo.lg.jp/koganei/132101_kodomosyokudo.csv
132098,1,東京都,町田市,にこにこ清風食堂,ニコニコセイフウショクドウ,食事支援,,東京都町田市金井6-15-1,金井中学校,35.57641,139.46245,https://ameblo.jp/seifu-nikoniko/,7010605000627,社会福祉法人賛育会,5,木,,17:30,18:30,,,200,200,200,200,200,,,,80,,1,132098H00032,町田市子ども食堂ネットワーク,,,,,町田市,子ども食堂一覧,クリエイティブ・コモンズ 表示（CC BY）,https://www.opendata.metro.tokyo.lg.jp/machida/132098_machidashi_kodomosyokudo.csv
132098,2,東京都,町田市,みんなでごはん,ミンナデゴハン,食事支援,,東京都町田市小川3-2-3,たすけあい小川地域交流スペース,35.525053,139.467785,https://minnadegohanmachida.jimdosite.com/,,みんなで　ごはん,5,金,,16:00,20:00,,,50,100,100,100,300,,,,,,,132098H00020,町田市子ども食堂ネットワーク,,,,,町田市,子ども食堂一覧,クリエイティブ・コモンズ 表示（CC BY）,https://www.opendata.metro.tokyo.lg.jp/machida/132098_machidashi_kodomosyokudo.csv
132098,3,東京都,町田市,コミュニティキッチン鶴川,コミュニティキッチンツルカワ,食事支援,,東京都町田市能ヶ谷3-2-1,鶴川地域コミュニティRELACE,35.584662,139.486155,https://m.facebook.com/commufire/,9012305001713,NPO法人コミュニティフレンド,5,土,,17:00,19:00,,,100,100,100,100,300,,グーグルフォーム,,,,,132098H00027,町田市子ども食堂ネットワーク,,,,,町田市,子ども食堂一覧,クリエイティブ・コモンズ 表示（CC BY）,https://www.opendata.metro.tokyo.lg.jp/machida/132098_machidashi_kodomosyokudo.csv
132098,4,東京都,町田市,ふくちゃん食堂,フクチャンショクドウ,食事支援,,東京都町田市野津田町38-2,ぐるんぱ放課後クラブ,35.584883,139.43348,,1012305000219,社会福祉法人福音会,4,水,,16:00,19:30,,,300,300,300,300,300,,,事前登録必要；予約不要,,,,132098H00026,町田市子ども食堂ネットワーク,,,,,町田市,子ども食堂一覧,クリエイティブ・コモンズ 表示（CC BY）,https://www.opendata.metro.tokyo.lg.jp/machida/132098_machidashi_kodomosyokudo.csv
132098,5,東京都,町田市,レッツごはん,レッツゴハン,食事支援,,東京都町田市真光寺2-13-20,つるかわ台教会会堂,35.602697,139.468947,,,チームレッツごはん,5,水,,,,第4水曜日(1)17：00～17：45　(2)17：45～18：30　15：00～18：00(食材配布）,,100,100,100,100,300,食材配布は無料,電話,,,,1,132098H00030,町田市子ども食堂ネットワーク,,,,,町田市,子ども食堂一覧,クリエイティブ・コモンズ 表示（CC BY）,https://www.opendata.metro.tokyo.lg.jp/machida/132098_machidashi_kodomosyokudo.csv
132098,6,東京都,町田市,おむすび食堂＆冒険遊び場おむすび,オムスビショクドウアンドボウケンアソビバオムスビ,食事支援,,東京都町田市玉川学園6-2-16,玉川学園なかよし公園,35.568379,139.46392,https://lit.link/OMUSUBi,6012305001988,一般社団法人OMUSUBi,5,土,,10:00,14:00,,,0,0,0,0,300,,,,,,,132098H00005,町田市子ども食堂ネットワーク,,,,,町田市,子ども食堂一覧,クリエイティブ・コモンズ 表示（CC BY）,https://www.opendata.metro.tokyo.lg.jp/machida/132098_machidashi_kodomosyokudo.csv
132098,7,東京都,町田市,キッチン南いただきます,キッチンミナミイタダキマス,食事支援,,東京都町田市南町田1-9-20,原クラブ会館,35.522782,139.467597,,,キッチン南いただきますの会,5,土,,12:30,15:00,,,100,100,100,100,300,3歳以下は無料,,,,,,132098H00007,町田市子ども食堂ネットワーク,,,,,町田市,子ども食堂一覧,クリエイティブ・コモンズ 表示（CC BY）,https://www.opendata.metro.tokyo.lg.jp/machida/132098_machidashi_kodomosyokudo.csv
132098,8,東京都,町田市,めいちゃんの活き生き食堂,メイチャンノイキイキショクドウ,食事支援,,東京都町田市小山町1729-1,訪問看護ステーションまちきた内2階,35.595145,139.381966,,4012301010508,株式会社メイコミット,8,,,,,(会食)16：30～18：30　(配食)12：00～18：00,,100,100,100,100,300,,,,,,,132098H00029,町田市子ども食堂ネットワーク,,,,,町田市,子ども食堂一覧,クリエイティブ・コモンズ 表示（CC BY）,https://www.opendata.metro.tokyo.lg.jp/machida/132098_machidashi_kodomosyokudo.csv
132098,9,東京都,町田市,きららボナペティこども食堂,キララボナペティコドモショクドウ,食事支援,,東京都町田市忠生1-5-3,きららデイリハてをつなごう,35.574021,139.424938,,3012305001462,NPO法人きらら,7,,,,,,,200,200,200,200,300,,,,,,,132098H00036,町田市子ども食堂ネットワーク,,,,,町田市,子ども食堂一覧,クリエイティブ・コモンズ 表示（CC BY）,https://www.opendata.metro.tokyo.lg.jp/machida/132098_machidashi_kodomosyokudo.csv
132098,10,東京都,町田市,みんなの子ども食堂さくらんぼう,ミンナノコドモショクドウサクランボウ,食事支援,,東京都町田市小山田桜台1-20,UR貸店舗5号室　ほっとスペースさくらさくら,35.590656,139.402832,https://www.facebook.com/groups/sakuranbou,,みんなの子ども食堂さくらんぼう,3,火金土,,,,第2火曜日 17：30～　第2金曜日 18：00～　第3土曜日 10：00～　第4土曜日 12：00～,,0,0,0,0,500,食材配布、第3土曜日は大人も無料,,,,,,132098H00042,町田市子ども食堂ネットワーク,,,,,町田市,子ども食堂一覧,クリエイティブ・コモンズ 表示（CC BY）,https://www.opendata.metro.tokyo.lg.jp/machida/132098_machidashi_kodomosyokudo.csv
132098,11,東京都,町田市,みんなの食堂,ミンナノショクドウ,食事支援,,東京都町田市高ヶ坂7-28-2,高ヶ坂第2アパート集会場,35.539001,139.461769,,,みんなの食堂,5,金,,17:00,,,,100,100,100,100,300,,,,,,1,132098H00024,町田市子ども食堂ネットワーク,,,,,町田市,子ども食堂一覧,クリエイティブ・コモンズ 表示（CC BY）,https://www.opendata.metro.tokyo.lg.jp/machida/132098_machidashi_kodomosyokudo.csv
132098,12,東京都,町田市,すまいるキッチン,スマイルキッチン,食事支援,,東京都町田市原町田4-18-3,町田中央教会,35.543317,139.450857,https://sequoia-name-8e1.notion.site/6b6704fed85943b5aa309cc2d3990d81,,町田すまいるキッチン,5,木,,18:00,19:30,,,100,100,100,100,300,,,,,,,132098H00002,町田市子ども食堂ネットワーク,,,,,町田市,子ども食堂一覧,クリエイティブ・コモンズ 表示（CC BY）,https://www.opendata.metro.tokyo.lg.jp/machida/132098_machidashi_kodomosyokudo.csv
132098,13,東京都,町田市,こども食堂せかい,コドモショクドウセカイ,食事支援,,東京都町田市小山町1149-17,soup-yaSEKAI.,35.595005,139.374568,https://instagram.com/sekai_2022?igshid=OGQ5ZDc2ODk2ZA==,,soup-yaSEKAI.,1,火水木金土日,,,,毎週火曜日～木曜日 11：30～18：00　毎週金曜日～土曜日 11：30～20：00(15～17時休憩）　第4日曜日 12：00～(お弁当配布のみ),,0,0,0,0,,大人は弁当配布のみ無料、店内飲食は有料,,,,,1,132098H00029,町田市子ども食堂ネットワーク,,,,,町田市,子ども食堂一覧,クリエイティブ・コモンズ 表示（CC BY）,https://www.opendata.metro.tokyo.lg.jp/machida/132098_machidashi_kodomosyokudo.csv
132098,14,東京都,町田市,こども・コミュニティ食堂あいはらごはん,コドモ・コミュニティショクドウアイハラゴハン,食事支援,,東京都町田市相原町547-14,実りの杜チャペル,35.607238,139.33948,,,こども・コミュニティ食堂「あいはらごはん」,5,金,,17:00,19:00,,,100,100,100,100,100,,,,,,,132098H00035,町田市子ども食堂ネットワーク,,,,,町田市,子ども食堂一覧,クリエイティブ・コモンズ 表示（CC BY）,https://www.opendata.metro.tokyo.lg.jp/machida/132098_machidashi_kodomosyokudo.csv
132098,15,東京都,町田市,寺子屋ごはん,テラコヤゴハン,食事支援,,東京都町田市成瀬台2-34-12,エヴァグリーン・チャペル,35.549972,139.480331,https://terakoyagohan.jimdofree.com/,,寺子屋ごはん,4,,,15:00,17:30,,,100,100,100,100,100,3歳未満は無料,,,,,,132098H00018,町田市子ども食堂ネットワーク,,,,,町田市,子ども食堂一覧,クリエイティブ・コモンズ 表示（CC BY）,https://www.opendata.metro.tokyo.lg.jp/machida/132098_machidashi_kodomosyokudo.csv
132098,16,東京都,町田市,しぜんの国食堂,シゼンノクニショクドウ,食事支援,,東京都町田市忠生2-5-3,しぜんの国保育園旧園舎,35.578024,139.424857,https://sizen-no-kuni.net/,8012305000212,社会福祉法人東香会,5,火,,,,第2火曜日　(1)17：00～18：00　(2)18：00～19：00,,100,100,200,200,500,,グーグルフォーム,,60,,,132098H00036,町田市子ども食堂ネットワーク,,,,,町田市,子ども食堂一覧,クリエイティブ・コモンズ 表示（CC BY）,https://www.opendata.metro.tokyo.lg.jp/machida/132098_machidashi_kodomosyokudo.csv
132098,17,東京都,町田市,SouZoo食堂,ソウゾーショクドウ,食事支援,,東京都町田市小山ヶ丘1-14-1,桜美林ガーデンヒルズ内交流棟,35.595422,139.389241,https://welfuture.co.jp/souzoolp/,1010401081728,株式会社ウェルフューチャー,5,土,,12:00,14:00,,,0,0,0,0,0,,,,,,,132098H00031,町田市子ども食堂ネットワーク,,,,,町田市,子ども食堂一覧,クリエイティブ・コモンズ 表示（CC BY）,https://www.opendata.metro.tokyo.lg.jp/machida/132098_machidashi_kodomosyokudo.csv
132098,18,東京都,町田市,東光寺いこいの広場,トウコウジイコイノヒロバ,食事支援,,東京都町田市南成瀬8-1-14,南成瀬ひがし町内会館,35.535156,139.486718,https://twitter.com/toukoujiikoi?s=21&t=xbfP6FcOd02-gQiuHUKOhA,,東光寺いこいの広場,5,金,,15:00,19:00,,,100,100,100,100,300,,,,30,,,132098H00023,町田市子ども食堂ネットワーク,,,,,町田市,子ども食堂一覧,クリエイティブ・コモンズ 表示（CC BY）,https://www.opendata.metro.tokyo.lg.jp/machida/132098_machidashi_kodomosyokudo.csv
132098,19,東京都,町田市,みんなdeごはん,ミンナデゴハン,食事支援,,東京都町田市三輪町392,ビジョンセンター内,35.578271,139.499809,https://www.facebook.com/minnna.de.gohann,7020005005671,NPO法人ラブネイバーズ,4,土,,17:00,19:00,,,0,0,0,0,300,,電話,,60,,,132098H00034,町田市子ども食堂ネットワーク,,,,,町田市,子ども食堂一覧,クリエイティブ・コモンズ 表示（CC BY）,https://www.opendata.metro.tokyo.lg.jp/machida/132098_machidashi_kodomosyokudo.csv
,1,東京都,昭島市,あきしまこどもクッキング,アキシマコドモクッキング,,,東京都昭島市つつじが丘3-7-7,公民館3階実習室,35.713005,139.366425,,,,5,水,,,,,,,,,,,,,,,,,,,,,,,昭島市,子ども食堂一覧,クリエイティブ・コモンズ 表示（CC BY）,https://www.opendata.metro.tokyo.lg.jp/akishima/132071_akishimashi_kodomosyokudo.csv
,2,東京都,昭島市,たまりば☆ぬくぬく,タマリバヌクヌク,,,東京都昭島市松原町1-3-10,松原町コミュニティセンター,35.712029,139.356873,,,,5,水,,,,,,,,,,,,,,,,,,,,,,,昭島市,子ども食堂一覧,クリエイティブ・コモンズ 表示（CC BY）,https://www.opendata.metro.tokyo.lg.jp/akishima/132071_akishimashi_kodomosyokudo.csv
,3,東京都,昭島市,あおぞらみんな食堂,アオゾラミンナショクドウ,,,東京都昭島市郷地町2-20-24,あおぞらみんなカフェ,35.697132,139.385498,,,,3,木,,,,,,,,,,,,,,,,,,,,,,,昭島市,子ども食堂一覧,クリエイティブ・コモンズ 表示（CC BY）,https://www.opendata.metro.tokyo.lg.jp/akishima/132071_akishimashi_kodomosyokudo.csv
,4,東京都,昭島市,あのねの会あのね食堂,アノネノカイアノネショクドウ,,,東京都昭島市宮沢町512-13,昭文自治会館,35.71418,139.374084,,,,3,水日,,,,,,,,,,,,,,,,,,,,,,,昭島市,子ども食堂一覧,クリエイティブ・コモンズ 表示（CC BY）,https://www.opendata.metro.tokyo.lg.jp/akishima/132071_akishimashi_kodomosyokudo.csv
,5,東京都,昭島市,子ども料理ひろば,コドモリョウリヒロバ,,,東京都昭島市玉川町5-13-13,西総ビル101 ひだまりルーム,35.703201,139.377106,,,,5,土,,,,,,,,,,,,,,,,,,,,,,,昭島市,子ども食堂一覧,クリエイティブ・コモンズ 表示（CC BY）,https://www.opendata.metro.tokyo.lg.jp/akishima/132071_akishimashi_kodomosyokudo.csv
,6,東京都,昭島市,昭島子ども食堂みほりん広場,アキシマコドモショクドウミホリンヒロバ,,,東京都昭島市拝島町3926-11,堀向公会堂,35.718567,139.360031,,,,5,土,,,,,,,,,,,,,,,,,,,,,,,昭島市,子ども食堂一覧,クリエイティブ・コモンズ 表示（CC BY）,https://www.opendata.metro.tokyo.lg.jp/akishima/132071_akishimashi_kodomosyokudo.csv
,3,,,,,,,東京都昭島市朝日町4-5,いこい公園,35.705967,139.370178,,,,,,,,,,,,,,,,,,,,,,,,,,,,昭島市,子ども食堂一覧,クリエイティブ・コモンズ 表示（CC BY）,https://www.opendata.metro.tokyo.lg.jp/akishima/132071_akishimashi_kodomosyokudo_tsuika.csv
,3,,,,,,,東京都昭島市郷地町2-20-5,昭島めぐみ教会,35.696857,139.386063,,,,,,,,,,,,,,,,,,,,,,,,,,,,昭島市,子ども食堂一覧,クリエイティブ・コモンズ 表示（CC BY）,https://www.opendata.metro.tokyo.lg.jp/akishima/132071_akishimashi_kodomosyokudo_tsuika.csv
132063,1,東京都,府中市,あおばこどもの居場所,アオバコドモノイバショ,こどもの健やかな育ちを通して地域のコミュニティ作りを支援する。,学習支援,東京都府中市紅葉丘1-35,紅葉丘公会堂,35.675999,139.51358,https://fuchu-planet.jp/organizations/169,,,5,日,,11:00,12:00,,,,,,,,,,,,1,,,府中市こども食堂ネットワーク「100人こども食堂」,,,,,府中市,子ども食堂一覧,クリエイティブ・コモンズ 表示（CC BY）,https://www.opendata.metro.tokyo.lg.jp/fuchu/132063_fuchushi_kodomosyokudo.csv
132063,2,東京都,府中市,いっちゃん家わくわく子ども食堂,イッチャンチワクワクコドモショクドウ,,,東京都府中市住吉町5-17-7-101,テラッツァ,35.657455,139.456161,,,,5,日,,12:00,14:00,,,,,,,,,,,,,,,府中市こども食堂ネットワーク「100人こども食堂」,,,,,府中市,子ども食堂一覧,クリエイティブ・コモンズ 表示（CC BY）,https://www.opendata.metro.tokyo.lg.jp/fuchu/132063_fuchushi_kodomosyokudo.csv
132063,3,東京都,府中市,グレイスキッチン,グレイスキッチン,,フリースペース;無料物品コーナー,東京都府中市白糸台4-2-8,グレイスハウス,35.665356,139.50914,https://gracekitchen.jimdofree.com/,,,5,土,,12:00,13:00,,,,,,,300,,予約フォーム,前日午後4時頃締切(早めに締め切る場合もある),,1,,,府中市こども食堂ネットワーク「100人こども食堂」,,,,,府中市,子ども食堂一覧,クリエイティブ・コモンズ 表示（CC BY）,https://www.opendata.metro.tokyo.lg.jp/fuchu/132063_fuchushi_kodomosyokudo.csv
132063,4,東京都,府中市,子ども食堂・なな,コドモショクドウ・ナナ,,,東京都府中市武蔵台2-2,武蔵台文化センター,35.688625,139.460953,https://twitter.com/MusashidaiN,,,5,日,,12:00,14:00,,,,,,,,,,,,,,,府中市こども食堂ネットワーク「100人こども食堂」,,,,,府中市,子ども食堂一覧,クリエイティブ・コモンズ 表示（CC BY）,https://www.opendata.metro.tokyo.lg.jp/fuchu/132063_fuchushi_kodomosyokudo.csv
132063,5,東京都,府中市,こどもの居場所作り＠府中,コドモノイバショヅクリフチュウ,,,東京都府中市片町2-2,片町公会堂,35.669476,139.473419,https://www.facebook.com/ibasho.fuchu,,,5,月,,17:00,19:00,,,,,,,,,,,,1,,,府中市こども食堂ネットワーク「100人こども食堂」,,,,,府中市,子ども食堂一覧,クリエイティブ・コモンズ 表示（CC BY）,https://www.opendata.metro.tokyo.lg.jp/fuchu/132063_fuchushi_kodomosyokudo.csv
132063,6,東京都,府中市,新町こどもカレー食堂,シンマチコドモカレーショクドウ,,学習支援,東京都府中市新町3-1,新町三丁目自治会 東集会場,35.690559,139.485855,,,,5,土,,11:30,14:30,,,,,,,,,,,,1,,,府中市こども食堂ネットワーク「100人こども食堂」,,,,,府中市,子ども食堂一覧,クリエイティブ・コモンズ 表示（CC BY）,https://www.opendata.metro.tokyo.lg.jp/fuchu/132063_fuchushi_kodomosyokudo.csv
132063,7,東京都,府中市,とうきょうどけん子ども食堂,トウキョウドケンコドモショクドウ,,,東京都府中市晴見町2-15-5,東京土建 府中国立支部,35.681515,139.472641,https://twitter.com/tokyodokenFK,,,5,土,,17:30,19:30,,,,,,,,,,,,,,,府中市こども食堂ネットワーク「100人こども食堂」,,,,,府中市,子ども食堂一覧,クリエイティブ・コモンズ 表示（CC BY）,https://www.opendata.metro.tokyo.lg.jp/fuchu/132063_fuchushi_kodomosyokudo.csv
132063,8,東京都,府中市,にっころ食堂,ニッコロショクドウ,,,東京都府中市日新町4-46-7,,35.670513,139.442062,https://twitter.com/nikkorosyokudou,,,5,火,,16:00,19:00,,,,,,,,,,,,1,,,府中市こども食堂ネットワーク「100人こども食堂」,,,,,府中市,子ども食堂一覧,クリエイティブ・コモンズ 表示（CC BY）,https://www.opendata.metro.tokyo.lg.jp/fuchu/132063_fuchushi_kodomosyokudo.csv
132063,9,東京都,府中市,ひがしふちゅう駅前こども食堂,ヒガシフチュウエキマエコドモショクドウ,,学習支援,東京都府中市清水が丘1-2,東府中公会堂,35.669128,139.49408,https://hkodomoshokudou.jimdofree.com,,,5,水,,17:30,19:00,11月～2月は17：00～18：30,,,,,,300,,,,,1,,,府中市こども食堂ネットワーク「100人こども食堂」,,,,,府中市,子ども食堂一覧,クリエイティブ・コモンズ 表示（CC BY）,https://www.opendata.metro.tokyo.lg.jp/fuchu/132063_fuchushi_kodomosyokudo.csv
132063,10,東京都,府中市,みんなの食堂,ミンナノショクドウ,,,府中市宮町1-100 ,府中市市民活動センター プラッツ 料理室,35.67123,139.481461,https://peraichi.com/landing_pages/view/minna-fuchu,,,5,,,,,固定された開催曜日及び日時はないものの、月に１回のペースで開催,,,,,,,,,,,1,,,府中市こども食堂ネットワーク「100人こども食堂」,,,,,府中市,子ども食堂一覧,クリエイティブ・コモンズ 表示（CC BY）,https://www.opendata.metro.tokyo.lg.jp/fuchu/132063_fuchushi_kodomosyokudo.csv
132063,11,東京都,府中市,ラ・メンサ・デリ・アンジェリ 天使の食卓,ラメンサデリアンジェリ テンシノショクタク,地域に開かれた教会を目指す。,学習支援,東京都府中市府中町1-40-11,カトリック府中教会,35.677242,139.479935,,,,4,土,,11:30,13:30,,,,,,,,,,,,1,,,府中市こども食堂ネットワーク「100人こども食堂」,,,,,府中市,子ども食堂一覧,クリエイティブ・コモンズ 表示（CC BY）,https://www.opendata.metro.tokyo.lg.jp/fuchu/132063_fuchushi_kodomosyokudo.csv
132055,132055171501 ,東京都,青梅市,武尊塾,ブソンジュク,,学習支援,東京都青梅市東青梅3-22-4,東京武尊会館,35.789616,139.278397,https://www.busonkai-busonjuku.jp/,8013105001441,社会福祉法人東京武尊会,3,月木,,16:00,20:00,,,,200,200,,,,,,,,,,,,,,,青梅市,子ども食堂一覧,クリエイティブ・コモンズ 表示（CC BY）,https://www.opendata.metro.tokyo.lg.jp/ome/132055_omeshi_kodomosyokudo.csv
132055,132055171502 ,東京都,青梅市,すぺーすまゆだま,スペースマユダマ,,,東京都青梅市友田町3-96-1,,35.772816,139.288696,https://www.mayudama2018.jp/,2013105001083,社会福祉法人長淵福祉会カントリービラ青梅,3,金,,16:00,19:00,,,0,0,0,0,0,,,,,,,,,,,,,青梅市,子ども食堂一覧,クリエイティブ・コモンズ 表示（CC BY）,https://www.opendata.metro.tokyo.lg.jp/ome/132055_omeshi_kodomosyokudo.csv
132055,132055171503 ,東京都,青梅市,か～もくの会,カーモクノカイ,,,東京都青梅市勝沼3-78,KTホール,35.789818,139.266708,,5013105001205,特定非営利活動法人子どもと文化のNPO子ども劇場西多摩,3,火,,17:00,19:00,,,,0,0,0,,,,,,,,,,,,,,青梅市,子ども食堂一覧,クリエイティブ・コモンズ 表示（CC BY）,https://www.opendata.metro.tokyo.lg.jp/ome/132055_omeshi_kodomosyokudo.csv
132055,132055171504 ,東京都,青梅市,子どもFREE・CAFE,コドモフリーカフェ,,,東京都青梅市勝沼3-78,KTホール,35.789818,139.266708,,5013105001205,特定非営利活動法人子どもと文化のNPO子ども劇場西多摩,1,水木金土日,,10:00,17:00,,,0,0,0,0,,,,,,,,,,,,,,青梅市,子ども食堂一覧,クリエイティブ・コモンズ 表示（CC BY）,https://www.opendata.metro.tokyo.lg.jp/ome/132055_omeshi_kodomosyokudo.csv
132055,132055171505 ,東京都,青梅市,なかま亭,ナカヤマテイ,,,東京都青梅市今寺4-6-25,,35.79657,139.299545,,5013105001213,社会福祉法人青梅なかまの会,3,土,,10:30,13:00,,,0,0,0,,,,,,,,1,,,,,,,青梅市,子ども食堂一覧,クリエイティブ・コモンズ 表示（CC BY）,https://www.opendata.metro.tokyo.lg.jp/ome/132055_omeshi_kodomosyokudo.csv
132055,132055171506 ,東京都,青梅市,どんぐりやま,ドングリヤマ,,,東京都青梅市今寺3-379-8,,35.798805,139.298676,http://donguriyama2020.com/,2013105001752,特定非営利活動法人子どもステイションどんぐりやま,5,水,,17:00,18:00,,,,100,200,200,300,,,,,,1,,,,,,,青梅市,子ども食堂一覧,クリエイティブ・コモンズ 表示（CC BY）,https://www.opendata.metro.tokyo.lg.jp/ome/132055_omeshi_kodomosyokudo.csv
132055,132055171507 ,東京都,青梅市,ゆうやけ子ども食堂かすみ,ユウヤケコドモショクドウカスミ,,,東京都青梅市藤橋2-614-18,福わ家,35.79903,139.301941,,2013105001752,特定非営利活動法人子どもステイションどんぐりやま,5,金,,16:00,19:00,毎月第２金曜日,,,100,200,200,300,,,,,,1,,,,,,,青梅市,子ども食堂一覧,クリエイティブ・コモンズ 表示（CC BY）,https://www.opendata.metro.tokyo.lg.jp/ome/132055_omeshi_kodomosyokudo.csv
132055,132055171508 ,東京都,青梅市,Kanpa cafe mio,カンパカフェミーオ,,,東京都青梅市勝沼3-78,KTホールぶらりカフェ,35.789818,139.266708,,,,3,木,偶数月の第３土曜日,15:00,19:00,土曜日は、10:00～19:00,,0,0,0,0,,,,,,,,,,,,,,青梅市,子ども食堂一覧,クリエイティブ・コモンズ 表示（CC BY）,https://www.opendata.metro.tokyo.lg.jp/ome/132055_omeshi_kodomosyokudo.csv
132055,132055171509 ,東京都,青梅市,和楽倶楽部,ワラククラブ,,,東京都青梅市今井2,七日市場公会堂,35.805725,139.312744,,,,5,土,,15:00,18:00,,,100,100,100,300,300,70歳以上は200円,,,,,,,,,,,,青梅市,子ども食堂一覧,クリエイティブ・コモンズ 表示（CC BY）,https://www.opendata.metro.tokyo.lg.jp/ome/132055_omeshi_kodomosyokudo.csv
132055,132055171510 ,東京都,青梅市,CAFE TOIRO,カフェトイロ,,,東京都青梅市野上町3-19-4,,35.789551,139.290253,https://www.cafe-toiro.jp/,4030001108125,株式会社モアスマイルプロジェクト,2,月水金,,16:30,18:00,,,,0,0,0,,,,,,,,,,,,,,青梅市,子ども食堂一覧,クリエイティブ・コモンズ 表示（CC BY）,https://www.opendata.metro.tokyo.lg.jp/ome/132055_omeshi_kodomosyokudo.csv
132039,1,東京都,武蔵野市,みかづき子ども食堂,ミカヅキコドモショクドウ,,,,,,,,,特定非営利活動法人ワーカーズどんぐり,5,土,,,,開催日は毎月第1土曜日,,,,,,,,,,,,,,,,,,開催場所は市内コミュニティセンターを予定。詳細は団体へ連絡してください。,武蔵野市,子ども食堂一覧,クリエイティブ・コモンズ 表示（CC BY）,https://www.opendata.metro.tokyo.lg.jp/musashino/132039_musashinoshi_kodomosyokudo.csv
132039,2,東京都,武蔵野市,ゆとりえもったいない食堂,ユトリエモッタイナイショクドウ,,,東京都武蔵野市吉祥寺南町4−25−5,,35.69886,139.591843,,,特別養護老人ホームゆとりえ,3,水,,11:45,12:15,,,200,200,200,200,200,10食限定,電話,締切：火曜17時まで,10,,,,,,,,,武蔵野市,子ども食堂一覧,クリエイティブ・コモンズ 表示（CC BY）,https://www.opendata.metro.tokyo.lg.jp/musashino/132039_musashinoshi_kodomosyokudo.csv
132039,3,東京都,武蔵野市,わいわいライス,ワイワイライス,,,東京都武蔵野市緑町1−5−22,木村慶　一級建築士事務所１階,35.713974,139.561691,,,NPOまほろばaim,5,水,,18:00,19:00,開催日は毎月第4水曜日,小学生のみ,,,,,,,,,,,,,,,,,,武蔵野市,子ども食堂一覧,クリエイティブ・コモンズ 表示（CC BY）,https://www.opendata.metro.tokyo.lg.jp/musashino/132039_musashinoshi_kodomosyokudo.csv
132039,4,東京都,武蔵野市,ミュー食堂,ミューショクドウ,,,東京都武蔵野市中町3−4−9,ディアハイム武蔵野1階,35.712406,139.564178,,,ライフサポートMEW,6,水,,17:30,20:00,奇数月の第2水曜日,,,200,300,,,,電話,要申込,,,,,,,,,,武蔵野市,子ども食堂一覧,クリエイティブ・コモンズ 表示（CC BY）,https://www.opendata.metro.tokyo.lg.jp/musashino/132039_musashinoshi_kodomosyokudo.csv
132039,5,東京都,武蔵野市,ファイブグループこども食堂,ファイブグループコドモショクドウ,,,東京都武蔵野市吉祥寺本町1−22−1,柏栄第三ビル1階,35.704395,139.581757,,,株式会社ファイブグループ,5,日,,11:00,14:00,毎月第4日曜日,,,,,,300,,メール,参加予定時間をメールで送信,,,,,,,,,,武蔵野市,子ども食堂一覧,クリエイティブ・コモンズ 表示（CC BY）,https://www.opendata.metro.tokyo.lg.jp/musashino/132039_musashinoshi_kodomosyokudo.csv
132012,,東京都,八王子市,こすもす・だれでも食堂,コスモス・ダレデモショクドウ,,,,,,,,,,,,,,,,,,,,,,,,,,,,,,,,,,八王子市,子ども食堂一覧,クリエイティブ・コモンズ 表示（CC BY）,https://www.opendata.metro.tokyo.lg.jp/hachioji/132012_hachioji_kodomosyokudo.csv
132012,,東京都,八王子市,はちおうじ子ども食堂,ハチオウジコドモショクドウ,,,,,,,,,,,,,,,,,,,,,,,,,,,,,,,,,,八王子市,子ども食堂一覧,クリエイティブ・コモンズ 表示（CC BY）,https://www.opendata.metro.tokyo.lg.jp/hachioji/132012_hachioji_kodomosyokudo.csv
132012,,東京都,八王子市,ほいっぷ食堂,ホイップショクドウ,,,,,,,,,,,,,,,,,,,,,,,,,,,,,,,,,,八王子市,子ども食堂一覧,クリエイティブ・コモンズ 表示（CC BY）,https://www.opendata.metro.tokyo.lg.jp/hachioji/132012_hachioji_kodomosyokudo.csv
132012,,東京都,八王子市,ほっこり食堂,ホッコリショクドウ,,,,,,,,,,,,,,,,,,,,,,,,,,,,,,,,,,八王子市,子ども食堂一覧,クリエイティブ・コモンズ 表示（CC BY）,https://www.opendata.metro.tokyo.lg.jp/hachioji/132012_hachioji_kodomosyokudo.csv
132012,,東京都,八王子市,お茶の間「民」,オチャノマタミ,,,,,,,,,,,,,,,,,,,,,,,,,,,,,,,,,,八王子市,子ども食堂一覧,クリエイティブ・コモンズ 表示（CC BY）,https://www.opendata.metro.tokyo.lg.jp/hachioji/132012_hachioji_kodomosyokudo.csv
132012,,東京都,八王子市,光明八木町食堂,コウミョウヤギチョウショクドウ,,,,,,,,,,,,,,,,,,,,,,,,,,,,,,,,,,八王子市,子ども食堂一覧,クリエイティブ・コモンズ 表示（CC BY）,https://www.opendata.metro.tokyo.lg.jp/hachioji/132012_hachioji_kodomosyokudo.csv
132012,,東京都,八王子市,すまいるカフェ,スマイルカフェ,,,,,,,,,,,,,,,,,,,,,,,,,,,,,,,,,,八王子市,子ども食堂一覧,クリエイティブ・コモンズ 表示（CC BY）,https://www.opendata.metro.tokyo.lg.jp/hachioji/132012_hachioji_kodomosyokudo.csv
132012,,東京都,八王子市,バラエティクラブ,バラエティクラブ,,,,,,,,,,,,,,,,,,,,,,,,,,,,,,,,,,八王子市,子ども食堂一覧,クリエイティブ・コモンズ 表示（CC BY）,https://www.opendata.metro.tokyo.lg.jp/hachioji/132012_hachioji_kodomosyokudo.csv
132012,,東京都,八王子市,石川子ども食堂,イシカワコドモショクドウ,,,,,,,,,,,,,,,,,,,,,,,,,,,,,,,,,,八王子市,子ども食堂一覧,クリエイティブ・コモンズ 表示（CC BY）,https://www.opendata.metro.tokyo.lg.jp/hachioji/132012_hachioji_kodomosyokudo.csv
132012,,東京都,八王子市,しろくまごはん,シロクマゴハン,,,,,,,,,,,,,,,,,,,,,,,,,,,,,,,,,,八王子市,子ども食堂一覧,クリエイティブ・コモンズ 表示（CC BY）,https://www.opendata.metro.tokyo.lg.jp/hachioji/132012_hachioji_kodomosyokudo.csv
132012,,東京都,八王子市,子ども食堂「にこにこ」,コドモショクドウニコニコ,,,,,,,,,,,,,,,,,,,,,,,,,,,,,,,,,,八王子市,子ども食堂一覧,クリエイティブ・コモンズ 表示（CC BY）,https://www.opendata.metro.tokyo.lg.jp/hachioji/132012_hachioji_kodomosyokudo.csv
132012,,東京都,八王子市,ゆぎのこ食堂こっしーの,ユギノコショクドウコッシーノ,,,,,,,,,,,,,,,,,,,,,,,,,,,,,,,,,,八王子市,子ども食堂一覧,クリエイティブ・コモンズ 表示（CC BY）,https://www.opendata.metro.tokyo.lg.jp/hachioji/132012_hachioji_kodomosyokudo.csv
132012,,東京都,八王子市,すずらん食堂,スズランショクドウ,,,,,,,,,,,,,,,,,,,,,,,,,,,,,,,,,,八王子市,子ども食堂一覧,クリエイティブ・コモンズ 表示（CC BY）,https://www.opendata.metro.tokyo.lg.jp/hachioji/132012_hachioji_kodomosyokudo.csv
132012,,東京都,八王子市,さくら子ども食堂,サクラコドモショクドウ,,,,,,,,,,,,,,,,,,,,,,,,,,,,,,,,,,八王子市,子ども食堂一覧,クリエイティブ・コモンズ 表示（CC BY）,https://www.opendata.metro.tokyo.lg.jp/hachioji/132012_hachioji_kodomosyokudo.csv
132012,,東京都,八王子市,dattochi　みんなの食堂,ダットッチミンナノショクドウ,,,,,,,,,,,,,,,,,,,,,,,,,,,,,,,,,,八王子市,子ども食堂一覧,クリエイティブ・コモンズ 表示（CC BY）,https://www.opendata.metro.tokyo.lg.jp/hachioji/132012_hachioji_kodomosyokudo.csv
132012,,東京都,八王子市,なかよし子ども食堂,ナカヨシコドモショクドウ,,,,,,,,,,,,,,,,,,,,,,,,,,,,,,,,,,八王子市,子ども食堂一覧,クリエイティブ・コモンズ 表示（CC BY）,https://www.opendata.metro.tokyo.lg.jp/hachioji/132012_hachioji_kodomosyokudo.csv
132012,,東京都,八王子市,虹色食堂,ニジイロショクドウ,,,,,,,,,,,,,,,,,,,,,,,,,,,,,,,,,,八王子市,子ども食堂一覧,クリエイティブ・コモンズ 表示（CC BY）,https://www.opendata.metro.tokyo.lg.jp/hachioji/132012_hachioji_kodomosyokudo.csv
132012,,東京都,八王子市,らみい子ども食堂,ラミイコドモショクドウ,,,,,,,,,,,,,,,,,,,,,,,,,,,,,,,,,,八王子市,子ども食堂一覧,クリエイティブ・コモンズ 表示（CC BY）,https://www.opendata.metro.tokyo.lg.jp/hachioji/132012_hachioji_kodomosyokudo.csv
132012,,東京都,八王子市,きよぴー食堂,キヨピーショクドウ,,,,,,,,,,,,,,,,,,,,,,,,,,,,,,,,,,八王子市,子ども食堂一覧,クリエイティブ・コモンズ 表示（CC BY）,https://www.opendata.metro.tokyo.lg.jp/hachioji/132012_hachioji_kodomosyokudo.csv
132012,,東京都,八王子市,オンガタ食堂,オンガタショクドウ,,,,,,,,,,,,,,,,,,,,,,,,,,,,,,,,,,八王子市,子ども食堂一覧,クリエイティブ・コモンズ 表示（CC BY）,https://www.opendata.metro.tokyo.lg.jp/hachioji/132012_hachioji_kodomosyokudo.csv
132012,,東京都,八王子市,子ども食堂カフェ北野,コドモショクドウカフェキタノ,,,,,,,,,,,,,,,,,,,,,,,,,,,,,,,,,,八王子市,子ども食堂一覧,クリエイティブ・コモンズ 表示（CC BY）,https://www.opendata.metro.tokyo.lg.jp/hachioji/132012_hachioji_kodomosyokudo.csv
132012,,東京都,八王子市,良い子食堂,ヨイコショクドウ,,,,,,,,,,,,,,,,,,,,,,,,,,,,,,,,,,八王子市,子ども食堂一覧,クリエイティブ・コモンズ 表示（CC BY）,https://www.opendata.metro.tokyo.lg.jp/hachioji/132012_hachioji_kodomosyokudo.csv
132012,,東京都,八王子市,子ども食堂「キッチンゆぎのや」,コドモショクドウキッチンユギノヤ,,,,,,,,,,,,,,,,,,,,,,,,,,,,,,,,,,八王子市,子ども食堂一覧,クリエイティブ・コモンズ 表示（CC BY）,https://www.opendata.metro.tokyo.lg.jp/hachioji/132012_hachioji_kodomosyokudo.csv
132012,,東京都,八王子市,子ども食堂「アローレカフェ」,コドモショクドウアローレカフェ,,,,,,,,,,,,,,,,,,,,,,,,,,,,,,,,,,八王子市,子ども食堂一覧,クリエイティブ・コモンズ 表示（CC BY）,https://www.opendata.metro.tokyo.lg.jp/hachioji/132012_hachioji_kodomosyokudo.csv
132012,,東京都,八王子市,ハナミズキ広場,ハナミズキヒロバ,,,,,,,,,,,,,,,,,,,,,,,,,,,,,,,,,,八王子市,子ども食堂一覧,クリエイティブ・コモンズ 表示（CC BY）,https://www.opendata.metro.tokyo.lg.jp/hachioji/132012_hachioji_kodomosyokudo.csv
132012,,東京都,八王子市,馬ノ丈の子供食堂,ウマノジョウノコドモショクドウ,,,,,,,,,,,,,,,,,,,,,,,,,,,,,,,,,,八王子市,子ども食堂一覧,クリエイティブ・コモンズ 表示（CC BY）,https://www.opendata.metro.tokyo.lg.jp/hachioji/132012_hachioji_kodomosyokudo.csv
132012,,東京都,八王子市,ふねだふれあい食堂,フネダフレアイショクドウ,,,,,,,,,,,,,,,,,,,,,,,,,,,,,,,,,,八王子市,子ども食堂一覧,クリエイティブ・コモンズ 表示（CC BY）,https://www.opendata.metro.tokyo.lg.jp/hachioji/132012_hachioji_kodomosyokudo.csv
132012,,東京都,八王子市,おや！福幸の夢食堂,オヤフコウノユメショクドウ,,,,,,,,,,,,,,,,,,,,,,,,,,,,,,,,,,八王子市,子ども食堂一覧,クリエイティブ・コモンズ 表示（CC BY）,https://www.opendata.metro.tokyo.lg.jp/hachioji/132012_hachioji_kodomosyokudo.csv
132012,,東京都,八王子市,やえなも子ども食堂,ヤエナモコドモショクドウ,,,,,,,,,,,,,,,,,,,,,,,,,,,,,,,,,,八王子市,子ども食堂一覧,クリエイティブ・コモンズ 表示（CC BY）,https://www.opendata.metro.tokyo.lg.jp/hachioji/132012_hachioji_kodomosyokudo.csv
132012,,東京都,八王子市,なかの学舎子ども食堂,ナカノガクシャコドモショクドウ,,,,,,,,,,,,,,,,,,,,,,,,,,,,,,,,,,八王子市,子ども食堂一覧,クリエイティブ・コモンズ 表示（CC BY）,https://www.opendata.metro.tokyo.lg.jp/hachioji/132012_hachioji_kodomosyokudo.csv
132012,,東京都,八王子市,Yottette食堂,ヨッテッテショクドウ,,,,,,,,,,,,,,,,,,,,,,,,,,,,,,,,,,八王子市,子ども食堂一覧,クリエイティブ・コモンズ 表示（CC BY）,https://www.opendata.metro.tokyo.lg.jp/hachioji/132012_hachioji_kodomosyokudo.csv
132012,,東京都,八王子市,ふくさく子ども食堂,フクサクコドモショクドウ,,,,,,,,,,,,,,,,,,,,,,,,,,,,,,,,,,八王子市,子ども食堂一覧,クリエイティブ・コモンズ 表示（CC BY）,https://www.opendata.metro.tokyo.lg.jp/hachioji/132012_hachioji_kodomosyokudo.csv
132012,,東京都,八王子市,四カフェ,ヨツカフェ,,,,,,,,,,,,,,,,,,,,,,,,,,,,,,,,,,八王子市,子ども食堂一覧,クリエイティブ・コモンズ 表示（CC BY）,https://www.opendata.metro.tokyo.lg.jp/hachioji/132012_hachioji_kodomosyokudo.csv
132012,,東京都,八王子市,かわぐちこども食堂,カワグチコドモショクドウ,,,,,,,,,,,,,,,,,,,,,,,,,,,,,,,,,,八王子市,子ども食堂一覧,クリエイティブ・コモンズ 表示（CC BY）,https://www.opendata.metro.tokyo.lg.jp/hachioji/132012_hachioji_kodomosyokudo.csv
132012,,東京都,八王子市,高尾の森ふれあい食堂,タカオノモリフレアイショクドウ,,,,,,,,,,,,,,,,,,,,,,,,,,,,,,,,,,八王子市,子ども食堂一覧,クリエイティブ・コモンズ 表示（CC BY）,https://www.opendata.metro.tokyo.lg.jp/hachioji/132012_hachioji_kodomosyokudo.csv
132012,,東京都,八王子市,わたげ食堂,ワタゲショクドウ,,,,,,,,,,,,,,,,,,,,,,,,,,,,,,,,,,八王子市,子ども食堂一覧,クリエイティブ・コモンズ 表示（CC BY）,https://www.opendata.metro.tokyo.lg.jp/hachioji/132012_hachioji_kodomosyokudo.csv
132012,,東京都,八王子市,大塚だれでも食堂,オオツカダレデモショクドウ,,,,,,,,,,,,,,,,,,,,,,,,,,,,,,,,,,八王子市,子ども食堂一覧,クリエイティブ・コモンズ 表示（CC BY）,https://www.opendata.metro.tokyo.lg.jp/hachioji/132012_hachioji_kodomosyokudo.csv
132012,,東京都,八王子市,おやじ食堂,オヤジショクドウ,,,,,,,,,,,,,,,,,,,,,,,,,,,,,,,,,,八王子市,子ども食堂一覧,クリエイティブ・コモンズ 表示（CC BY）,https://www.opendata.metro.tokyo.lg.jp/hachioji/132012_hachioji_kodomosyokudo.csv
132012,,東京都,八王子市,ぽまる場,ポマルバ,,,,,,,,,,,,,,,,,,,,,,,,,,,,,,,,,,八王子市,子ども食堂一覧,クリエイティブ・コモンズ 表示（CC BY）,https://www.opendata.metro.tokyo.lg.jp/hachioji/132012_hachioji_kodomosyokudo.csv
132012,,東京都,八王子市,Coder Dojo 八王子,コーダードージョーハチオウジ,,,,,,,,,,,,,,,,,,,,,,,,,,,,,,,,,,八王子市,子ども食堂一覧,クリエイティブ・コモンズ 表示（CC BY）,https://www.opendata.metro.tokyo.lg.jp/hachioji/132012_hachioji_kodomosyokudo.csv
132012,,東京都,八王子市,八王子つばめ塾,ハチオウジツバメジュク,,,,,,,,,,,,,,,,,,,,,,,,,,,,,,,,,,八王子市,子ども食堂一覧,クリエイティブ・コモンズ 表示（CC BY）,https://www.opendata.metro.tokyo.lg.jp/hachioji/132012_hachioji_kodomosyokudo.csv
132012,,東京都,八王子市,すまいる学習塾,スマイルガクシュウジュク,,,,,,,,,,,,,,,,,,,,,,,,,,,,,,,,,,八王子市,子ども食堂一覧,クリエイティブ・コモンズ 表示（CC BY）,https://www.opendata.metro.tokyo.lg.jp/hachioji/132012_hachioji_kodomosyokudo.csv
132012,,東京都,八王子市,無料塾アハ,ムリョウジュクアハ,,,,,,,,,,,,,,,,,,,,,,,,,,,,,,,,,,八王子市,子ども食堂一覧,クリエイティブ・コモンズ 表示（CC BY）,https://www.opendata.metro.tokyo.lg.jp/hachioji/132012_hachioji_kodomosyokudo.csv
132012,,東京都,八王子市,フードバンク八王子えがお,フードバンクハチオウジエガオ,,,,,,,,,,,,,,,,,,,,,,,,,,,,,,,,,,八王子市,子ども食堂一覧,クリエイティブ・コモンズ 表示（CC BY）,https://www.opendata.metro.tokyo.lg.jp/hachioji/132012_hachioji_kodomosyokudo.csv
132012,,東京都,八王子市,フードバンク八王子,フードバンクハチオウジ,,,,,,,,,,,,,,,,,,,,,,,,,,,,,,,,,,八王子市,子ども食堂一覧,クリエイティブ・コモンズ 表示（CC BY）,https://www.opendata.metro.tokyo.lg.jp/hachioji/132012_hachioji_kodomosyokudo.csv
132012,,東京都,八王子市,フードバンクTAMA,フードバンクタマ,,,,,,,,,,,,,,,,,,,,,,,,,,,,,,,,,,八王子市,子ども食堂一覧,クリエイティブ・コモンズ 表示（CC BY）,https://www.opendata.metro.tokyo.lg.jp/hachioji/132012_hachioji_kodomosyokudo.csv
132012,,東京都,八王子市,慈有塾,ジユウジュク,,,,,,,,,,,,,,,,,,,,,,,,,,,,,,,,,,八王子市,子ども食堂一覧,クリエイティブ・コモンズ 表示（CC BY）,https://www.opendata.metro.tokyo.lg.jp/hachioji/132012_hachioji_kodomosyokudo.csv
132012,,東京都,八王子市,まちの図書室・まちの保健室　おさんぽ,マチノトショシツ・マチノホケンシツオサンポ,,,,,,,,,,,,,,,,,,,,,,,,,,,,,,,,,,八王子市,子ども食堂一覧,クリエイティブ・コモンズ 表示（CC BY）,https://www.opendata.metro.tokyo.lg.jp/hachioji/132012_hachioji_kodomosyokudo.csv
132012,,東京都,八王子市,start up あさひ塾,スタートアップアサヒジュク,,,,,,,,,,,,,,,,,,,,,,,,,,,,,,,,,,八王子市,子ども食堂一覧,クリエイティブ・コモンズ 表示（CC BY）,https://www.opendata.metro.tokyo.lg.jp/hachioji/132012_hachioji_kodomosyokudo.csv
131229,,東京都,葛飾区,あおとこども食堂,アオトコドモショクドウ,"経済的困窮、障がいや病気、ネグレクト等、子どもが食事や社会的体験の機会に困難を抱えている家庭を支援する。
特に困難を抱えている家庭でなくても、誰でも遊んだり休んだりできる「居場所」を提供することによって、誰も孤立することのない地域づくりに貢献する。",,東京都葛飾区青戸3－14,UR青戸第一団地第一集会所,35.74762,139.850723,http://rainbow-ribbon-net.org,,NPO法人レインボーリボン,2,土,毎月第2・第4土曜日,15:00,17:00,夏季は30分後ろ倒し,なし,0,0,0,0,0,,Line；Googleフォーム,,,1,1,,かつしか子ども食堂・居場所づくりネットワーク,,,,,葛飾区,子ども食堂一覧,クリエイティブ・コモンズ 表示（CC BY）,https://www.opendata.metro.tokyo.lg.jp/katsushika/131229_katsushikaku_kodomosyokudo.csv
131229,,東京都,葛飾区,立石みんな子ども食堂,タテイシミンナコドモショクドウ,こども食堂を行うことにより、地域の人々に交流の場を提供し、 孤立した人たちとの繋がりを通じ、地域活性化をはかっていくこと。,,東京都葛飾区立石1丁目21-12 自由の庭(レンタルスペース),,35.737621,139.850342,https://www.facebook.com/tateisikodomo/,,,,,毎月第１第３木曜日,17:00,20:00,,どなたでも,0,0,0,0,500,,LINE公式；Facebookメッセージ；電話,,20,,,,かつしか子ども食堂・居場所づくりネットワーク,,,,,葛飾区,子ども食堂一覧,クリエイティブ・コモンズ 表示（CC BY）,https://www.opendata.metro.tokyo.lg.jp/katsushika/131229_katsushikaku_kodomosyokudo.csv
131229,,東京都,葛飾区,たていしこども食堂実行委員会,タテイシコドモショクドウジッコウイインカイ,不登校の子供の為の食事提供,,東京都葛飾区立石1丁目21−12 スペース杉,,35.737621,139.850342,https://www.facebook.com/tateisikodomo/,,,,,毎月第１第３木曜日,17:00,20:00,,どなたでも,0,0,0,0,,,LINE公式；Facebookメッセージ；電話,,20,,,,かつしか子ども食堂・居場所づくりネットワーク,,,,,葛飾区,子ども食堂一覧,クリエイティブ・コモンズ 表示（CC BY）,https://www.opendata.metro.tokyo.lg.jp/katsushika/131229_katsushikaku_kodomosyokudo.csv
131229,,東京都,葛飾区,えまいまキッチン,エマイマキッチン,地域の多世代交流とコミュニティづくりからの防災力強化,食事提供、エンタメコンテンツ提供,東京都葛飾区亀有3-32-3-2F,防災コミュニティスペースえまいま,35.764935,139.848831,https://emeima.com/,,子供支援団体スパイス/地域支援団体えまいま,1,日,第3日曜日,11:30,13:30,平日も不定期開催,誰でもどうぞ,0,0,0,0,300,一部、こどもも有料の日あり,LINE,都度フォームより申込み,100,1,1,,かつしか子ども食堂・居場所づくりネットワーク,,https://cdn.peraichi.com/userData/57d5e478-0d28-475b-ad09-173a0a0000c2/img/627f5e2e6a33d/original.png,,,葛飾区,子ども食堂一覧,クリエイティブ・コモンズ 表示（CC BY）,https://www.opendata.metro.tokyo.lg.jp/katsushika/131229_katsushikaku_kodomosyokudo.csv
131229,,東京都,葛飾区,青空っ子こども食堂,ソラッココドモショクドウ,,,東京都葛飾区お花茶屋3-5-6,,35.756649,139.843048,https://sorakko2011.wixsite.com/shokudo,,,,,,,,,,,,,,,,,,,,,,,,,,,葛飾区,子ども食堂一覧,クリエイティブ・コモンズ 表示（CC BY）,https://www.opendata.metro.tokyo.lg.jp/katsushika/131229_katsushikaku_kodomosyokudo.csv
131229,,東京都,葛飾区,こども食堂　トコ,コドモショクドウトコ,多様な環境下にある18歳未満の子どもたちが健全に成長していけるための、また子育て中の保護者の方が笑顔で安心できる居場所づくりを目指す,,東京都葛飾区東水元2-35-16,,35.7807536,139.868906,,,,5,水木,不定,16:00,19:00,10月～3月の冬期に限り小学生は16：00～18：00,誰でも,0,0,0,0,300,,LINEにて,,60,,,,,,,,テイクアウト対応,葛飾区,子ども食堂一覧,クリエイティブ・コモンズ 表示（CC BY）,https://www.opendata.metro.tokyo.lg.jp/katsushika/131229_katsushikaku_kodomosyokudo.csv
131229,,東京都,葛飾区,ほっこり食堂,ホッコリショクドウ,放課後、ひとりで過ごしがちな子どもの交流の場として,,東京都葛飾区立石8-51-7,立石宮元町会会館,35.739128,139.859253,,,,1,,第２金曜日,16:00,18:30,,小学生とその家族,0,0,0,0,200,,予約なし,,80,,,,,,,,現在はアレルギー対応は行っていない,葛飾区,子ども食堂一覧,クリエイティブ・コモンズ 表示（CC BY）,https://www.opendata.metro.tokyo.lg.jp/katsushika/131229_katsushikaku_kodomosyokudo.csv
131229,,東京都,葛飾区,ハーフタイム月曜たまり場,ハーフタイムゲツヨウタマリバ,生きづらさを抱えた子どもたちへの寄り添い支援,生活相談・学習支援,非公開,非公開,,,https://halftime2010.wixsite.com/halftime,1011805002666,NPO法人ハーフタイム,1,月,毎週,,非公開,無し,生きづらさを抱えた子ども,0,0,0,0,0,,事前の問合せ,,,1,1,,かつしか子ども食堂・居場所づくりネットワーク、かつしか子ども・若者応援ネットワーク,,,,,葛飾区,子ども食堂一覧,クリエイティブ・コモンズ 表示（CC BY）,https://www.opendata.metro.tokyo.lg.jp/katsushika/131229_katsushikaku_kodomosyokudo.csv
131229,,東京都,葛飾区,ハーフタイム水曜たまり場,ハーフタイムスイヨウタマリバ,生きづらさを抱えた子どもたちへの寄り添い支援,生活相談・学習支援,非公開,非公開,,,https://halftime2010.wixsite.com/halftime,1011805002666,NPO法人ハーフタイム,1,水,毎週,,非公開,無し,生きづらさを抱えた子ども,0,0,0,0,0,,事前の問合せ,,,1,1,,かつしか子ども食堂・居場所づくりネットワーク、かつしか子ども・若者応援ネットワーク,,,,,葛飾区,子ども食堂一覧,クリエイティブ・コモンズ 表示（CC BY）,https://www.opendata.metro.tokyo.lg.jp/katsushika/131229_katsushikaku_kodomosyokudo.csv
131229,,東京都,葛飾区,ハーフタイム日曜たまり場,ハーフタイムニチヨウタマリバ,生きづらさを抱えた子どもたちへの寄り添い支援,生活相談・学習支援,非公開,非公開,,,https://halftime2010.wixsite.com/halftime,1011805002666,NPO法人ハーフタイム,1,日,月2,,非公開,無し,生きづらさを抱えた子ども,0,0,0,0,0,,事前の問合せ,,,1,1,,かつしか子ども食堂・居場所づくりネットワーク、かつしか子ども・若者応援ネットワーク,,,,,葛飾区,子ども食堂一覧,クリエイティブ・コモンズ 表示（CC BY）,https://www.opendata.metro.tokyo.lg.jp/katsushika/131229_katsushikaku_kodomosyokudo.csv
131229,,東京都,葛飾区,マミー子ども食堂,マミーコドモショクドウ,食事の提供,食事提供,東金町4-7-7,レジデンスULU101号室,35.773033,139.874786,,,,4,日,,12:00,13:00,,生活困窮家庭、母子家庭等中心,0,0,0,0,0,,ライン,,16,,1,,葛飾子育てネットワーク,,,,,葛飾区,子ども食堂一覧,クリエイティブ・コモンズ 表示（CC BY）,https://www.opendata.metro.tokyo.lg.jp/katsushika/131229_katsushikaku_kodomosyokudo.csv
131229,,東京都,葛飾区,親子の笑顔育みプロジェクト,オヤコノエガオハグクミプロジェクト,地域で暮らすひとり親世帯等への自立支援,・お弁当配布・居場所および食事提供、学習および就労支援、多様な体験機会の提供等,非公開,,,,https://ayumien1956.com/,9011805000902 ,社会福祉法人大龍会,,,毎日,09:00,20:00,,,0,0,0,0,0,,ホームページ、公式LINE,,,,,,,,,,,葛飾区,子ども食堂一覧,クリエイティブ・コモンズ 表示（CC BY）,https://www.opendata.metro.tokyo.lg.jp/katsushika/131229_katsushikaku_kodomosyokudo.csv
131199,,東京都,板橋区,まえのふれあいこども食堂,マエノフレアイコドモショクドウ,,,板橋区前野2-43-15,前野ホール,35.765148,139.695541,,,,,,,,,,,,,,,,,,,,,,,,,,,,板橋区,子ども食堂一覧,クリエイティブ・コモンズ 表示（CC BY）,https://www.opendata.metro.tokyo.lg.jp/itabashi/131199_itabashiku_kodomosyokudo.csv
131199,,東京都,板橋区,板橋いずみ教会子ども食堂（ジョイフルクラブ）,イタバシイズミキョウカイコドモショクドウジョイフルクラブ,,,板橋区泉町52-6,,35.768726,139.699768,,,,,,,,,,,,,,,,,,,,,,,,,,,,板橋区,子ども食堂一覧,クリエイティブ・コモンズ 表示（CC BY）,https://www.opendata.metro.tokyo.lg.jp/itabashi/131199_itabashiku_kodomosyokudo.csv
131199,,東京都,板橋区,陽ちゃん家こども食堂,ヨウチャンチコドモショクドウ,,,板橋区宮本町6-12,陽ちゃん家,35.762417,139.703705,,,,,,,,,,,,,,,,,,,,,,,,,,,,板橋区,子ども食堂一覧,クリエイティブ・コモンズ 表示（CC BY）,https://www.opendata.metro.tokyo.lg.jp/itabashi/131199_itabashiku_kodomosyokudo.csv
131199,,東京都,板橋区,ことぶき子ども食堂,コトブキコドモショクドウ,,,板橋区相生町8-3　1F,フェリチータ,35.776421,139.682175,,,,,,,,,,,,,,,,,,,,,,,,,,,,板橋区,子ども食堂一覧,クリエイティブ・コモンズ 表示（CC BY）,https://www.opendata.metro.tokyo.lg.jp/itabashi/131199_itabashiku_kodomosyokudo.csv
131199,,東京都,板橋区,南蔵院こども会,ナンゾウインコドモカイ,,,板橋区蓮沼町48-8,南蔵院ホール,35.770481,139.70108,,,,,,,,,,,,,,,,,,,,,,,,,,,,板橋区,子ども食堂一覧,クリエイティブ・コモンズ 表示（CC BY）,https://www.opendata.metro.tokyo.lg.jp/itabashi/131199_itabashiku_kodomosyokudo.csv
131199,,東京都,板橋区,しむらん通り食堂,シムランドオリショクドウ,,,板橋区志村1-35-15 ,志村銀座商店街事務所,35.776203,139.694016,,,,,,,,,,,,,,,,,,,,,,,,,,,,板橋区,子ども食堂一覧,クリエイティブ・コモンズ 表示（CC BY）,https://www.opendata.metro.tokyo.lg.jp/itabashi/131199_itabashiku_kodomosyokudo.csv
131199,,東京都,板橋区,赤ちゃん食堂ねるこ,アカチャンショクドウネルコ,,,板橋区小豆沢2-21-17-302,スムスビ一級建築士事務所,35.777744,139.698059,,,,,,,,,,,,,,,,,,,,,,,,,,,,板橋区,子ども食堂一覧,クリエイティブ・コモンズ 表示（CC BY）,https://www.opendata.metro.tokyo.lg.jp/itabashi/131199_itabashiku_kodomosyokudo.csv
131199,,東京都,板橋区,かもめこども食堂,カモメコドモショクドウ,,,板橋区東坂下1-12-7 ,東坂下デイサービスセンター,35.782063,139.690247,,,,,,,,,,,,,,,,,,,,,,,,,,,,板橋区,子ども食堂一覧,クリエイティブ・コモンズ 表示（CC BY）,https://www.opendata.metro.tokyo.lg.jp/itabashi/131199_itabashiku_kodomosyokudo.csv
131199,,東京都,板橋区,いずみの苑コミュニティ弁当,イズミノソノコミュニティベントウ,,,板橋区東坂下 2-2-22,特別養護老人ホームいずみの苑,35.783401,139.69046,,,,,,,,,,,,,,,,,,,,,,,,,,,,板橋区,子ども食堂一覧,クリエイティブ・コモンズ 表示（CC BY）,https://www.opendata.metro.tokyo.lg.jp/itabashi/131199_itabashiku_kodomosyokudo.csv
131199,,東京都,板橋区,NPO板橋こども食堂,エヌピーオーイタバシコドモショクドウ,,,板橋区蓮根2-21-11,,35.782967,139.676544,,,,,,,,,,,,,,,,,,,,,,,,,,,,板橋区,子ども食堂一覧,クリエイティブ・コモンズ 表示（CC BY）,https://www.opendata.metro.tokyo.lg.jp/itabashi/131199_itabashiku_kodomosyokudo.csv
131199,,東京都,板橋区,さかした子ども食堂,サカシタコドモショクドウ,,,板橋区坂下 2-22-5,,35.78302,139.684082,,,,,,,,,,,,,,,,,,,,,,,,,,,,板橋区,子ども食堂一覧,クリエイティブ・コモンズ 表示（CC BY）,https://www.opendata.metro.tokyo.lg.jp/itabashi/131199_itabashiku_kodomosyokudo.csv
131199,,東京都,板橋区,にこにこ食堂,ニコニコショクドウ,,,板橋区坂下2-1-3,坂下2丁目集会所,35.782558,139.68779,,,,,,,,,,,,,,,,,,,,,,,,,,,,板橋区,子ども食堂一覧,クリエイティブ・コモンズ 表示（CC BY）,https://www.opendata.metro.tokyo.lg.jp/itabashi/131199_itabashiku_kodomosyokudo.csv
131199,,東京都,板橋区,SOMPO流子ども食堂　高島平,ソンポリュウコドモショクドウタカシマダイラ,,,板橋区坂下3-5-2,,35.784954,139.68454,,,,,,,,,,,,,,,,,,,,,,,,,,,,板橋区,子ども食堂一覧,クリエイティブ・コモンズ 表示（CC BY）,https://www.opendata.metro.tokyo.lg.jp/itabashi/131199_itabashiku_kodomosyokudo.csv
131199,,東京都,板橋区,ごはん塾・にじいろぱーく,ゴハンジュク・ニジイロパーク,,,板橋区高島平8-21-11,聖マリア保育園3階,35.790867,139.663956,,,,,,,,,,,,,,,,,,,,,,,,,,,,板橋区,子ども食堂一覧,クリエイティブ・コモンズ 表示（CC BY）,https://www.opendata.metro.tokyo.lg.jp/itabashi/131199_itabashiku_kodomosyokudo.csv
131199,,東京都,板橋区,SOMPO流こども食堂　新高島平,ソンポリュウコドモショクドウシンタカシマダイラ,,,板橋区高島平7-17ｰ9,,35.791317,139.655487,,,,,,,,,,,,,,,,,,,,,,,,,,,,板橋区,子ども食堂一覧,クリエイティブ・コモンズ 表示（CC BY）,https://www.opendata.metro.tokyo.lg.jp/itabashi/131199_itabashiku_kodomosyokudo.csv
131199,,東京都,板橋区,まいにちおいで子ども食堂,マイニチオイデコドモショクドウ,,,板橋区高島平7-23ｰ21,コーポ芳乃パーク　106,35.790775,139.660507,,,,,,,,,,,,,,,,,,,,,,,,,,,,板橋区,子ども食堂一覧,クリエイティブ・コモンズ 表示（CC BY）,https://www.opendata.metro.tokyo.lg.jp/itabashi/131199_itabashiku_kodomosyokudo.csv
131199,,東京都,板橋区,地域リビング おかえりごはん,チイキリビングオカエリゴハン,,,板橋区高島平2-28-1-102,,35.786098,139.665573,,,,,,,,,,,,,,,,,,,,,,,,,,,,板橋区,子ども食堂一覧,クリエイティブ・コモンズ 表示（CC BY）,https://www.opendata.metro.tokyo.lg.jp/itabashi/131199_itabashiku_kodomosyokudo.csv
131199,,東京都,板橋区,リル・インフィニティ〈子ども食堂〉,リル・インフィニティコドモショクドウ,,,板橋区南常盤台1-18-5,,35.75695,139.688919,,,,,,,,,,,,,,,,,,,,,,,,,,,,板橋区,子ども食堂一覧,クリエイティブ・コモンズ 表示（CC BY）,https://www.opendata.metro.tokyo.lg.jp/itabashi/131199_itabashiku_kodomosyokudo.csv
131199,,東京都,板橋区,ブランチCAF? in まもりん坊,ブランチカフェインマモリンボウ,,,板橋区上板橋2-30ｰ2,,35.762276,139.674271,,,,,,,,,,,,,,,,,,,,,,,,,,,,板橋区,子ども食堂一覧,クリエイティブ・コモンズ 表示（CC BY）,https://www.opendata.metro.tokyo.lg.jp/itabashi/131199_itabashiku_kodomosyokudo.csv
131199,,東京都,板橋区,SOMPO流子ども食堂　ときわ台南,ソンポリュウコドモショクドウトキワダイミナミ,,,板橋区東新町1-29ｰ6,,35.757122,139.681381,,,,,,,,,,,,,,,,,,,,,,,,,,,,板橋区,子ども食堂一覧,クリエイティブ・コモンズ 表示（CC BY）,https://www.opendata.metro.tokyo.lg.jp/itabashi/131199_itabashiku_kodomosyokudo.csv
131199,,東京都,板橋区,こども食堂ｂｙハーブ＆おいしい野菜塾,コドモショクドウバイハーブアンドオイシイヤサイジュク,,,板橋区西台2-12ｰ12,,35.780399,139.671051,,,,,,,,,,,,,,,,,,,,,,,,,,,,板橋区,子ども食堂一覧,クリエイティブ・コモンズ 表示（CC BY）,https://www.opendata.metro.tokyo.lg.jp/itabashi/131199_itabashiku_kodomosyokudo.csv
131199,,東京都,板橋区,長秀龍子ども食堂,チョウシュウリュウコドモショクドウ,,,板橋区南常盤台1-20ｰ4,南常盤台マンション106,35.756493,139.689651,,,,,,,,,,,,,,,,,,,,,,,,,,,,板橋区,子ども食堂一覧,クリエイティブ・コモンズ 表示（CC BY）,https://www.opendata.metro.tokyo.lg.jp/itabashi/131199_itabashiku_kodomosyokudo.csv
131199,,東京都,板橋区,寺子屋学園こども食堂,テラコヤガクエンコドモショクドウ,,,板橋区常盤台2-15ｰ9,,35.76141,139.68985,,,,,,,,,,,,,,,,,,,,,,,,,,,,板橋区,子ども食堂一覧,クリエイティブ・コモンズ 表示（CC BY）,https://www.opendata.metro.tokyo.lg.jp/itabashi/131199_itabashiku_kodomosyokudo.csv
131199,,東京都,板橋区,西徳げんき食堂,ニシトクゲンキショクドウ,,,板橋区西台4-８-13　,ヒラタビル1Ｆ　ぐうにいずcaf?,35.772373,139.668961,,,,,,,,,,,,,,,,,,,,,,,,,,,,板橋区,子ども食堂一覧,クリエイティブ・コモンズ 表示（CC BY）,https://www.opendata.metro.tokyo.lg.jp/itabashi/131199_itabashiku_kodomosyokudo.csv
131199,,東京都,板橋区,こども食堂　良ちゃん,コドモショクドウリョウチャン,,,板橋区常盤台4-33ｰ3,浅香ビル２F 上板橋ホルモン良ちゃん,35.763916,139.676193,,,,,,,,,,,,,,,,,,,,,,,,,,,,板橋区,子ども食堂一覧,クリエイティブ・コモンズ 表示（CC BY）,https://www.opendata.metro.tokyo.lg.jp/itabashi/131199_itabashiku_kodomosyokudo.csv
131199,,東京都,板橋区,SOMPO流子ども食堂 ときわ台,ソンポリュウコドモショクドウトキワダイ,,,板橋区前野町2-18-3,,35.764847,139.686691,,,,,,,,,,,,,,,,,,,,,,,,,,,,板橋区,子ども食堂一覧,クリエイティブ・コモンズ 表示（CC BY）,https://www.opendata.metro.tokyo.lg.jp/itabashi/131199_itabashiku_kodomosyokudo.csv
131199,,東京都,板橋区,「上二テラス」ランチタイム,「カミニテラス」ランチタイム,,,板橋区向原3-1-12,上板二中家庭科室,35.744156,139.685333,,,,,,,,,,,,,,,,,,,,,,,,,,,,板橋区,子ども食堂一覧,クリエイティブ・コモンズ 表示（CC BY）,https://www.opendata.metro.tokyo.lg.jp/itabashi/131199_itabashiku_kodomosyokudo.csv
131199,,東京都,板橋区,ななテラスこども食堂,ナナテラスコドモショクドウ,,,板橋区向原3-7-7,レストラン＆地域交流スペースななテラス,35.746605,139.684357,,,,,,,,,,,,,,,,,,,,,,,,,,,,板橋区,子ども食堂一覧,クリエイティブ・コモンズ 表示（CC BY）,https://www.opendata.metro.tokyo.lg.jp/itabashi/131199_itabashiku_kodomosyokudo.csv
131199,,東京都,板橋区,SOMPO流こども食堂　若木,ソンポリュウコドモショクドウワカギ,,,板橋区若木3-3-1,そんぽの家ｓ板橋若木,35.773575,139.677368,,,,,,,,,,,,,,,,,,,,,,,,,,,,板橋区,子ども食堂一覧,クリエイティブ・コモンズ 表示（CC BY）,https://www.opendata.metro.tokyo.lg.jp/itabashi/131199_itabashiku_kodomosyokudo.csv
131199,,東京都,板橋区,SOMPO流子ども食堂　奈美木成増,ソンポリュウコドモショクドウナミキナリマス,,,板橋区赤塚3-13ｰ1,そんぽの家ｓ奈美木成増,35.779041,139.639847,,,,,,,,,,,,,,,,,,,,,,,,,,,,板橋区,子ども食堂一覧,クリエイティブ・コモンズ 表示（CC BY）,https://www.opendata.metro.tokyo.lg.jp/itabashi/131199_itabashiku_kodomosyokudo.csv
131199,,東京都,板橋区,SOMPO流子ども食堂　赤塚公園,ソンポリュウコドモショクドウアカツカコウエン,,,板橋区大門7-5,,35.783321,139.648926,,,,,,,,,,,,,,,,,,,,,,,,,,,,板橋区,子ども食堂一覧,クリエイティブ・コモンズ 表示（CC BY）,https://www.opendata.metro.tokyo.lg.jp/itabashi/131199_itabashiku_kodomosyokudo.csv
131199,,東京都,板橋区,株式会社コスモメイトサービス,カブシキガイシャコスモメイトサービス,,,板橋区赤塚新町3-32-11-101,,35.76955,139.637711,,,,,,,,,,,,,,,,,,,,,,,,,,,,板橋区,子ども食堂一覧,クリエイティブ・コモンズ 表示（CC BY）,https://www.opendata.metro.tokyo.lg.jp/itabashi/131199_itabashiku_kodomosyokudo.csv
131199,,東京都,板橋区,SOMPO流子ども食堂,ソンポリュウコドモショクドウ,,,板橋区徳丸6-1-11,そんぽの家板橋徳丸,35.776688,139.664047,,,,,,,,,,,,,,,,,,,,,,,,,,,,板橋区,子ども食堂一覧,クリエイティブ・コモンズ 表示（CC BY）,https://www.opendata.metro.tokyo.lg.jp/itabashi/131199_itabashiku_kodomosyokudo.csv
131199,,東京都,板橋区,福まね嬉　こども食堂,フクマネキコドモショクドウ,,,板橋区徳丸3-29-2,,35.772324,139.65625,,,,,,,,,,,,,,,,,,,,,,,,,,,,板橋区,子ども食堂一覧,クリエイティブ・コモンズ 表示（CC BY）,https://www.opendata.metro.tokyo.lg.jp/itabashi/131199_itabashiku_kodomosyokudo.csv
131199,,東京都,板橋区,カフェひびき（誰でも食堂）,カフェヒビキダレデモショクドウ,,,板橋区徳丸6-13-18,みんなの広場ひびき,35.777954,139.659149,,,,,,,,,,,,,,,,,,,,,,,,,,,,板橋区,子ども食堂一覧,クリエイティブ・コモンズ 表示（CC BY）,https://www.opendata.metro.tokyo.lg.jp/itabashi/131199_itabashiku_kodomosyokudo.csv
131199,,東京都,板橋区,SOMPOの子ども食堂,ソンポノコドモショクドウ,,,板橋区赤塚新町2-7-16,ラヴィーレ光が丘公園,35.771832,139.638885,,,,,,,,,,,,,,,,,,,,,,,,,,,,板橋区,子ども食堂一覧,クリエイティブ・コモンズ 表示（CC BY）,https://www.opendata.metro.tokyo.lg.jp/itabashi/131199_itabashiku_kodomosyokudo.csv
131199,,東京都,板橋区,くじらハウス赤塚こども食堂,クジラハウスアカツカコドモショクドウ,,,板橋区赤塚7-26-7,,35.778515,139.648376,,,,,,,,,,,,,,,,,,,,,,,,,,,,板橋区,子ども食堂一覧,クリエイティブ・コモンズ 表示（CC BY）,https://www.opendata.metro.tokyo.lg.jp/itabashi/131199_itabashiku_kodomosyokudo.csv
131199,,東京都,板橋区,こども食堂　ニクビッタ,コドモショクドウニクビッタ,,,板橋区徳丸1-7-12 シールドB1F ,ニクビッタ,35.768566,139.664429,,,,,,,,,,,,,,,,,,,,,,,,,,,,板橋区,子ども食堂一覧,クリエイティブ・コモンズ 表示（CC BY）,https://www.opendata.metro.tokyo.lg.jp/itabashi/131199_itabashiku_kodomosyokudo.csv
131199,,東京都,板橋区,ゆとりんぼ,ユトリンボ,,,板橋区徳丸1-7-12,,35.768566,139.664429,,,,,,,,,,,,,,,,,,,,,,,,,,,,板橋区,子ども食堂一覧,クリエイティブ・コモンズ 表示（CC BY）,https://www.opendata.metro.tokyo.lg.jp/itabashi/131199_itabashiku_kodomosyokudo.csv
131199,,東京都,板橋区,あったかごはんの会,アッタカゴハンノカイ,,,板橋区成増1-12-4,まなぽーと成増,35.774536,139.632736,,,,,,,,,,,,,,,,,,,,,,,,,,,,板橋区,子ども食堂一覧,クリエイティブ・コモンズ 表示（CC BY）,https://www.opendata.metro.tokyo.lg.jp/itabashi/131199_itabashiku_kodomosyokudo.csv
131199,,東京都,板橋区,子ども食堂　たんぽぽ,コドモショクドウタンポポ,,,板橋区成増4-14-18,ケアタウン成増,35.783161,139.635513,,,,,,,,,,,,,,,,,,,,,,,,,,,,板橋区,子ども食堂一覧,クリエイティブ・コモンズ 表示（CC BY）,https://www.opendata.metro.tokyo.lg.jp/itabashi/131199_itabashiku_kodomosyokudo.csv
131199,,東京都,板橋区,SOMPO流子ども食堂　板橋三園,ソンポリュウコドモショクドウイタバシミソノ,,,板橋区三園2-12-14,,35.795986,139.642944,,,,,,,,,,,,,,,,,,,,,,,,,,,,板橋区,子ども食堂一覧,クリエイティブ・コモンズ 表示（CC BY）,https://www.opendata.metro.tokyo.lg.jp/itabashi/131199_itabashiku_kodomosyokudo.csv
131199,,東京都,板橋区,SOMPO流子ども食堂　板橋仲宿,ソンポリュウコドモショクドウイタバシナカジュク,,,板橋区仲宿50ｰ1,,35.757053,139.708832,,,,,,,,,,,,,,,,,,,,,,,,,,,,板橋区,子ども食堂一覧,クリエイティブ・コモンズ 表示（CC BY）,https://www.opendata.metro.tokyo.lg.jp/itabashi/131199_itabashiku_kodomosyokudo.csv
131199,,東京都,板橋区,みんなの食堂　フラワー,ミンナノショクドウフラワー,,,板橋区大山東町25ｰ12 ,遊座大山商店街事務所2階,35.749233,139.706192,,,,,,,,,,,,,,,,,,,,,,,,,,,,板橋区,子ども食堂一覧,クリエイティブ・コモンズ 表示（CC BY）,https://www.opendata.metro.tokyo.lg.jp/itabashi/131199_itabashiku_kodomosyokudo.csv
131199,,東京都,板橋区,親子ひろば,オヤコヒロバ,,,板橋区大谷口上町1-3,,35.749729,139.695114,,,,,,,,,,,,,,,,,,,,,,,,,,,,板橋区,子ども食堂一覧,クリエイティブ・コモンズ 表示（CC BY）,https://www.opendata.metro.tokyo.lg.jp/itabashi/131199_itabashiku_kodomosyokudo.csv
131199,,東京都,板橋区,にっこりキッチン！,ニッコリキッチン,,,板橋区富士見町17ｰ15,,35.761478,139.698547,,,,,,,,,,,,,,,,,,,,,,,,,,,,板橋区,子ども食堂一覧,クリエイティブ・コモンズ 表示（CC BY）,https://www.opendata.metro.tokyo.lg.jp/itabashi/131199_itabashiku_kodomosyokudo.csv
131199,,東京都,板橋区,りんごのたね,リンゴノタネ,,,板橋区富士見町3-1,板橋フレンドセンター,35.761024,139.700653,,,,,,,,,,,,,,,,,,,,,,,,,,,,板橋区,子ども食堂一覧,クリエイティブ・コモンズ 表示（CC BY）,https://www.opendata.metro.tokyo.lg.jp/itabashi/131199_itabashiku_kodomosyokudo.csv
131199,,東京都,板橋区,こども食堂　よかや,コドモショクドウヨカヤ,,,板橋区板橋1-31-8 ,蕎麦居酒屋よかや,35.747688,139.716217,,,,,,,,,,,,,,,,,,,,,,,,,,,,板橋区,子ども食堂一覧,クリエイティブ・コモンズ 表示（CC BY）,https://www.opendata.metro.tokyo.lg.jp/itabashi/131199_itabashiku_kodomosyokudo.csv
131199,,東京都,板橋区,ノンナの家,ノンナノイエ,,,板橋区板橋4-53-2,,35.752209,139.718307,,,,,,,,,,,,,,,,,,,,,,,,,,,,板橋区,子ども食堂一覧,クリエイティブ・コモンズ 表示（CC BY）,https://www.opendata.metro.tokyo.lg.jp/itabashi/131199_itabashiku_kodomosyokudo.csv
131199,,東京都,板橋区,大山こども食堂・みんなの広場,オオヤマコドモショクドウ・ミンナノヒロバ,,,板橋区大山金井町48-2,,35.745537,139.702133,,,,,,,,,,,,,,,,,,,,,,,,,,,,板橋区,子ども食堂一覧,クリエイティブ・コモンズ 表示（CC BY）,https://www.opendata.metro.tokyo.lg.jp/itabashi/131199_itabashiku_kodomosyokudo.csv
131199,,東京都,板橋区,ハッピー大山子ども食堂,ハッピーオオヤマコドモショクドウ,,,板橋区大山町40-5,かめやキッチン,35.748878,139.698761,,,,,,,,,,,,,,,,,,,,,,,,,,,,板橋区,子ども食堂一覧,クリエイティブ・コモンズ 表示（CC BY）,https://www.opendata.metro.tokyo.lg.jp/itabashi/131199_itabashiku_kodomosyokudo.csv
131199,,東京都,板橋区,子ども食堂 鶏のから騒ぎ,コドモショクドウトリノカラサワギ,,,板橋区弥生町31-15,瀬戸ビル１F　焼鳥酒場　鶏のから騒ぎ,35.75536,139.695312,,,,,,,,,,,,,,,,,,,,,,,,,,,,板橋区,子ども食堂一覧,クリエイティブ・コモンズ 表示（CC BY）,https://www.opendata.metro.tokyo.lg.jp/itabashi/131199_itabashiku_kodomosyokudo.csv
131199,,東京都,板橋区,地域のみなぱ食堂,チイキノミナパショクドウ,,,板橋区弥生町58-1,,35.755131,139.691711,,,,,,,,,,,,,,,,,,,,,,,,,,,,板橋区,子ども食堂一覧,クリエイティブ・コモンズ 表示（CC BY）,https://www.opendata.metro.tokyo.lg.jp/itabashi/131199_itabashiku_kodomosyokudo.csv
131156,,東京都,杉並区,井草・ゆうゆう見守り隊～ふれあい食堂,イグサ・ユウユウミマモリタイフレアイショクドウ,,,東京都杉並区井草2-15-15,ゆうゆう井草館,35.727169,139.619705,,,,5,水,,17:00,19:00,,,,150,150,300,300,,,,,,,,,,,,,杉並区,子ども食堂一覧,クリエイティブ・コモンズ 表示（CC BY）,https://www.opendata.metro.tokyo.lg.jp/suginami/131156_suginamiku_kodomosyokudo.csv
131156,,東京都,杉並区,こども食堂ホルモン良ちゃん,コドモショクドウホルモンリョウチャン,,,東京都杉並区井草1-6-3,下井草ホルモン良ちゃん,35.724442,139.623672,,,,5,日,,12:00,14:00,,,,,,,500,こども無料,,,,,,,,,,,,杉並区,子ども食堂一覧,クリエイティブ・コモンズ 表示（CC BY）,https://www.opendata.metro.tokyo.lg.jp/suginami/131156_suginamiku_kodomosyokudo.csv
131156,,東京都,杉並区,四宮ごはん,シノミヤゴハン,,,東京都杉並区上井草2-28-3,ゆうゆう四宮館,35.722507,139.608994,,,,,,,,,,,,300,,,500,,,,,,,,,,,,現在休止中,杉並区,子ども食堂一覧,クリエイティブ・コモンズ 表示（CC BY）,https://www.opendata.metro.tokyo.lg.jp/suginami/131156_suginamiku_kodomosyokudo.csv
131156,,東京都,杉並区,OHANA食堂,オハナショクドウ,,,東京都杉並区井草2-15-15,ゆうゆう井草館,35.727169,139.619705,,,,5,火,,17:15,19:30,,,,,,,,無料または寄付,,,,,,,,,,,,杉並区,子ども食堂一覧,クリエイティブ・コモンズ 表示（CC BY）,https://www.opendata.metro.tokyo.lg.jp/suginami/131156_suginamiku_kodomosyokudo.csv
131156,,東京都,杉並区,子ども食堂ほーぷ,コドモショクドウホープ,,,東京都杉並区上井草3-19-23,すぎのこ農園,35.721958,139.60408,,,,6,土,,11:00,13:00,,,,,,100,100,こども無料,,,,,,,,,,,,杉並区,子ども食堂一覧,クリエイティブ・コモンズ 表示（CC BY）,https://www.opendata.metro.tokyo.lg.jp/suginami/131156_suginamiku_kodomosyokudo.csv
131156,,東京都,杉並区,むさしのパントリー,ムサシノパントリー,,,東京都杉並区下井草1-6-17,日本福音ルーテルむさしの教会,35.714954,139.632935,,,,5,木,,,,,,,,,,,こども・おとな無料,,,,,,,,,,,連絡先 yurumama.food@gmail.com,杉並区,子ども食堂一覧,クリエイティブ・コモンズ 表示（CC BY）,https://www.opendata.metro.tokyo.lg.jp/suginami/131156_suginamiku_kodomosyokudo.csv
131156,,東京都,杉並区,西荻・寺子屋食堂,ニシオギ・テラコヤショクドウ,,,東京都杉並区西荻北4-4-4,コミュニティレストランかがやき亭,35.706738,139.595764,,,,4,土,,16:30,18:00,,,,,,,200,こども無料,,,,,,,,,,,,杉並区,子ども食堂一覧,クリエイティブ・コモンズ 表示（CC BY）,https://www.opendata.metro.tokyo.lg.jp/suginami/131156_suginamiku_kodomosyokudo.csv
131156,,東京都,杉並区,ばぁばら,バァバラ,,,（個別配送）,,,,,,,3,火,,,,,,,,,,,無料,,,,,,,,,,,連絡先 BYK03200@nifty.ne.jp,杉並区,子ども食堂一覧,クリエイティブ・コモンズ 表示（CC BY）,https://www.opendata.metro.tokyo.lg.jp/suginami/131156_suginamiku_kodomosyokudo.csv
131156,,東京都,杉並区,ワイワイ食堂コーナー中高生タイムスペシャル,ワイワイショクドウコーナーチュウコウセイタイムスペシャル,,,東京都杉並区善福寺1-18-9,子ども・子育てプラザ善福寺マルチルーム,35.713032,139.597488,,,,5,水,,18:00,19:30,,中高生,,,200,200,200,,,,,,,,,,,,,杉並区,子ども食堂一覧,クリエイティブ・コモンズ 表示（CC BY）,https://www.opendata.metro.tokyo.lg.jp/suginami/131156_suginamiku_kodomosyokudo.csv
131156,,東京都,杉並区,kosatenパントリー,コウサテンパントリー,,,東京都杉並区善福寺3-2-14,善福寺ゴールデンハイツ1F,35.71764,139.594193,,,,5,土,,12:00,18:00,,,,,,,,こども・おとな無料,,,,,,,,,,,,杉並区,子ども食堂一覧,クリエイティブ・コモンズ 表示（CC BY）,https://www.opendata.metro.tokyo.lg.jp/suginami/131156_suginamiku_kodomosyokudo.csv
131156,,東京都,杉並区,みんなの食堂@kosaten,ミンナノショクドウコウサテン,,,東京都杉並区善福寺3-2-14,善福寺ゴールデンハイツ1F,35.71764,139.594193,,,,3,水,,12:00,18:00,,,,,,,,こども・おとな無料,,,,,,,,,,,,杉並区,子ども食堂一覧,クリエイティブ・コモンズ 表示（CC BY）,https://www.opendata.metro.tokyo.lg.jp/suginami/131156_suginamiku_kodomosyokudo.csv
131156,,東京都,杉並区,みんなの食堂ルンルン,ミンナノショクドウルンルン,,,東京都杉並区善福寺2-24-8,,35.711788,139.587082,,,,3,水,,17:30,19:00,,,,100,,,300,,,,,,,,,,,,,杉並区,子ども食堂一覧,クリエイティブ・コモンズ 表示（CC BY）,https://www.opendata.metro.tokyo.lg.jp/suginami/131156_suginamiku_kodomosyokudo.csv
131156,,東京都,杉並区,西荻クリキンディのひとしずく,ニシオギクリキンディノヒトシズク,,,東京都杉並区西荻北3-14-5,かきぞえ食堂,35.705143,139.597488,,,,5,日,,12:00,13:30,,,,,,,,こども・おとな無料,,,,,,,,,,,											無料弁当　連絡先はX(旧ツイッター)にて,杉並区,子ども食堂一覧,クリエイティブ・コモンズ 表示（CC BY）,https://www.opendata.metro.tokyo.lg.jp/suginami/131156_suginamiku_kodomosyokudo.csv
131156,,東京都,杉並区,桃井・みんなde食堂(みんしょく),モモイ・ミンナデショクドウ(ミンショク),,,東京都杉並区桃井1-35-2,ゆうゆう桃井館,35.713524,139.613235,,,,5,火,,18:00,19:30,,,,,,,500,こども200円,,,,,,,,,,,,杉並区,子ども食堂一覧,クリエイティブ・コモンズ 表示（CC BY）,https://www.opendata.metro.tokyo.lg.jp/suginami/131156_suginamiku_kodomosyokudo.csv
131156,,東京都,杉並区,にんじんキッズカフェ・荻窪ふれあいの家,ニンジンキッズカフェ・オギクボフレアイノイエ,,,東京都杉並区荻窪2-29-3,にんじん荻窪ふれあいの家,35.696487,139.618469,,,,5,日,,11:00,14:00,,,,,,300,300,こども無料,,,,,,,,,,,,杉並区,子ども食堂一覧,クリエイティブ・コモンズ 表示（CC BY）,https://www.opendata.metro.tokyo.lg.jp/suginami/131156_suginamiku_kodomosyokudo.csv
131156,,東京都,杉並区,フードパントリーしょうけい,フードパントリーショウケイ,,,東京都杉並区荻窪3-41-24,天理教昭慶分教会,35.700573,139.627106,,,,8,,,,,,,,,,,300,こども100円,,,,,,,,,,,	連絡先 sho-k.hp@kss.biglobe.ne.jp,杉並区,子ども食堂一覧,クリエイティブ・コモンズ 表示（CC BY）,https://www.opendata.metro.tokyo.lg.jp/suginami/131156_suginamiku_kodomosyokudo.csv
131156,,東京都,杉並区,ほたるパントリー,ホタルパントリー,,,東京都杉並区南荻窪4-6-11,荻窪栄光教会,35.699509,139.614258,,,,,,,,,,,,,,,,,,,,,,,,,,,,杉並区,子ども食堂一覧,クリエイティブ・コモンズ 表示（CC BY）,https://www.opendata.metro.tokyo.lg.jp/suginami/131156_suginamiku_kodomosyokudo.csv
131156,,東京都,杉並区,子ども食堂おぎよん,コドモショクドウオギヨン,,,東京都杉並区荻窪4-11-15,キャプテンズキャビン荻窪,35.701374,139.619766,,,,4,金,,17:00,20:00,,,,,,300,300,こども無料,,,,,,,,,,,,杉並区,子ども食堂一覧,クリエイティブ・コモンズ 表示（CC BY）,https://www.opendata.metro.tokyo.lg.jp/suginami/131156_suginamiku_kodomosyokudo.csv
131156,,東京都,杉並区,しょうけいこども食堂,ショウケイコドモショクドウ,,,東京都杉並区荻窪3-41-24,天理教昭慶分教会,35.700573,139.627106,,,,5,,,12:00,14:00,,,,,,300,300,こども100円,,,,,,,,,,,,杉並区,子ども食堂一覧,クリエイティブ・コモンズ 表示（CC BY）,https://www.opendata.metro.tokyo.lg.jp/suginami/131156_suginamiku_kodomosyokudo.csv
131156,,東京都,杉並区,子ども食堂まんぷく,コドモショクドウマンプク,,,東京都杉並区荻窪5-10-22,三好屋ビル2F,35.701511,139.618469,,,,5,月,,17:00,20:00,,,,,,,300,高校生または18歳以下無料,,,,,,,,,,,連絡先 manpuku.kodomoshokudo@gmail.com,杉並区,子ども食堂一覧,クリエイティブ・コモンズ 表示（CC BY）,https://www.opendata.metro.tokyo.lg.jp/suginami/131156_suginamiku_kodomosyokudo.csv
131156,,東京都,杉並区,キッチンあまぬま,キッチンアマヌマ,,,東京都杉並区天沼3-19-16,ウェルファーム杉並,35.710388,139.620667,,,,5,水,,17:00,19:30,,,,,,,,こども・おとな無料,,,,,,,,,,,連絡先 kitchenamanuma@gmail.com,杉並区,子ども食堂一覧,クリエイティブ・コモンズ 表示（CC BY）,https://www.opendata.metro.tokyo.lg.jp/suginami/131156_suginamiku_kodomosyokudo.csv
131156,,東京都,杉並区,阿佐ヶ谷ガヤガヤ食堂,アサガヤガヤガヤショクドウ,,,東京都杉並区阿佐ヶ谷北2-25-8,久遠キリスト教会,35.705757,139.63031,,,,5,土,,16:00,20:00,,,,,,,300,18歳未満無料,,,,,,,,,,,,杉並区,子ども食堂一覧,クリエイティブ・コモンズ 表示（CC BY）,https://www.opendata.metro.tokyo.lg.jp/suginami/131156_suginamiku_kodomosyokudo.csv
131156,,東京都,杉並区,リベルタこども食堂,リベルタコドモショクドウ,,,東京都杉並区阿佐ヶ谷北2-5-7,ARK HOUSE ASAGAYA1F,35.705166,139.632812,,,,4,水,,17:00,,,,,,,,,こども無料　おとな300円以上の寄付,,,,,,,,,,,,杉並区,子ども食堂一覧,クリエイティブ・コモンズ 表示（CC BY）,https://www.opendata.metro.tokyo.lg.jp/suginami/131156_suginamiku_kodomosyokudo.csv
131156,,東京都,杉並区,みんなのお家 エルガーハウス,ミンナノオウチエルガーハウス,,,東京都杉並区高円寺北2-14-13,IMAGINUS（イマジナス）,35.706806,139.652985,,,,4,金,,,,,,,,,,300,無料：こども、ひとり親家庭、ハンディのある方とそのご家族、子育て中の親御さんが療養中のご家庭、コロナ禍で収入が減少したご家庭、一人暮らしの大学生,,,,,,,,,,,,杉並区,子ども食堂一覧,クリエイティブ・コモンズ 表示（CC BY）,https://www.opendata.metro.tokyo.lg.jp/suginami/131156_suginamiku_kodomosyokudo.csv
131156,,東京都,杉並区,JAまごころ食堂,ジェイエーマゴコロショクドウ,,,東京都杉並区成田東5-18-7,JA東京中央城西支店,35.701443,139.630447,,,,8,,,,,,,,,,,500,こども100円,,,,,,,,,,,,杉並区,子ども食堂一覧,クリエイティブ・コモンズ 表示（CC BY）,https://www.opendata.metro.tokyo.lg.jp/suginami/131156_suginamiku_kodomosyokudo.csv
131156,,東京都,杉並区,こども食堂あまてらす,コドモショクドウアマテラス,,,東京都杉並区阿佐谷南3-10-8,ハイム加藤102 あまてらす南阿佐ケ谷,35.702042,139.629791,,,,5,,,12:00,15:00,,,,,,,,こども無料、中学生以上寄付,,,,,,,,,,,,杉並区,子ども食堂一覧,クリエイティブ・コモンズ 表示（CC BY）,https://www.opendata.metro.tokyo.lg.jp/suginami/131156_suginamiku_kodomosyokudo.csv
131156,,東京都,杉並区,おひさま食堂@南阿佐谷,オヒサマショクドウミナミアサガヤ,,,東京都杉並区阿佐谷南1-16-8,ISM ASAGAYA8階 暮らしの処方箋,35.700592,139.63591,,,,8,,,,,,,,,,,300,こども無料,,,,,,,,,,,,杉並区,子ども食堂一覧,クリエイティブ・コモンズ 表示（CC BY）,https://www.opendata.metro.tokyo.lg.jp/suginami/131156_suginamiku_kodomosyokudo.csv
131156,,東京都,杉並区,トリドリ子ども食堂,トリドリコドモショクドウ,,,東京都杉並区阿佐谷南3-1-21,徳和ビル2F,35.701653,139.635956,,,,5,金,,17:00,19:00,,,,,,,300,こども無料,,,,,,,,,,,,杉並区,子ども食堂一覧,クリエイティブ・コモンズ 表示（CC BY）,https://www.opendata.metro.tokyo.lg.jp/suginami/131156_suginamiku_kodomosyokudo.csv
131156,,東京都,杉並区,高円寺わくわく食堂,コウエンジワクワクショクドウ,,,東京都杉並区高円寺北2-14-13,IMAGINUS（イマジナス）,35.706806,139.652985,,,,5,金,,17:00,19:00,,,,,,,300,こども無料,,,,,,,,,,,,杉並区,子ども食堂一覧,クリエイティブ・コモンズ 表示（CC BY）,https://www.opendata.metro.tokyo.lg.jp/suginami/131156_suginamiku_kodomosyokudo.csv
131156,,東京都,杉並区,高円寺子ども食堂,コウエンジコドモショクドウ,,,東京都杉並区高円寺南2-33-32,カトリック高円寺協会,35.699482,139.653412,,,,4,土,,12:00,14:00,,,,,,,300,こども無料,,,,,,,,,,,,杉並区,子ども食堂一覧,クリエイティブ・コモンズ 表示（CC BY）,https://www.opendata.metro.tokyo.lg.jp/suginami/131156_suginamiku_kodomosyokudo.csv
131156,,東京都,杉並区,バードバス子ども食堂,バードバスコドモショクドウ,,,東京都杉並区和田3-6-7,caf? Birdbath,35.693779,139.6586,,,,5,木,,18:00,20:00,,,,,,,,こども・おとな無料,,,,,,,,,,,,杉並区,子ども食堂一覧,クリエイティブ・コモンズ 表示（CC BY）,https://www.opendata.metro.tokyo.lg.jp/suginami/131156_suginamiku_kodomosyokudo.csv
131156,,東京都,杉並区,はっぴー食堂,ハッピーショクドウ,,,東京都杉並区和田1-41-10-2F,ゆうゆう和田館,35.691513,139.659393,,,,5,金,,18:00,20:00,,,,,,,,こども・おとな無料,,,,,,,,,,,,杉並区,子ども食堂一覧,クリエイティブ・コモンズ 表示（CC BY）,https://www.opendata.metro.tokyo.lg.jp/suginami/131156_suginamiku_kodomosyokudo.csv
131156,,東京都,杉並区,寺子屋in妙法寺,テラコヤインミョウホウジ,,,東京都杉並区堀ノ内3-48-8,堀ノ内妙法寺,35.691746,139.652161,,,,8,土,,10:00,12:30,,小学生,,0,,,,,,,,,,,,,,,連絡先 suginami_kosapo@yahoo.co.jp,杉並区,子ども食堂一覧,クリエイティブ・コモンズ 表示（CC BY）,https://www.opendata.metro.tokyo.lg.jp/suginami/131156_suginamiku_kodomosyokudo.csv
131156,,東京都,杉並区,杉並みんなの食堂,スギナミミンナノショクドウ,,,東京都杉並区和田2-21-39,救世軍杉並小隊,35.690006,139.659729,,,,5,,,17:00,19:00,,,,,,,,こども100円　おとな200円,,,,,,,,,,,,杉並区,子ども食堂一覧,クリエイティブ・コモンズ 表示（CC BY）,https://www.opendata.metro.tokyo.lg.jp/suginami/131156_suginamiku_kodomosyokudo.csv
131156,,東京都,杉並区,ふくぷくひろば,フクプクヒロバ,,,東京都杉並区永福2-6-12,永福南児童館,35.671764,139.639374,,,,8,,,,,,,,,,,,こども無料,,,,,,,,,,,連絡先 suginami_kosapo@yahoo.co.jp,杉並区,子ども食堂一覧,クリエイティブ・コモンズ 表示（CC BY）,https://www.opendata.metro.tokyo.lg.jp/suginami/131156_suginamiku_kodomosyokudo.csv
131156,,東京都,杉並区,八十八ちいき食堂,ヤソヤチイキショクドウ,,,東京都杉並区方南2-16-6,八十八-yasoya-豊香おむすび,35.684605,139.659851,,,,4,火,,17:00,19:00,,どなたでも,,,,,,こども300円または寄付,,,,,,,,,,,,杉並区,子ども食堂一覧,クリエイティブ・コモンズ 表示（CC BY）,https://www.opendata.metro.tokyo.lg.jp/suginami/131156_suginamiku_kodomosyokudo.csv
131156,,東京都,杉並区,方南にこにこパントリー,ホウナンニコニコパントリー,,,東京都杉並区方南1-51-7,ゆうゆう方南館,35.678432,139.659637,,,,8,,,,,,,,,,,,こども・おとな無料,,,,,,,,,,,,杉並区,子ども食堂一覧,クリエイティブ・コモンズ 表示（CC BY）,https://www.opendata.metro.tokyo.lg.jp/suginami/131156_suginamiku_kodomosyokudo.csv
131156,,東京都,杉並区,子ども未来食堂,コドモミライショクドウ,,,東京都杉並区和泉4-48-15,高橋ビル1F グラス方南町店,35.683056,139.655151,,,,5,月,,15:00,19:00,,,0,0,0,200,400,,,,,,,,,,,,,杉並区,子ども食堂一覧,クリエイティブ・コモンズ 表示（CC BY）,https://www.opendata.metro.tokyo.lg.jp/suginami/131156_suginamiku_kodomosyokudo.csv
131156,,東京都,杉並区,ころころ食堂☆高井戸,コロコロショクドウタカイド,,,東京都杉並区下高井戸5-4-42,東都生協 さんぼんすぎセンター1階,35.67189,139.623367,,,,5,土,,12:00,13:00,,,,,,,,こども無料　おとなカンパ,,,,,,,,,,,,杉並区,子ども食堂一覧,クリエイティブ・コモンズ 表示（CC BY）,https://www.opendata.metro.tokyo.lg.jp/suginami/131156_suginamiku_kodomosyokudo.csv
131156,,東京都,杉並区,こども食堂アランチーニ,コドモショクドウアランチーニ,,,東京都杉並区下高井戸3-1-4 2F,イタリアンレストランアランチーニ,35.6693,139.633377,,,,1,,,11:30,,,,,,,,,こども200円　おとな200円,,,,,,,,,,,,杉並区,子ども食堂一覧,クリエイティブ・コモンズ 表示（CC BY）,https://www.opendata.metro.tokyo.lg.jp/suginami/131156_suginamiku_kodomosyokudo.csv
131156,,東京都,杉並区,四丁目子ども食堂,ヨンチョウメコドモショクドウ,,,東京都杉並区高円寺南4-28-2-1F,第2高円寺ビル1階,35.703865,139.650223,,,,,,,17:00,19:00,,親子・地域の子ども,,,,,,こども無料　おとな300円,,,,,,,,,,,,杉並区,子ども食堂一覧,クリエイティブ・コモンズ 表示（CC BY）,https://www.opendata.metro.tokyo.lg.jp/suginami/131156_suginamiku_kodomosyokudo.csv
131148,N29600000001,東京都,中野区,まつがおかキッチン,マツガオカキッチン,,,,,,,,,まつがおかキッチン運営委員会,,,,,,,,,,,,,,,,,,,,,,,,,中野区,子ども食堂一覧,クリエイティブ・コモンズ 表示（CC BY）,https://www2.wagmap.jp/nakanodatamap/nakanodatamap/opendatafile/map_1/CSV/opendata_5001283.csv
131148,N29600000002,東京都,中野区,ぬまぶくろワイワイ食堂,ヌマブクロワイワイショクドウ,,,,,,,,,ぬまぶくろワイワイ食堂,,,,,,,,,,,,,,,,,,,,,,,,,中野区,子ども食堂一覧,クリエイティブ・コモンズ 表示（CC BY）,https://www2.wagmap.jp/nakanodatamap/nakanodatamap/opendatafile/map_1/CSV/opendata_5001283.csv
131148,N29600000003,東京都,中野区,ぶらんけっとのこどもごはん,ブランケットノコドモゴハン,,,,,,,,,ぶらんけっと,,,,,,,,,,,,,,,,,,,,,,,,,中野区,子ども食堂一覧,クリエイティブ・コモンズ 表示（CC BY）,https://www2.wagmap.jp/nakanodatamap/nakanodatamap/opendatafile/map_1/CSV/opendata_5001283.csv
131148,N29600000004,東京都,中野区,子供食堂,コドモショクドウ,,,,,,,,,あーちのめし処,,,,,,,,,,,,,,,,,,,,,,,,,中野区,子ども食堂一覧,クリエイティブ・コモンズ 表示（CC BY）,https://www2.wagmap.jp/nakanodatamap/nakanodatamap/opendatafile/map_1/CSV/opendata_5001283.csv
131148,N29600000005,東京都,中野区,みんなのキッチン,ミンナノキッチン,,,,,,,,,みんなのカフェ運営会,,,,,,,,,,,,,,,,,,,,,,,,,中野区,子ども食堂一覧,クリエイティブ・コモンズ 表示（CC BY）,https://www2.wagmap.jp/nakanodatamap/nakanodatamap/opendatafile/map_1/CSV/opendata_5001283.csv
131148,N29600000006,東京都,中野区,こども食堂バベット,コドモショクドウバベット,,,,,,,,,こども食堂バベット,,,,,,,,,,,,,,,,,,,,,,,,,中野区,子ども食堂一覧,クリエイティブ・コモンズ 表示（CC BY）,https://www2.wagmap.jp/nakanodatamap/nakanodatamap/opendatafile/map_1/CSV/opendata_5001283.csv
131148,N29600000007,東京都,中野区,こども食堂Annekaffeekanne,コドモショクドウアンネカフェカンネ,,,,,,,,,Annekaffeekanne,,,,,,,,,,,,,,,,,,,,,,,,,中野区,子ども食堂一覧,クリエイティブ・コモンズ 表示（CC BY）,https://www2.wagmap.jp/nakanodatamap/nakanodatamap/opendatafile/map_1/CSV/opendata_5001283.csv
131148,N29600000008,東京都,中野区,こども食堂パークサイドカフェ,コドモショクドウパークサイドカフェ,,,,,,,,,こども食堂パークサイドカフェ,,,,,,,,,,,,,,,,,,,,,,,,,中野区,子ども食堂一覧,クリエイティブ・コモンズ 表示（CC BY）,https://www2.wagmap.jp/nakanodatamap/nakanodatamap/opendatafile/map_1/CSV/opendata_5001283.csv
131148,N29600000009,東京都,中野区,子ども食堂ハイハイ,コドモショクドウハイハイ,,,,,,,,,子ども食堂ハイハイ,,,,,,,,,,,,,,,,,,,,,,,,,中野区,子ども食堂一覧,クリエイティブ・コモンズ 表示（CC BY）,https://www2.wagmap.jp/nakanodatamap/nakanodatamap/opendatafile/map_1/CSV/opendata_5001283.csv
131148,N29600000010,東京都,中野区,みんなの食堂,ミンナノショクドウ,,,,,,,,,南中野カレーの会,,,,,,,,,,,,,,,,,,,,,,,,,中野区,子ども食堂一覧,クリエイティブ・コモンズ 表示（CC BY）,https://www2.wagmap.jp/nakanodatamap/nakanodatamap/opendatafile/map_1/CSV/opendata_5001283.csv
131148,N29600000011,東京都,中野区,子ども食堂ゆい,こどもしょくどうゆい,,,,,,,,,NPO法人　女性のスペース結,,,,,,,,,,,,,,,,,,,,,,,,,中野区,子ども食堂一覧,クリエイティブ・コモンズ 表示（CC BY）,https://www2.wagmap.jp/nakanodatamap/nakanodatamap/opendatafile/map_1/CSV/opendata_5001283.csv
131148,N29600000012,東京都,中野区,おみやげフルーツ,オミヤゲフルーツ,,,,,,,,,NPO法人　女性のスペース結,,,,,,,,,,,,,,,,,,,,,,,,,中野区,子ども食堂一覧,クリエイティブ・コモンズ 表示（CC BY）,https://www2.wagmap.jp/nakanodatamap/nakanodatamap/opendatafile/map_1/CSV/opendata_5001283.csv
131148,N29600000014,東京都,中野区,こども食堂さくら,コドモショクドウサクラ,,,,,,,,,こども食堂さくら,,,,,,,,,,,,,,,,,,,,,,,,,中野区,子ども食堂一覧,クリエイティブ・コモンズ 表示（CC BY）,https://www2.wagmap.jp/nakanodatamap/nakanodatamap/opendatafile/map_1/CSV/opendata_5001283.csv
131148,N29600000015,東京都,中野区,やまいち食堂,ヤマイチショクドウ,,,,,,,,,やまいちクラブ,,,,,,,,,,,,,,,,,,,,,,,,,中野区,子ども食堂一覧,クリエイティブ・コモンズ 表示（CC BY）,https://www2.wagmap.jp/nakanodatamap/nakanodatamap/opendatafile/map_1/CSV/opendata_5001283.csv
131148,N29600000016,東京都,中野区,やよいスクエア子ども食堂,ヤヨイスクエアコドモショクドウ,,,,,,,,,NPO法人　介護者サポートネットワークセンター・アラジン,,,,,,,,,,,,,,,,,,,,,,,,,中野区,子ども食堂一覧,クリエイティブ・コモンズ 表示（CC BY）,https://www2.wagmap.jp/nakanodatamap/nakanodatamap/opendatafile/map_1/CSV/opendata_5001283.csv
131148,N29600000017,東京都,中野区,子ども食堂　あつまり亭,コドモショクドウ　アツマリテイ,,,,,,,,,一般社団法人　上鷺テラス,,,,,,,,,,,,,,,,,,,,,,,,,中野区,子ども食堂一覧,クリエイティブ・コモンズ 表示（CC BY）,https://www2.wagmap.jp/nakanodatamap/nakanodatamap/opendatafile/map_1/CSV/opendata_5001283.csv
131148,N29600000018,東京都,中野区,中野子どもレストラン,ナカノコドモレストラン,,,,,,,,,中野子どもレストラン,,,,,,,,,,,,,,,,,,,,,,,,,中野区,子ども食堂一覧,クリエイティブ・コモンズ 表示（CC BY）,https://www2.wagmap.jp/nakanodatamap/nakanodatamap/opendatafile/map_1/CSV/opendata_5001283.csv
131148,N29600000019,東京都,中野区,上高田みんなの食堂フードパントリー,カミタカダミンナノショクドウフードパントリー,,,,,,,,,上高田みんなの食堂実行委員会,,,,,,,,,,,,,,,,,,,,,,,,,中野区,子ども食堂一覧,クリエイティブ・コモンズ 表示（CC BY）,https://www2.wagmap.jp/nakanodatamap/nakanodatamap/opendatafile/map_1/CSV/opendata_5001283.csv
131148,N29600000020,東京都,中野区,城山みんなの食堂,シロヤマミンナノショクドウ,,,,,,,,,城山みんなの食堂運営委員会,,,,,,,,,,,,,,,,,,,,,,,,,中野区,子ども食堂一覧,クリエイティブ・コモンズ 表示（CC BY）,https://www2.wagmap.jp/nakanodatamap/nakanodatamap/opendatafile/map_1/CSV/opendata_5001283.csv
131148,N29600000021,東京都,中野区,江古田にこにこ広場,エコダニコニコヒロバ,,,,,,,,,特定非営利活動法人　ここからプロジェクト,,,,,,,,,,,,,,,,,,,,,,,,,中野区,子ども食堂一覧,クリエイティブ・コモンズ 表示（CC BY）,https://www2.wagmap.jp/nakanodatamap/nakanodatamap/opendatafile/map_1/CSV/opendata_5001283.csv
131148,N29600000021,東京都,中野区,わくわくわらっぴー親子食堂,ワクワクワラッピーオヤコショクドウ,,,,,,,,,一般社団法人わくわくわらっぴー・児童支援,,,,,,,,,,,,,,,,,,,,,,,,,中野区,子ども食堂一覧,クリエイティブ・コモンズ 表示（CC BY）,https://www2.wagmap.jp/nakanodatamap/nakanodatamap/opendatafile/map_1/CSV/opendata_5001283.csv
131148,N29600000022,東京都,中野区,わくわくひみつキッチン,ワクワクヒミツキッチン,,,,,,,,,一般社団法人わくわくわらっぴー・児童支援,,,,,,,,,,,,,,,,,,,,,,,,,中野区,子ども食堂一覧,クリエイティブ・コモンズ 表示（CC BY）,https://www2.wagmap.jp/nakanodatamap/nakanodatamap/opendatafile/map_1/CSV/opendata_5001283.csv
131148,N29600000023,東京都,中野区,ゆめのいろ食堂,ユメノイロショクドウ,,,,,,,,,ゆめのいろ食堂,,,,,,,,,,,,,,,,,,,,,,,,,中野区,子ども食堂一覧,クリエイティブ・コモンズ 表示（CC BY）,https://www2.wagmap.jp/nakanodatamap/nakanodatamap/opendatafile/map_1/CSV/opendata_5001283.csv
131148,N29600000024,東京都,中野区,プールナ食堂中野エカイエ,プールナショクドウナカノエカイエ,,,,,,,,,プールナ食堂中野,,,,,,,,,,,,,,,,,,,,,,,,,中野区,子ども食堂一覧,クリエイティブ・コモンズ 表示（CC BY）,https://www2.wagmap.jp/nakanodatamap/nakanodatamap/opendatafile/map_1/CSV/opendata_5001283.csv
131148,N29600000024,東京都,中野区,たぬどん食堂,タヌドンショクドウ,,,,,,,,,たぬどん食堂実行委員会,,,,,,,,,,,,,,,,,,,,,,,,,中野区,子ども食堂一覧,クリエイティブ・コモンズ 表示（CC BY）,https://www2.wagmap.jp/nakanodatamap/nakanodatamap/opendatafile/map_1/CSV/opendata_5001283.csv
131148,N29600000024,東京都,中野区,なべよこ地域食堂,ナベヨコチイキショクドウ,,,,,,,,,なべよこ地域食堂,,,,,,,,,,,,,,,,,,,,,,,,,中野区,子ども食堂一覧,クリエイティブ・コモンズ 表示（CC BY）,https://www2.wagmap.jp/nakanodatamap/nakanodatamap/opendatafile/map_1/CSV/opendata_5001283.csv
131148,N29600000024,東京都,中野区,わいわいこども食堂,ワイワイコドモショクドウ,,,,,,,,,一般社団法人　ねこのて,,,,,,,,,,,,,,,,,,,,,,,,,中野区,子ども食堂一覧,クリエイティブ・コモンズ 表示（CC BY）,https://www2.wagmap.jp/nakanodatamap/nakanodatamap/opendatafile/map_1/CSV/opendata_5001283.csv
131148,N29600000024,東京都,中野区,子ども食堂かみさぎ,コドモショクドウカミサギ,,,,,,,,,チームかみさぎ,,,,,,,,,,,,,,,,,,,,,,,,,中野区,子ども食堂一覧,クリエイティブ・コモンズ 表示（CC BY）,https://www2.wagmap.jp/nakanodatamap/nakanodatamap/opendatafile/map_1/CSV/opendata_5001283.csv
131148,N29600000024,東京都,中野区,お弁当かみさぎ,オベントウカミサギ,,,,,,,,,チームかみさぎ,,,,,,,,,,,,,,,,,,,,,,,,,中野区,子ども食堂一覧,クリエイティブ・コモンズ 表示（CC BY）,https://www2.wagmap.jp/nakanodatamap/nakanodatamap/opendatafile/map_1/CSV/opendata_5001283.csv
131148,N29600000024,東京都,中野区,みんなのよりば「よりみち」,ミンナノヨリバ「ヨリミチ」,,,,,,,,,特定非営利活動法人　文楽舎みんなのよりば,,,,,,,,,,,,,,,,,,,,,,,,,中野区,子ども食堂一覧,クリエイティブ・コモンズ 表示（CC BY）,https://www2.wagmap.jp/nakanodatamap/nakanodatamap/opendatafile/map_1/CSV/opendata_5001283.csv
131148,N29600000024,東京都,中野区,ママほっとキッチン,ママホットキッチン,,,,,,,,,ママほっとキッチン,,,,,,,,,,,,,,,,,,,,,,,,,中野区,子ども食堂一覧,クリエイティブ・コモンズ 表示（CC BY）,https://www2.wagmap.jp/nakanodatamap/nakanodatamap/opendatafile/map_1/CSV/opendata_5001283.csv
131148,N29600000024,東京都,中野区,キャトルエピス子ども食堂,キャトルエピスコドモショクドウ,,,,,,,,,キャトルエピス子ども食堂,,,,,,,,,,,,,,,,,,,,,,,,,中野区,子ども食堂一覧,クリエイティブ・コモンズ 表示（CC BY）,https://www2.wagmap.jp/nakanodatamap/nakanodatamap/opendatafile/map_1/CSV/opendata_5001283.csv
131148,N29600000024,東京都,中野区,みんなのへや食堂,ミンナノヘヤショクドウ,,,,,,,,,特定非営利活動法人　ワールド・ビジョン・ジャパン,,,,,,,,,,,,,,,,,,,,,,,,,中野区,子ども食堂一覧,クリエイティブ・コモンズ 表示（CC BY）,https://www2.wagmap.jp/nakanodatamap/nakanodatamap/opendatafile/map_1/CSV/opendata_5001283.csv
131148,N29600000024,東京都,中野区,e場所こども＆おとなフードパントリー,イーバショコドモアンドオトナフードパントリー,,,,,,,,,特定非営利活動法人　e場所,,,,,,,,,,,,,,,,,,,,,,,,,中野区,子ども食堂一覧,クリエイティブ・コモンズ 表示（CC BY）,https://www2.wagmap.jp/nakanodatamap/nakanodatamap/opendatafile/map_1/CSV/opendata_5001283.csv
131130,,東京都,渋谷区,恵比寿じもと食堂,エビスジモトコドモショクドウ,地域のお母さんボランティアによる、渋谷区の先駆的な子ども食堂活動。,,東京都渋谷区恵比寿4-5-15,,35.644714,139.712143,,,,,,第2・4水曜日 15時～19時,15:00,19:00,,,,,,,,,,,,,,加計塚小,,,,,,渋谷区,子ども食堂一覧,クリエイティブ・コモンズ 表示（CC BY）,https://www.opendata.metro.tokyo.lg.jp/shibuya/131130_shibuyaku_kodomosyokudo.csv
131130,,東京都,渋谷区,景丘の家・こども食堂,カゲオカノイエコドモショクドウ,かまどや、囲炉裏を使い、日本文化に触れながら、調理を行う。,,東京都渋谷区恵比寿4-5-15,,35.644714,139.712143,,,,,,第3水曜日 17時30分～19時30分,17:30,19:30,,,,,,,,,,,,,,加計塚小,,,,,,渋谷区,子ども食堂一覧,クリエイティブ・コモンズ 表示（CC BY）,https://www.opendata.metro.tokyo.lg.jp/shibuya/131130_shibuyaku_kodomosyokudo.csv
131130,,東京都,渋谷区,恵比寿ママ食堂,エビスママショクドウ,近隣に住む、子育て世帯の母親たちが中心となり、食事を通じて交流をはかる。,,東京都渋谷区恵比寿4-5-15,,35.644714,139.712143,,,,,,月1回　土曜日　10時30分～,10:30,,,,,,,,,,,,,,,臨川小;加計塚小,,,,,,渋谷区,子ども食堂一覧,クリエイティブ・コモンズ 表示（CC BY）,https://www.opendata.metro.tokyo.lg.jp/shibuya/131130_shibuyaku_kodomosyokudo.csv
131130,,東京都,渋谷区,東京西ロータリークラブこどもテーブル,トウキョウニシロータリークラブコドモテーブル,東京西ロータリークラブの慈善活動による子ども食堂活動。,,東京都渋谷区恵比寿4-5-15,,35.644714,139.712143,,,,,,不定期開催　10時～,10:00,,,,,,,,,,,,,,,広尾小l;臨川小;長谷戸小;神南小;常盤松小;加計塚小;神宮前小,,,,,,渋谷区,子ども食堂一覧,クリエイティブ・コモンズ 表示（CC BY）,https://www.opendata.metro.tokyo.lg.jp/shibuya/131130_shibuyaku_kodomosyokudo.csv
131130,,東京都,渋谷区,渋谷のラジオの教室子供テーブル,シブヤノラジオノキョウシツコドモテーブル,渋谷のラジオの関わる人脈を活かした専門家によるワークショップを実施。,,東京都渋谷区恵比寿4-5-15,,35.644714,139.712143,,,,,,月1回　15時～,15:00,,,,,,,,,,,,,,,臨川小;加計塚小,,,,,,渋谷区,子ども食堂一覧,クリエイティブ・コモンズ 表示（CC BY）,https://www.opendata.metro.tokyo.lg.jp/shibuya/131130_shibuyaku_kodomosyokudo.csv
131130,,東京都,渋谷区,卯めこども食堂,ウメコドモショクドウ,元食堂経営者が地域貢献として行う子ども食堂。,,東京都渋谷区恵比寿1-25-12,,35.646595,139.715836,,,,,,月1回  金曜日　16時～,16:00,,,,,,,,,,,,,,,臨川小;加計塚小,,,,,,渋谷区,子ども食堂一覧,クリエイティブ・コモンズ 表示（CC BY）,https://www.opendata.metro.tokyo.lg.jp/shibuya/131130_shibuyaku_kodomosyokudo.csv
131130,,東京都,渋谷区,パール子どもテーブル活動,パールコドモテーブルカツドウ,親の帰りが遅い子どもを対象とし、食べるだけでなく、施設の高齢者との多世代交流等も実施。,,東京都渋谷区鉢山町3-27,,35.65247,139.698334,,,,,,毎週月曜・木曜　17時～19時,17:00,19:00,,,,,,,,,,,,,,猿楽小,,,,,,渋谷区,子ども食堂一覧,クリエイティブ・コモンズ 表示（CC BY）,https://www.opendata.metro.tokyo.lg.jp/shibuya/131130_shibuyaku_kodomosyokudo.csv
131130,,東京都,渋谷区,ミート・ザ・おやつ,ミートザオヤツ,毎回、料理研究家と子供達が世界各国の料理や日本の伝統料理を一緒に作り、楽しむ活動。,,東京都渋谷区代官山7-9,,35.650669,139.704269,,,,,,月2回不定期　16時30分～18時,16:30,18:00,,,,,,,,,,,,,,長谷戸小;猿楽小;広尾小,,,,,,渋谷区,子ども食堂一覧,クリエイティブ・コモンズ 表示（CC BY）,https://www.opendata.metro.tokyo.lg.jp/shibuya/131130_shibuyaku_kodomosyokudo.csv
131130,,東京都,渋谷区,長谷戸生活学校子ども食堂,ハセコセイカツガッコウコドモショク,主婦が作る家庭的料理を通じて、地域の子どもたちとの交流を図る。,,東京都渋谷区代官山7-9,,35.650669,139.704269,,,,,,第4金曜日　17時30分～18時,17:30,18:00,,,,,,,,,,,,,,長谷戸小,,,,,,渋谷区,子ども食堂一覧,クリエイティブ・コモンズ 表示（CC BY）,https://www.opendata.metro.tokyo.lg.jp/shibuya/131130_shibuyaku_kodomosyokudo.csv
131130,,東京都,渋谷区,渋谷こどもテーブルゆめとぴあ,ウシブヤコドモテーブルユメトピア,食品はナチュラルフードを推進、専門家や美大生によるアートワークショップも実施。,,東京都渋谷区鶯谷町10-15,,35.653038,139.701523,,,,,,第4日曜日　14時～,14:00,,,,,,,,,,,,,,,猿楽小,,,,,,渋谷区,子ども食堂一覧,クリエイティブ・コモンズ 表示（CC BY）,https://www.opendata.metro.tokyo.lg.jp/shibuya/131130_shibuyaku_kodomosyokudo.csv
131130,,東京都,渋谷区,渋谷・長崎歴史文化情報発信塾,シブヤナガサキレキシブンカジョウホウハッシンジュク,渋谷龍馬会による活動。長崎発祥の食文化の体験、明治維新の志士たちのワークショップを実施。,,東京都渋谷区鶯谷町10-15,,35.653038,139.701523,,,,,,第3土曜日　15時～,15:00,,,,,,,,,,,,,,,猿楽小,,,,,,渋谷区,子ども食堂一覧,クリエイティブ・コモンズ 表示（CC BY）,https://www.opendata.metro.tokyo.lg.jp/shibuya/131130_shibuyaku_kodomosyokudo.csv
131130,,東京都,渋谷区,くるり食堂,クルリショクドウ,たこ焼きを子ども達と作り、食べる楽しみ、作る楽しみを知ってもらう活動。,,東京都渋谷区恵比寿西1-７-９,,35.647682,139.70874,,,,,,月2回日曜日　13時～,13:00,,,,,,,,,,,,,,,猿楽小,,,,,,渋谷区,子ども食堂一覧,クリエイティブ・コモンズ 表示（CC BY）,https://www.opendata.metro.tokyo.lg.jp/shibuya/131130_shibuyaku_kodomosyokudo.csv
131130,,東京都,渋谷区,リフレッシュ氷川こども食堂,リフレッシュヒカワコドモショクドウ,食事の提供とともに、折り紙など、環境に優しい作品作りも実施。,,東京都渋谷区東1-26-23,,35.654686,139.707138,,,,,,月1回　17時～19時,17:00,19:00,,,,,,,,,,,,,,常磐松小;広尾小,,,,,,渋谷区,子ども食堂一覧,クリエイティブ・コモンズ 表示（CC BY）,https://www.opendata.metro.tokyo.lg.jp/shibuya/131130_shibuyaku_kodomosyokudo.csv
131130,,東京都,渋谷区,美竹の丘こどもごはん,ビチクノオカコドモゴハン,フードドライブを活用したエコクッキングを実施。,,東京都渋谷区渋谷1-18-9,,35.662029,139.70459,,,,,,月1回　17時～19時,17:00,19:00,,,,,,,,,,,,,,神南小;神宮前小,,,,,,渋谷区,子ども食堂一覧,クリエイティブ・コモンズ 表示（CC BY）,https://www.opendata.metro.tokyo.lg.jp/shibuya/131130_shibuyaku_kodomosyokudo.csv
131130,,東京都,渋谷区,渋喜屋テーブル,シブキヤテーブル,弁当配布を毎月実施。不定期で、自宅を開放し、子どもに食事提供や学習支援も実施。,,東京都渋谷区広尾3-2-14,,35.655617,139.713898,,,,,,第2火曜・第4木曜　14時～,14:00,,,,,,,,,,,,,,,常磐松小;広尾小,,,,,,渋谷区,子ども食堂一覧,クリエイティブ・コモンズ 表示（CC BY）,https://www.opendata.metro.tokyo.lg.jp/shibuya/131130_shibuyaku_kodomosyokudo.csv
131130,,東京都,渋谷区,スマイルきっちんナチュレ,スマイルキッチンナチュレ,自然食の提供とアートワークショップの実施。,,東京都渋谷区渋谷2-22-7,,35.658371,139.703766,,,,,,月1回不定期　12時～,12:00,,,,,,,,,,,,,,,神南小;神宮前小,,,,,,渋谷区,子ども食堂一覧,クリエイティブ・コモンズ 表示（CC BY）,https://www.opendata.metro.tokyo.lg.jp/shibuya/131130_shibuyaku_kodomosyokudo.csv
131130,,東京都,渋谷区,オーガニックおおうち食堂,オーガニックオオウチショクドウ,月1回、お寿司屋さんが手作りした食事を提供する。,,東京都渋谷区渋谷2-8-4 佐野ビル1F,,35.660439,139.707489,,,,,,第1日曜日　11時～,11:00,,,,,,,,,,,,,,,常磐松小,,,,,,渋谷区,子ども食堂一覧,クリエイティブ・コモンズ 表示（CC BY）,https://www.opendata.metro.tokyo.lg.jp/shibuya/131130_shibuyaku_kodomosyokudo.csv
131130,,東京都,渋谷区,渋谷おやこサロン,シブヤオヤコサロン,自宅を開放し、放課後居場所のない子どもたちに開放し、食事提供も実施。,,東京都渋谷区南平台町12-13-402,,35.654221,139.695831,,,,,,平日　15時30分～,15:30,,,,,,,,,,,,,,,猿楽小,,,,,,渋谷区,子ども食堂一覧,クリエイティブ・コモンズ 表示（CC BY）,https://www.opendata.metro.tokyo.lg.jp/shibuya/131130_shibuyaku_kodomosyokudo.csv
131130,,東京都,渋谷区,子ども料理教室,コドモリョウリキョウシツ,ベーグル店等を展開する企業ノウハウを活かした活動を実施。,,東京都渋谷区宇田川町3-10,,35.662437,139.698669,,,,,,月1回程度　16時～17時30分,16:00,17:30,,,,,,,,,,,,,,神南小,,,,,,渋谷区,子ども食堂一覧,クリエイティブ・コモンズ 表示（CC BY）,https://www.opendata.metro.tokyo.lg.jp/shibuya/131130_shibuyaku_kodomosyokudo.csv
131130,,東京都,渋谷区,渋谷センター街こども食堂,シブヤセンターガイコドモショクドウ,食事やワークショップを通じて、SDGSの理解を深める活動を実施。,,東京都渋谷区宇田川町16-8,,35.660816,139.698959,,,,,,第3木曜日　17時～19時,17:00,19:00,,,,,,,,,,,,,,神南小,,,,,,渋谷区,子ども食堂一覧,クリエイティブ・コモンズ 表示（CC BY）,https://www.opendata.metro.tokyo.lg.jp/shibuya/131130_shibuyaku_kodomosyokudo.csv
131130,,東京都,渋谷区,子ども食堂,コドモショクドウ,調理製菓専門学校の教員、学生による子ども食堂。,,東京都渋谷区円山町28-5,,35.655621,139.694397,,,,,,不定期開催　10時～,10:00,,,,,,,,,,,,,,,神南小,,,,,,渋谷区,子ども食堂一覧,クリエイティブ・コモンズ 表示（CC BY）,https://www.opendata.metro.tokyo.lg.jp/shibuya/131130_shibuyaku_kodomosyokudo.csv
131130,,東京都,渋谷区,上富ダイニング,ウエトミダイニング,上原地区の町会長を中心に発足、大学生による学習支援もあり。,,東京都渋谷区上原3-13-8,,35.66663,139.678406,,,,,,年10回　16時～19時,16:00,19:00,,,,,,,,,,,,,,上原小;富谷小,,,,,,渋谷区,子ども食堂一覧,クリエイティブ・コモンズ 表示（CC BY）,https://www.opendata.metro.tokyo.lg.jp/shibuya/131130_shibuyaku_kodomosyokudo.csv
131130,,東京都,渋谷区,みらいこどもテーブル,ミライコドモテーブル,株式会社ダイアナ有志による、食育活動。親子で調理して、食べる楽しみを本社ビルで実施。,,東京都渋谷区富ヶ谷1-35-23,,35.667709,139.688385,,,,,,2ヶ月に1回　第2火曜日　16時～18時,16:00,18:00,,,,,,,,,,,,,,区内小学校,,,,,,渋谷区,子ども食堂一覧,クリエイティブ・コモンズ 表示（CC BY）,https://www.opendata.metro.tokyo.lg.jp/shibuya/131130_shibuyaku_kodomosyokudo.csv
131130,,東京都,渋谷区,SHIBUYAコドモとママのミライ創造プロジェクト,シブヤコドモトママノミライソウゾウプロジェクト,工作等ワークショップを実施し、その後は食事で交流を図る。,,東京都渋谷区富ヶ谷2-9-13,,35.664734,139.686279,,,,,,月1回不定期　12時～,12:00,,,,,,,,,,,,,,,上原小;富谷小,,,,,,渋谷区,子ども食堂一覧,クリエイティブ・コモンズ 表示（CC BY）,https://www.opendata.metro.tokyo.lg.jp/shibuya/131130_shibuyaku_kodomosyokudo.csv
131130,,東京都,渋谷区,コドモ大学食育部,コドモダイガクショクイクブ,食事やワークショップを通じて食の重要性を伝える活動を実施。,,東京都渋谷区富ヶ谷2-9-15,,35.664902,139.686539,,,,,,第2・第4土曜日　13時～,13:00,,,,,,,,,,,,,,,上原小;富谷小,,,,,,渋谷区,子ども食堂一覧,クリエイティブ・コモンズ 表示（CC BY）,https://www.opendata.metro.tokyo.lg.jp/shibuya/131130_shibuyaku_kodomosyokudo.csv
131130,,東京都,渋谷区,上原ファンインずっとも食堂,ウエハラファンインズットモショクドウ,食堂の時間前には、上原社教館の体育室で集団遊びやスポーツ交流も実施。,,東京都渋谷区大山町21-10,,35.669594,139.672806,,,,,,第1水曜日　17時00分～,17:00,,,,,,,,,,,,,,,上原小,,,,,,渋谷区,子ども食堂一覧,クリエイティブ・コモンズ 表示（CC BY）,https://www.opendata.metro.tokyo.lg.jp/shibuya/131130_shibuyaku_kodomosyokudo.csv
131130,,東京都,渋谷区,サンキューキッチン,サンキューキッチン,奉優会職員による、子ども食堂活動。,,東京都渋谷区西原1-22-9,,35.676941,139.678116,,,,,,不定期　11時～13時,11:00,13:00,,,,,,,,,,,,,,西原小,,,,,,渋谷区,子ども食堂一覧,クリエイティブ・コモンズ 表示（CC BY）,https://www.opendata.metro.tokyo.lg.jp/shibuya/131130_shibuyaku_kodomosyokudo.csv
131130,,東京都,渋谷区,Mamapura Kids＆Baby,ママプラキッズアンドベビー,ママたちがぷらっと集まり交流する。親子のふれあい、地域の繋がりを深める活動。,,東京都渋谷区西原2-35-1,,35.675163,139.675858,,,,,,月1、2回　10時～,10:00,,,,,,,,,,,,,,,未就学児,,,,,,渋谷区,子ども食堂一覧,クリエイティブ・コモンズ 表示（CC BY）,https://www.opendata.metro.tokyo.lg.jp/shibuya/131130_shibuyaku_kodomosyokudo.csv
131130,,東京都,渋谷区,初台キッズ食堂,ハツダイキッズショクドウ,一汁三菜のおふくろの味を提供。チクチク教室として針と糸を使った作品作りも実施。,,東京都渋谷区初台1-33-10,,35.679703,139.684738,,,,,,第3木曜日　17時～18時30分,17:00,18:30,,,,,,,,,,,,,,幡代小,,,,,,渋谷区,子ども食堂一覧,クリエイティブ・コモンズ 表示（CC BY）,https://www.opendata.metro.tokyo.lg.jp/shibuya/131130_shibuyaku_kodomosyokudo.csv
131130,,東京都,渋谷区,初台クラブ,ハツダイクラブ,初台のレストランが地域貢献として行う子ども食堂。,,東京都渋谷区初台１-11-2,,35.67944,139.687012,,,,,,第2土曜日　11時～,11:00,,,,,,,,,,,,,,,幡代小,,,,,,渋谷区,子ども食堂一覧,クリエイティブ・コモンズ 表示（CC BY）,https://www.opendata.metro.tokyo.lg.jp/shibuya/131130_shibuyaku_kodomosyokudo.csv
131130,,東京都,渋谷区,代々木こどもテーブル春の小川,ヨヨギコドモテーブルハルノオガワ,英語学習の時間や、12月はお菓子の家作りなど実施。,,東京都渋谷区代-木4-4-1,,35.650669,139.704269,,,,,,第1火曜日　15時50分～17時30分,15:50,17:30,,,,,,,,,,,,,,代々木山谷小,,,,,,渋谷区,子ども食堂一覧,クリエイティブ・コモンズ 表示（CC BY）,https://www.opendata.metro.tokyo.lg.jp/shibuya/131130_shibuyaku_kodomosyokudo.csv
131130,,東京都,渋谷区,みんなの食卓,ミンナノショクタク,参宮橋地域の子育て世帯を中心とした団体。ワークショップも実施する。,,東京都渋谷区代-木4-50-13,,35.650669,139.704269,,,,,,月１回金曜日　17時30分～,17:30,,,,,,,,,,,,,,,代々木山谷小,,,,,,渋谷区,子ども食堂一覧,クリエイティブ・コモンズ 表示（CC BY）,https://www.opendata.metro.tokyo.lg.jp/shibuya/131130_shibuyaku_kodomosyokudo.csv
131130,,東京都,渋谷区,渋谷区おばさん,シブヤクオバサン,食べるだけでなく、住職から説法を学んだり、キッズダンス等ワークショップも実施。,,東京都渋谷区代-木4-23-13,,35.650669,139.704269,,,,,,第2水曜日他　15時～17時,15:00,17:00,,,,,,,,,,,,,,幡代小;代々木山谷小,,,,,,渋谷区,子ども食堂一覧,クリエイティブ・コモンズ 表示（CC BY）,https://www.opendata.metro.tokyo.lg.jp/shibuya/131130_shibuyaku_kodomosyokudo.csv
131130,,東京都,渋谷区,みんなのみらいをつくる保育園初台子ども食堂,ミンナノミライヲツクルホイクエンハツダイコドモショクドウ,近隣の未就学児の親子を対象に、お弁当配布を実施。,,東京都渋谷区代-木4-37-15,,35.650669,139.704269,,,,,,月1回　17時30分～18時30分,17:30,18:30,,,,,,,,,,,,,,未就学児,,,,,,渋谷区,子ども食堂一覧,クリエイティブ・コモンズ 表示（CC BY）,https://www.opendata.metro.tokyo.lg.jp/shibuya/131130_shibuyaku_kodomosyokudo.csv
131130,,東京都,渋谷区,みんなのカフェ“大空”,ミンナノカフェオオゾラ,地域住民が主となり、多世代が集える子ども食堂を実施。,,東京都渋谷区幡ヶ谷2-50-2,,35.679886,139.677032,,,,,,第2水曜・第4水曜　15時～,15:00,,,,,,,,,,,,,,,笹塚小;中幡小,,,,,,渋谷区,子ども食堂一覧,クリエイティブ・コモンズ 表示（CC BY）,https://www.opendata.metro.tokyo.lg.jp/shibuya/131130_shibuyaku_kodomosyokudo.csv
131130,,東京都,渋谷区,いるかのテーブル,イルカノテーブル,子ども企画、大人企画、親子企画、ケアリーバー企画等様々なニーズに応えていく。,,東京都渋谷区幡ヶ谷3-66-4,,35.682137,139.672394,,,,,,月1回土曜日　16時～19時,16:00,19:00,,,,,,,,,,,,,,笹塚小;中幡小,,,,,,渋谷区,子ども食堂一覧,クリエイティブ・コモンズ 表示（CC BY）,https://www.opendata.metro.tokyo.lg.jp/shibuya/131130_shibuyaku_kodomosyokudo.csv
131130,,東京都,渋谷区,wakuwakuこどもひろば,ワクワクコドモヒロバ,子育て世代の両親が忙しい土日祝日に子ども食堂を行う。,,東京都渋谷区幡ヶ谷3-70,,35.681126,139.671906,,,,,,月1～2回　10時～,10:00,,,,,,,,,,,,,,,笹塚小;中幡小,,,,,,渋谷区,子ども食堂一覧,クリエイティブ・コモンズ 表示（CC BY）,https://www.opendata.metro.tokyo.lg.jp/shibuya/131130_shibuyaku_kodomosyokudo.csv
131130,,東京都,渋谷区,東京西ローターアクトクラブ,トウキョウニシローターアクトクラブ,東京西ローターアクトクラブ会員による社会貢献活動。国際色豊かな食事作り。,,東京都渋谷区幡ヶ谷2-50-2,,35.679886,139.677032,,,,,,不定期開催　13時～,13:00,,,,,,,,,,,,,,,笹塚小;中幡小;本町学園小,,,,,,渋谷区,子ども食堂一覧,クリエイティブ・コモンズ 表示（CC BY）,https://www.opendata.metro.tokyo.lg.jp/shibuya/131130_shibuyaku_kodomosyokudo.csv
131130,,東京都,渋谷区,ささはたっこ,ササハタッコ,施設内に体育室があり、食後に集団遊びを実施。,,東京都渋谷区笹塚1-50-16,,35.674511,139.669952,,,,,,第2金曜日　17時～19時,17:00,19:00,,,,,,,,,,,,,,笹塚小;中幡小;西原小,,,,,,渋谷区,子ども食堂一覧,クリエイティブ・コモンズ 表示（CC BY）,https://www.opendata.metro.tokyo.lg.jp/shibuya/131130_shibuyaku_kodomosyokudo.csv
131130,,東京都,渋谷区,やずぴょんち,ヤズピョンチ,鳥取県八頭町の食材を使った食事や大学生考案のワークショップを実施。,,東京都渋谷区幡ヶ谷2-50-2,,35.679886,139.677032,,,,,,第3日曜日　12時～15時30分,12:00,15:30,,,,,,,,,,,,,,笹塚小;中幡小,,,,,,渋谷区,子ども食堂一覧,クリエイティブ・コモンズ 表示（CC BY）,https://www.opendata.metro.tokyo.lg.jp/shibuya/131130_shibuyaku_kodomosyokudo.csv
131130,,東京都,渋谷区,ささはたカフェガーデン,ササハタカフェガーデン,笹幡包括支援センターのテラスで、子どもから高齢者等を交えて多世代交流をはかる。,,東京都渋谷区幡ヶ谷2-42-15,,35.677612,139.674179,,,,,,第4土曜日　12時～15時,12:00,15:00,,,,,,,,,,,,,,笹塚小;中幡小,,,,,,渋谷区,子ども食堂一覧,クリエイティブ・コモンズ 表示（CC BY）,https://www.opendata.metro.tokyo.lg.jp/shibuya/131130_shibuyaku_kodomosyokudo.csv
131130,,東京都,渋谷区,FUNNY CURRY,ファニーカリー,株式会社の子ども食堂。多世代交流を目的とし、ミニイベントやワークショップを行う。,,東京都渋谷区幡ヶ谷3-42-8,,35.680386,139.672195,,,,,,月1回金曜日　16時～19時,16:00,19:00,,,,,,,,,,,,,,中幡小,,,,,,渋谷区,子ども食堂一覧,クリエイティブ・コモンズ 表示（CC BY）,https://www.opendata.metro.tokyo.lg.jp/shibuya/131130_shibuyaku_kodomosyokudo.csv
131130,,東京都,渋谷区,こども食堂ささはたさんち,コドモショクドウササハタサンチ,笹塚地区民生児童委員による温かい食事とコミュニティの場を提供する活動。,,東京都渋谷区笹塚1-20-4,,35.672672,139.668732,,,,,,月1回土曜日　17時～,17:00,,,,,,,,,,,,,,,笹塚小;中幡小,,,,,,渋谷区,子ども食堂一覧,クリエイティブ・コモンズ 表示（CC BY）,https://www.opendata.metro.tokyo.lg.jp/shibuya/131130_shibuyaku_kodomosyokudo.csv
131130,,東京都,渋谷区,「どなたでも食堂～お夕ご飯の日～」,ドナタデモショクドウオユウゴハンノヒ,就労継続支援B型事業所の職員や来所者も一緒になり、近隣の子どもたちや大人に食事提供や交流を図る。,,東京都渋谷区千駄ヶ谷5-12-9,,35.683361,139.705185,,,,,,第3金曜日　17時～,17:00,,,,,,,,,,,,,,,鳩森小;千駄谷小,,,,,,渋谷区,子ども食堂一覧,クリエイティブ・コモンズ 表示（CC BY）,https://www.opendata.metro.tokyo.lg.jp/shibuya/131130_shibuyaku_kodomosyokudo.csv
131130,,東京都,渋谷区,みんなの世界テーブル,ミンナノセカイテーブル,毎回、一つの世界をテーマに料理や文化を学ぶ。,,東京都渋谷区代々木2-35-1,,35.684605,139.6978,,,,,,月1回　11時30分～14時30分,11:30,14:30,,,,,,,,,,,,,,代々木山谷小;千駄谷小,,,,,,渋谷区,子ども食堂一覧,クリエイティブ・コモンズ 表示（CC BY）,https://www.opendata.metro.tokyo.lg.jp/shibuya/131130_shibuyaku_kodomosyokudo.csv
131130,,東京都,渋谷区,pure meat shop｜counter こども食堂,ピュアミートショップウカウンターコドモショクドウ,株式会社ベースファイブによる地域貢献活動。,,東京都渋谷区千駄ヶ谷2-10-6,,35.675827,139.709976,,,,,,第4土曜日　10時30分～,10:30,,,,,,,,,,,,,,,神宮前小,,,,,,渋谷区,子ども食堂一覧,クリエイティブ・コモンズ 表示（CC BY）,https://www.opendata.metro.tokyo.lg.jp/shibuya/131130_shibuyaku_kodomosyokudo.csv
131130,,東京都,渋谷区,Mama's Kitchen,ママズキッチン,動物性食品を使わず、アレルギーのある子どもでも参加可能。夏には毎年小学生を対象とした夏祭りを実施。,,東京都渋谷区神宮前4-22-11,,35.668758,139.708481,,,,,,月1回不定期　17時～19時,17:00,19:00,,,,,,,,,,,,,,神宮前小,,,,,,渋谷区,子ども食堂一覧,クリエイティブ・コモンズ 表示（CC BY）,https://www.opendata.metro.tokyo.lg.jp/shibuya/131130_shibuyaku_kodomosyokudo.csv
131130,,東京都,渋谷区,お花屋さんのこどもごはん,オハナヤサンノコドモゴハン,就労継続支援A型事業所。障がいのある職員も関わり、食事提供や、花の知識を活かした活動を実施。,,東京都渋谷区千駄ヶ谷3-54-15,,35.675045,139.705872,,,,,,第2金曜日　16時～,16:00,,,,,,,,,,,,,,,千駄谷小,,,,,,渋谷区,子ども食堂一覧,クリエイティブ・コモンズ 表示（CC BY）,https://www.opendata.metro.tokyo.lg.jp/shibuya/131130_shibuyaku_kodomosyokudo.csv
131130,,東京都,渋谷区,ななかい子ども食堂,ナナカイコドモショクドウ,食事の提供や人脈を活かし専門家による歌や読み聞かせなどの体験活動も実施。,,東京都渋谷区神宮前3-12-8,,35.669479,139.711182,,,,,,月1回土曜日　15時～16時,15:00,16:00,,,,,,,,,,,,,,神宮前小;千駄谷小,,,,,,渋谷区,子ども食堂一覧,クリエイティブ・コモンズ 表示（CC BY）,https://www.opendata.metro.tokyo.lg.jp/shibuya/131130_shibuyaku_kodomosyokudo.csv
131130,,東京都,渋谷区,フレンチシェフ信太竜馬のこども料理教室 ,フレンチシェフノブタリョウマノコドモリョウリキョウシツ,フレンチレストラン「ボネラン」シェフによる、食育活動。,,東京都渋谷区神宮前5-10-1GYRE 4F,,35.667614,139.706924,,,,,,月2回　9時～11時30分,9:00,11:30,,,,,,,,,,,,,,神宮前小,,,,,,渋谷区,子ども食堂一覧,クリエイティブ・コモンズ 表示（CC BY）,https://www.opendata.metro.tokyo.lg.jp/shibuya/131130_shibuyaku_kodomosyokudo.csv
131130,,東京都,渋谷区,ひといく子ども夢テーブル,ヒトイクコドモユメテーブル,栄養士による食事の提供や、大学生たちによる学習支援を実施。,,東京都渋谷区神宮前6-10-14,,35.667683,139.705185,,,,,,第2土曜日　13時～,13:00,,,,,,,,,,,,,,,神宮前小,,,,,,渋谷区,子ども食堂一覧,クリエイティブ・コモンズ 表示（CC BY）,https://www.opendata.metro.tokyo.lg.jp/shibuya/131130_shibuyaku_kodomosyokudo.csv
131130,,東京都,渋谷区,Yin Urasando子ども食堂,インウラサンドウコドモショクドウ,店舗内で、無添加の食材を使った食事を提供。,,東京都渋谷区神宮前4-15-2,,35.66848,139.711014,,,,,,月1回　17時～,17:00,,,,,,,,,,,,,,,神宮前小,,,,,,渋谷区,子ども食堂一覧,クリエイティブ・コモンズ 表示（CC BY）,https://www.opendata.metro.tokyo.lg.jp/shibuya/131130_shibuyaku_kodomosyokudo.csv
131113,AA0100000001,,,こども食堂ﾋﾛ,コドモショクドウヒロ,,,東京都大田区南千束2-18-13 ﾊｰﾌﾞﾃｨ―HIRO																																								,,35.60471,139.687927,,,,,,,,,,,,,,,,,,,,,,,,,,,,大田区,子ども食堂一覧,クリエイティブ・コモンズ 表示（CC BY）,https://www.opendata.metro.tokyo.lg.jp/ota/131113_otaku_kodomosyokudo.csv
131113,AA0100000002,,,大岡山こども食堂,オオオカヤマコドモショクドウ,,,			東京都大田区北千束3-20-8 ｽﾀｰﾊﾞﾚｰ2 1F Salon&Cafe ToiToiToi																																								,,35.604836,139.68605,,,,,,,,,,,,,,,,,,,,,,,,,,,住所中の「2」は、正しくはローマ数字「Ⅱ」,大田区,子ども食堂一覧,クリエイティブ・コモンズ 表示（CC BY）,https://www.opendata.metro.tokyo.lg.jp/ota/131113_otaku_kodomosyokudo.csv
131113,AA0100000003,,,ﾏﾑｱｲﾅ,マムアイナ,,,			東京都大田区田園調布本町1-35-9 QOL CafeMamAina																																								,,35.584343,139.679352,,,,,,,,,,,,,,,,,,,,,,,,,,,,大田区,子ども食堂一覧,クリエイティブ・コモンズ 表示（CC BY）,https://www.opendata.metro.tokyo.lg.jp/ota/131113_otaku_kodomosyokudo.csv
131113,AA0100000004,,,嶺町こども食堂みんなでごはん,ミネマチコドモショクドウミンナデゴハン,,,			東京都大田区田園調布本町7-1 嶺町文化ｾﾝﾀｰ2F																																								,,35.588207,139.677551,,,,,,,,,,,,,,,,,,,,,,,,,,,,大田区,子ども食堂一覧,クリエイティブ・コモンズ 表示（CC BY）,https://www.opendata.metro.tokyo.lg.jp/ota/131113_otaku_kodomosyokudo.csv
131113,AA0100000005,,,田園調布子ども食堂ともこｷｯﾁﾝ,デンエンチョウフコドモショクドウトモコキッチン,,,			東京都大田区田園調布4丁目																																								,,35.593803,139.661819,,,,,,,,,,,,,,,,,,,,,,,,,,,,大田区,子ども食堂一覧,クリエイティブ・コモンズ 表示（CC BY）,https://www.opendata.metro.tokyo.lg.jp/ota/131113_otaku_kodomosyokudo.csv
131113,AA0100000006,,,ｶﾌｪｷｬﾋﾞﾝ,カフェキャビン,,,			東京都大田区南雪谷5-3-12 CAFE CABIN																																								,,35.589714,139.687805,,,,,,,,,,,,,,,,,,,,,,,,,,,,大田区,子ども食堂一覧,クリエイティブ・コモンズ 表示（CC BY）,https://www.opendata.metro.tokyo.lg.jp/ota/131113_otaku_kodomosyokudo.csv
131113,AA0100000007,,,たんぽぽ食堂,タンポポショクドウ,,,			東京都大田区南雪谷5-3-12 CAFE CABIN																																								,,35.589714,139.687805,,,,,,,,,,,,,,,,,,,,,,,,,,,,大田区,子ども食堂一覧,クリエイティブ・コモンズ 表示（CC BY）,https://www.opendata.metro.tokyo.lg.jp/ota/131113_otaku_kodomosyokudo.csv
131113,AA0100000008,,,子ども食堂ｳﾒｷｯﾁﾝ,コドモショクドウウメキッチン,,,東京都田園調布本町29-8 ごはん処梅吉																																								,,35.689503,139.691727,,,,,,,,,,,,,,,,,,,,,,,,,,,,大田区,子ども食堂一覧,クリエイティブ・コモンズ 表示（CC BY）,https://www.opendata.metro.tokyo.lg.jp/ota/131113_otaku_kodomosyokudo.csv
131113,AA0100000009,,,子ども食堂ﾌﾗﾝｼｽｺの広場,コドモショクドウフランシスコノヒロバ,,,			東京都大田区仲池上1-21-11																																								,,35.585693,139.698151,,,,,,,,,,,,,,,,,,,,,,,,,,,,大田区,子ども食堂一覧,クリエイティブ・コモンズ 表示（CC BY）,https://www.opendata.metro.tokyo.lg.jp/ota/131113_otaku_kodomosyokudo.csv
131113,AA0100000010,,,こあら村のこども食堂,コアラムラノコドモショクドウ,,,東京都大田区久が原6-26-4 NPO法人こあら村																																								,,35.573032,139.694656,,,,,,,,,,,,,,,,,,,,,,,,,,,,大田区,子ども食堂一覧,クリエイティブ・コモンズ 表示（CC BY）,https://www.opendata.metro.tokyo.lg.jp/ota/131113_otaku_kodomosyokudo.csv
131113,AA0100000011,,,馬込子まもり食堂,マゴメコマモリショクドウ,,,			東京都大田区北馬込2-5-5 宗福寺																																								,,35.59919,139.709946,,,,,,,,,,,,,,,,,,,,,,,,,,,,大田区,子ども食堂一覧,クリエイティブ・コモンズ 表示（CC BY）,https://www.opendata.metro.tokyo.lg.jp/ota/131113_otaku_kodomosyokudo.csv
131113,AA0100000012,,,れんげの会こども食堂Withおとな,レンゲノカイコドモショクドウウィズオトナ,,,東京都大田区西馬込2-20-1 ﾗｲﾌｺﾐｭﾆﾃｨ西馬込 他																																								,,35.58651,139.705475,,,,,,,,,,,,,,,,,,,,,,,,,,,,大田区,子ども食堂一覧,クリエイティブ・コモンズ 表示（CC BY）,https://www.opendata.metro.tokyo.lg.jp/ota/131113_otaku_kodomosyokudo.csv
131113,AA0100000013,,,絆倶楽部,キズナクラブ,,,東京都大田区西馬込2-20-1 ﾗｲﾌｺﾐｭﾆﾃｨ西馬込 他																																								,,35.58651,139.705475,,,,,,,,,,,,,,,,,,,,,,,,,,,,大田区,子ども食堂一覧,クリエイティブ・コモンズ 表示（CC BY）,https://www.opendata.metro.tokyo.lg.jp/ota/131113_otaku_kodomosyokudo.csv
131113,AA0100000014,,,絆カフェ,キズナカフェ,,,東京都大田区西馬込2-20-1 ﾗｲﾌｺﾐｭﾆﾃｨ西馬込 他																																								,,35.58651,139.705475,,,,,,,,,,,,,,,,,,,,,,,,,,,,大田区,子ども食堂一覧,クリエイティブ・コモンズ 表示（CC BY）,https://www.opendata.metro.tokyo.lg.jp/ota/131113_otaku_kodomosyokudo.csv
131113,AA0100000015,,,絆御飯,キズナゴハン,,,東京都大田区西馬込2-20-1 ﾗｲﾌｺﾐｭﾆﾃｨ西馬込 他																																								,,35.58651,139.705475,,,,,,,,,,,,,,,,,,,,,,,,,,,,大田区,子ども食堂一覧,クリエイティブ・コモンズ 表示（CC BY）,https://www.opendata.metro.tokyo.lg.jp/ota/131113_otaku_kodomosyokudo.csv
131113,AA0100000016,,,てくてく食堂,テクテクショクドウ,,,東京都大田区西馬込2-20-1 ﾗｲﾌｺﾐｭﾆﾃｨ西馬込 他																																								,,35.58651,139.705475,,,,,,,,,,,,,,,,,,,,,,,,,,,,大田区,子ども食堂一覧,クリエイティブ・コモンズ 表示（CC BY）,https://www.opendata.metro.tokyo.lg.jp/ota/131113_otaku_kodomosyokudo.csv
131113,AA0100000017,,,南馬込ｱｸﾞﾈｽこども食堂,ミナミマゴメアグネスコドモショクドウ,,,東京都大田区南馬込1-58-8 大森聖ｱｸﾞﾈｽ教会ﾎｰﾙ																																								,,35.589218,139.712738,,,,,,,,,,,,,,,,,,,,,,,,,,,,大田区,子ども食堂一覧,クリエイティブ・コモンズ 表示（CC BY）,https://www.opendata.metro.tokyo.lg.jp/ota/131113_otaku_kodomosyokudo.csv
131113,AA0100000018,,,Steak＆Hamburg SOH,ステーキアンドハンバーグソウ,,,東京都大田区山王2-36-9 Steak&Hamburg SOH																																								,,35.591785,139.722198,,,,,,,,,,,,,,,,,,,,,,,,,,,,大田区,子ども食堂一覧,クリエイティブ・コモンズ 表示（CC BY）,https://www.opendata.metro.tokyo.lg.jp/ota/131113_otaku_kodomosyokudo.csv
131113,AA0100000019,,,おばんざい　地獄に佛,オバンザイジゴクニホトケ,,,			東京都大田区山王2-2-15 地獄谷																																								,,35.589214,139.727737,,,,,,,,,,,,,,,,,,,,,,,,,,,,大田区,子ども食堂一覧,クリエイティブ・コモンズ 表示（CC BY）,https://www.opendata.metro.tokyo.lg.jp/ota/131113_otaku_kodomosyokudo.csv
131113,AA0100000020,,,おやこｶﾌｪｳﾞｪﾙﾃﾞ,オヤコカフェウ゛ェルデ,,,			東京都大田区中央1-15-1-101 おやこcafe verde																																								,,35.580662,139.71907,,,,,,,,,,,,,,,,,,,,,,,,,,,,大田区,子ども食堂一覧,クリエイティブ・コモンズ 表示（CC BY）,https://www.opendata.metro.tokyo.lg.jp/ota/131113_otaku_kodomosyokudo.csv
131113,AA0100000021,,,ほっとねっとｷｯﾁﾝ,ホットネットキッチン,,,東京都大田区中央2-10-1 大田文化の森																																								,,35.579456,139.71991,,,,,,,,,,,,,,,,,,,,,,,,,,,,大田区,子ども食堂一覧,クリエイティブ・コモンズ 表示（CC BY）,https://www.opendata.metro.tokyo.lg.jp/ota/131113_otaku_kodomosyokudo.csv
131113,AA0100000022,,,みんなでべジ食,ミンナデベジショク,,,			東京都大田区池上3-32-17 ﾂｲﾝｳｯﾄﾞｽｸｴｱ1階 せわのわ																																								,,35.573608,139.701462,,,,,,,,,,,,,,,,,,,,,,,,,,,,大田区,子ども食堂一覧,クリエイティブ・コモンズ 表示（CC BY）,https://www.opendata.metro.tokyo.lg.jp/ota/131113_otaku_kodomosyokudo.csv
131113,AA0100000023,,,子ども食堂ｵﾑﾗｲｽ食堂,コドモショクドウオムライスショクドウ,,,東京都大田区大森北1-29-6 洋食亭おおはし																																								,,35.585625,139.728745,,,,,,,,,,,,,,,,,,,,,,,,,,,,大田区,子ども食堂一覧,クリエイティブ・コモンズ 表示（CC BY）,https://www.opendata.metro.tokyo.lg.jp/ota/131113_otaku_kodomosyokudo.csv
131113,AA0100000024,,,こども＆ｼﾆｱ　もりもり食堂,コドモアンドシニアモリモリショクドウ,,,東京都大田区大森西2-2-1 ﾌﾟﾗﾑﾊｲﾂ大森西集会室																																								,,35.578014,139.728333,,,,,,,,,,,,,,,,,,,,,,,,,,,,大田区,子ども食堂一覧,クリエイティブ・コモンズ 表示（CC BY）,https://www.opendata.metro.tokyo.lg.jp/ota/131113_otaku_kodomosyokudo.csv
131113,AA0100000025,,,こども食堂おやこｷｯﾁﾝ,コドモショクドウオヤコキッチン,,,東京都大田区大森西2-2-1 ﾌﾟﾗﾑﾊｲﾂ大森西集会室																																								,,35.578014,139.728333,,,,,,,,,,,,,,,,,,,,,,,,,,,,大田区,子ども食堂一覧,クリエイティブ・コモンズ 表示（CC BY）,https://www.opendata.metro.tokyo.lg.jp/ota/131113_otaku_kodomosyokudo.csv
131113,AA0100000026,,,きょうもおいで,キョウモオイデ,,,東京都大田区大森西5-29-22 大森駅高架下渋谷ﾌﾞﾚﾝﾄﾞ株式会社内																																								,,35.570984,139.731476,,,,,,,,,,,,,,,,,,,,,,,,,,,,大田区,子ども食堂一覧,クリエイティブ・コモンズ 表示（CC BY）,https://www.opendata.metro.tokyo.lg.jp/ota/131113_otaku_kodomosyokudo.csv
131113,AA0100000027,,,はちみつ食堂,ハチミツショクドウ,,,東京都大田区東蒲田1-20-3-102 ひがしかまた本の部屋																																								,,35.563591,139.728088,,,,,,,,,,,,,,,,,,,,,,,,,,,,大田区,子ども食堂一覧,クリエイティブ・コモンズ 表示（CC BY）,https://www.opendata.metro.tokyo.lg.jp/ota/131113_otaku_kodomosyokudo.csv
131113,AA0100000028,,,感動こども食堂,カンドウコドモショクドウ,,,東京都大田区西蒲田7-5-12 蒲田中央ﾋﾞﾙ2階 ﾋﾞｽﾄﾛｱｼﾞﾙ蒲田店																																								,,35.563683,139.715088,,,,,,,,,,,,,,,,,,,,,,,,,,,,大田区,子ども食堂一覧,クリエイティブ・コモンズ 表示（CC BY）,https://www.opendata.metro.tokyo.lg.jp/ota/131113_otaku_kodomosyokudo.csv
131113,AA0100000029,,,だんだんﾜﾝｺｲﾝこども食堂,ダンダンワンコインコドモショクドウ,,,			東京都大田区東矢口1-17-9 気まぐれ八百屋だんだん																																								,,35.564472,139.707352,,,,,,,,,,,,,,,,,,,,,,,,,,,,大田区,子ども食堂一覧,クリエイティブ・コモンズ 表示（CC BY）,https://www.opendata.metro.tokyo.lg.jp/ota/131113_otaku_kodomosyokudo.csv
131113,AA0100000030,,,いちご食堂,イチゴショクドウ,,,東京都大田区下丸子3-8-15 渡部ﾋﾞﾙ201 NPO法人一期JAM																																								,,35.570511,139.685287,,,,,,,,,,,,,,,,,,,,,,,,,,,,大田区,子ども食堂一覧,クリエイティブ・コモンズ 表示（CC BY）,https://www.opendata.metro.tokyo.lg.jp/ota/131113_otaku_kodomosyokudo.csv
131113,AA0100000031,,,VICｽﾏｲﾙｷｯﾁﾝ,ビックスマイルキッチン,,,東京都大田区矢口2-1-18 東京ﾗｲﾄﾊｳｽﾁｬｰﾁ																																								,,35.563896,139.696152,,,,,,,,,,,,,,,,,,,,,,,,,,,,大田区,子ども食堂一覧,クリエイティブ・コモンズ 表示（CC BY）,https://www.opendata.metro.tokyo.lg.jp/ota/131113_otaku_kodomosyokudo.csv
131113,AA0100000032,,,万人こども食堂,バンニンコドモショクドウ,,,			東京都大田区新蒲田3-4-28																																								,,35.558414,139.705444,,,,,,,,,,,,,,,,,,,,,,,,,,,,大田区,子ども食堂一覧,クリエイティブ・コモンズ 表示（CC BY）,https://www.opendata.metro.tokyo.lg.jp/ota/131113_otaku_kodomosyokudo.csv
131113,AA0100000033,,,子ども食堂やんやん,コドモショクドウヤンヤン,,,東京都大田区新蒲田2-1-13 森井ﾋﾞﾙ103																																								,,35.558983,139.708786,,,,,,,,,,,,,,,,,,,,,,,,,,,,大田区,子ども食堂一覧,クリエイティブ・コモンズ 表示（CC BY）,https://www.opendata.metro.tokyo.lg.jp/ota/131113_otaku_kodomosyokudo.csv
131113,AA0100000034,,,ﾕﾆﾊﾞｰｻﾙこども食堂,ユニバーサルコドモショクドウ,,,東京都大田区南六郷1-34-4 7号棟																																								,,35.545918,139.725937,,,,,,,,,,,,,,,,,,,,,,,,,,,,大田区,子ども食堂一覧,クリエイティブ・コモンズ 表示（CC BY）,https://www.opendata.metro.tokyo.lg.jp/ota/131113_otaku_kodomosyokudo.csv
131113,AA0100000035,,,おおたﾗｰﾒﾝこども食堂（南六郷）,オオタラーメンコドモショクドウミナミロクゴウ,,,東京都大田区南六郷2-35-1-121 南六郷二丁目団地																																								,,35.544682,139.721436,,,,,,,,,,,,,,,,,,,,,,,,,,,,大田区,子ども食堂一覧,クリエイティブ・コモンズ 表示（CC BY）,https://www.opendata.metro.tokyo.lg.jp/ota/131113_otaku_kodomosyokudo.csv
131113,AA0100000036,,,おおたﾗｰﾒﾝこども食堂（本羽田）,オオタラーメンコドモショクドウホンハネダ,,,			東京都大田区本羽田1-12-9 本羽田一丁目町会会館																																								,,35.548786,139.724854,,,,,,,,,,,,,,,,,,,,,,,,,,,,大田区,子ども食堂一覧,クリエイティブ・コモンズ 表示（CC BY）,https://www.opendata.metro.tokyo.lg.jp/ota/131113_otaku_kodomosyokudo.csv
131113,AA0100000037,,,大森東しあわせ食堂,オオモリヒガシシアワセショクドウ,,,東京都大田区大森東4-6-15 城南保健生協前スペース																																								,,35.568409,139.738174,,,,,,,,,,,,,,,,,,,,,,,,,,,,大田区,子ども食堂一覧,クリエイティブ・コモンズ 表示（CC BY）,https://www.opendata.metro.tokyo.lg.jp/ota/131113_otaku_kodomosyokudo.csv
131113,AA0100000038,,,おうち食堂ﾈｯﾄﾜｰｸ,オウチショクドウネットワーク,,,東京都大田区羽田3町目																																								,,35.546379,139.745056,,,,,,,,,,,,,,,,,,,,,,,,,,,,大田区,子ども食堂一覧,クリエイティブ・コモンズ 表示（CC BY）,https://www.opendata.metro.tokyo.lg.jp/ota/131113_otaku_kodomosyokudo.csv
131113,AA0100000039,,,ひこうき食堂,ヒコウキショクドウ,,,			東京都大田区新蒲田1-18-16 ｶﾑｶﾑ新蒲田																																								,,35.557274,139.711304,,,,,,,,,,,,,,,,,,,,,,,,,,,,大田区,子ども食堂一覧,クリエイティブ・コモンズ 表示（CC BY）,https://www.opendata.metro.tokyo.lg.jp/ota/131113_otaku_kodomosyokudo.csv
131113,AA0100000040,,,ﾄｰｷｮｰｺｰﾋｰ大田区　かぞく食堂,トーキョーコーヒーオオタクカゾクショクドウ,,,東京都大田区大森東1-28-9 美原文化ｾﾝﾀｰ																																								,,35.577274,139.73822,,,,,,,,,,,,,,,,,,,,,,,,,,,,大田区,子ども食堂一覧,クリエイティブ・コモンズ 表示（CC BY）,https://www.opendata.metro.tokyo.lg.jp/ota/131113_otaku_kodomosyokudo.csv
131113,AA0100000041,,,SOMPO流子ども食堂（そんぽの家　大鳥居）,ソンポリュウコドモショクドウ（ソンポノイエ　オオトリイ）,,,東京都大田区西糀谷3-32-2 そんぽの家 大鳥居																																								,,35.553143,139.737106,,,,,,,,,,,,,,,,,,,,,,,,,,,,大田区,子ども食堂一覧,クリエイティブ・コモンズ 表示（CC BY）,https://www.opendata.metro.tokyo.lg.jp/ota/131113_otaku_kodomosyokudo.csv
131113,AA0100000042,,,SOMPO流子ども食堂（そんぽの家　東六郷）,ソンポリュウコドモショクドウ（ソンポノイエ　ヒガシロクゴウ）,,,東京都大田区東六郷1-19-1 そんぽの家 東六郷																																								,,35.5522,139.719681,,,,,,,,,,,,,,,,,,,,,,,,,,,,大田区,子ども食堂一覧,クリエイティブ・コモンズ 表示（CC BY）,https://www.opendata.metro.tokyo.lg.jp/ota/131113_otaku_kodomosyokudo.csv
131113,AA0100000043,,,SOMPO流子ども食堂（そんぽの家S　西糀谷）,ソンポリュウコドモショクドウ（ソンポノイエエス　ニシコウジヤ）,,,			東京都大田区西糀谷3-32-15 そんぽの家S 西糀谷																																								,,35.552994,139.738251,,,,,,,,,,,,,,,,,,,,,,,,,,,,大田区,子ども食堂一覧,クリエイティブ・コモンズ 表示（CC BY）,https://www.opendata.metro.tokyo.lg.jp/ota/131113_otaku_kodomosyokudo.csv
131113,AA0100000044,,,SOMPO流子ども食堂（そんぽの家S　羽田）,ソンポリュウコドモショクドウ（ソンポノイエエス　ハネダ）,,,東京都大田区羽田2-2-11 そんぽの家S 羽田																																								,,35.548328,139.741928,,,,,,,,,,,,,,,,,,,,,,,,,,,,大田区,子ども食堂一覧,クリエイティブ・コモンズ 表示（CC BY）,https://www.opendata.metro.tokyo.lg.jp/ota/131113_otaku_kodomosyokudo.csv
131113,AA0100000045,,,SOMPO流子ども食堂（ﾗｳﾞｨｰﾚ羽田）,ソンポリュウコドモショクドウ（ラウ゛ィーレハネダ）,,,東京都大田区東糀谷5-19-18 ﾗｳﾞｨｰﾚ羽田																																								,,35.558167,139.744949,,,,,,,,,,,,,,,,,,,,,,,,,,,,大田区,子ども食堂一覧,クリエイティブ・コモンズ 表示（CC BY）,https://www.opendata.metro.tokyo.lg.jp/ota/131113_otaku_kodomosyokudo.csv
131113,AA0100000046,,,SOMPO流子ども食堂（ﾗｳﾞｨｰﾚ多摩川）,ソンポリュウコドモショクドウ（ラウ゛ィーレタマガワ）,,,東京都大田区多摩川2-13-22 ラヴィーレ多摩川																																								,,35.558296,139.699097,,,,,,,,,,,,,,,,,,,,,,,,,,,,大田区,子ども食堂一覧,クリエイティブ・コモンズ 表示（CC BY）,https://www.opendata.metro.tokyo.lg.jp/ota/131113_otaku_kodomosyokudo.csv
131113,AA0100000047,,,南六未来食堂,ナンロクミライショクドウ,,,東京都大田区南六郷2-35-1-121 南六郷2丁目団地																																								,,35.544682,139.721436,,,,,,,,,,,,,,,,,,,,,,,,,,,,大田区,子ども食堂一覧,クリエイティブ・コモンズ 表示（CC BY）,https://www.opendata.metro.tokyo.lg.jp/ota/131113_otaku_kodomosyokudo.csv
131113,AA0100000048,,,みんなの食堂,ミンナノショクドウ,,,東京都大田区上池台1-13-4 関口ﾋﾞﾙ1階 もなりざ邸																																								,,35.602592,139.697357,,,,,,,,,,,,,,,,,,,,,,,,,,,,大田区,子ども食堂一覧,クリエイティブ・コモンズ 表示（CC BY）,https://www.opendata.metro.tokyo.lg.jp/ota/131113_otaku_kodomosyokudo.csv
131113,AA0100000049,,,羽田のこのこ食堂,ハネダノコノコショクドウ,,,東京都大田区萩中2-11-5-1F 羽田のこのこ																																								,,35.551392,139.73172,,,,,,,,,,,,,,,,,,,,,,,,,,,,大田区,子ども食堂一覧,クリエイティブ・コモンズ 表示（CC BY）,https://www.opendata.metro.tokyo.lg.jp/ota/131113_otaku_kodomosyokudo.csv
131113,AA0100000050,,,ﾄﾘﾔｷ大学こども食堂,トリヤキダイガクコドモショクドウ,,,東京都大田区蒲田5-19-15 蒲田東口中央ﾋﾞﾙ2階																																								,,35.562046,139.717972,,,,,,,,,,,,,,,,,,,,,,,,,,,,大田区,子ども食堂一覧,クリエイティブ・コモンズ 表示（CC BY）,https://www.opendata.metro.tokyo.lg.jp/ota/131113_otaku_kodomosyokudo.csv
131113,AA0100000051,,,子ども食堂ママちゃんち,コドモショクドウママチャンチ,,,東京都大田区中央3丁目																																								,,35.576363,139.718964,,,,,,,,,,,,,,,,,,,,,,,,,,,,大田区,子ども食堂一覧,クリエイティブ・コモンズ 表示（CC BY）,https://www.opendata.metro.tokyo.lg.jp/ota/131113_otaku_kodomosyokudo.csv
131113,AA0100000052,,,えんむすび,エンムスビ,,,東京都大田区南六郷1-34-4 5号棟																																								,,35.545918,139.725937,,,,,,,,,,,,,,,,,,,,,,,,,,,,大田区,子ども食堂一覧,クリエイティブ・コモンズ 表示（CC BY）,https://www.opendata.metro.tokyo.lg.jp/ota/131113_otaku_kodomosyokudo.csv
131113,AA0100000053,,,ﾌｰﾄﾞﾊﾞﾝｸ大田芋やぽんぽこ子ども食堂,フードバンクオオタイモヤポンポココドモショクドウ,,,東京都大田区中央4-32-8 焼き芋店芋やぽんぽこ																																								,,35.579342,139.718796,,,,,,,,,,,,,,,,,,,,,,,,,,,,大田区,子ども食堂一覧,クリエイティブ・コモンズ 表示（CC BY）,https://www.opendata.metro.tokyo.lg.jp/ota/131113_otaku_kodomosyokudo.csv
,AA0100000052,,,,,,,東京都大田区萩中2-6-13,,35.551449,139.731964,,,,,,,,,,,,,,,,,,,,,,,,,,,,大田区,子ども食堂一覧,クリエイティブ・コモンズ 表示（CC BY）,https://www.opendata.metro.tokyo.lg.jp/ota/131113_otaku_kodomosyokudo_tsuika.csv
,1,東京都,目黒区,こどもば食堂＠上目黒,コドモバショクドウアットカミメグロ,,,東京都目黒区祐天寺2-6-6,,35.637077,139.694061,,,,,,,,,,,,,,,,,,,,,,,,,,,,目黒区,子ども食堂一覧,クリエイティブ・コモンズ 表示（CC BY）,https://www.opendata.metro.tokyo.lg.jp/meguro/131105_meguroku_kodomosyokudo.csv
,2,東京都,目黒区,こどもば食堂＠中央町,コドモバショクドウアットチュウオウチョウ,,,東京都目黒区中央町2-4-18,,35.632286,139.691818,,,,,,,,,,,,,,,,,,,,,,,,,,,,目黒区,子ども食堂一覧,クリエイティブ・コモンズ 表示（CC BY）,https://www.opendata.metro.tokyo.lg.jp/meguro/131105_meguroku_kodomosyokudo.csv
,3,東京都,目黒区,かみめみんなの食堂,カミメミンナノショクドウ,,,東京都目黒区祐天寺2-6-6,,35.637077,139.694061,,,,,,,,,,,,,,,,,,,,,,,,,,,,目黒区,子ども食堂一覧,クリエイティブ・コモンズ 表示（CC BY）,https://www.opendata.metro.tokyo.lg.jp/meguro/131105_meguroku_kodomosyokudo.csv
,4,東京都,目黒区,おてらでごはん,オテラデゴハン,,,東京都目黒区中目黒5-24-53,,35.637329,139.696442,,,,,,,,,,,,,,,,,,,,,,,,,,,,目黒区,子ども食堂一覧,クリエイティブ・コモンズ 表示（CC BY）,https://www.opendata.metro.tokyo.lg.jp/meguro/131105_meguroku_kodomosyokudo.csv
,5,東京都,目黒区,ゆとり会議室,ユトリカイギシツ,,,東京都目黒区目黒区鷹番3-12-3,,35.636093,139.710938,,,,,,,,,,,,,,,,,,,,,,,,,,,,目黒区,子ども食堂一覧,クリエイティブ・コモンズ 表示（CC BY）,https://www.opendata.metro.tokyo.lg.jp/meguro/131105_meguroku_kodomosyokudo.csv
,6,東京都,目黒区,ちゃいるどべーす目黒本町,チャイルドベース メグロホンチョウ,,,東京都目黒区目黒本町2-1-20,,35.625484,139.695251,,,,,,,,,,,,,,,,,,,,,,,,,,,,目黒区,子ども食堂一覧,クリエイティブ・コモンズ 表示（CC BY）,https://www.opendata.metro.tokyo.lg.jp/meguro/131105_meguroku_kodomosyokudo.csv
,7,東京都,目黒区,すずめ食堂,スズメショクドウ,,,東京都目黒区碑文谷3-15-5,,35.617981,139.684296,,,,,,,,,,,,,,,,,,,,,,,,,,,,目黒区,子ども食堂一覧,クリエイティブ・コモンズ 表示（CC BY）,https://www.opendata.metro.tokyo.lg.jp/meguro/131105_meguroku_kodomosyokudo.csv
,8,東京都,目黒区,とりつだい処,トリツダイドコロ,,,東京都目黒区八雲1-10-5,,35.61858,139.672562,,,,,,,,,,,,,,,,,,,,,,,,,,,,目黒区,子ども食堂一覧,クリエイティブ・コモンズ 表示（CC BY）,https://www.opendata.metro.tokyo.lg.jp/meguro/131105_meguroku_kodomosyokudo.csv
,9,東京都,目黒区,ECO膳,エコゼン,,,東京都目黒区東が丘1-7-14,,35.627186,139.669861,,,,,,,,,,,,,,,,,,,,,,,,,,,,目黒区,子ども食堂一覧,クリエイティブ・コモンズ 表示（CC BY）,https://www.opendata.metro.tokyo.lg.jp/meguro/131105_meguroku_kodomosyokudo.csv
,10,東京都,目黒区,まると食堂,マルトショクドウ,,,東京都目黒区青葉台2-10-18,,35.649788,139.695877,,,,,,,,,,,,,,,,,,,,,,,,,,,,目黒区,子ども食堂一覧,クリエイティブ・コモンズ 表示（CC BY）,https://www.opendata.metro.tokyo.lg.jp/meguro/131105_meguroku_kodomosyokudo.csv
,11,東京都,目黒区,おやこカフェ,オヤコカフェ,,,東京都目黒区目黒本町4-3-14,,35.623287,139.698166,,,,,,,,,,,,,,,,,,,,,,,,,,,,目黒区,子ども食堂一覧,クリエイティブ・コモンズ 表示（CC BY）,https://www.opendata.metro.tokyo.lg.jp/meguro/131105_meguroku_kodomosyokudo.csv
131091,,東京都,品川区,クロモンこども食堂,クロモンコドモショクドウ,,,品川区北品川１丁目周辺,,35.622341,139.740021,,,,,,,,,,,,,,,,,,,,,,,,,,,,品川区,子ども食堂一覧,クリエイティブ・コモンズ 表示（CC BY）,https://www.opendata.metro.tokyo.lg.jp/shinagawa/131091_shinagawaku_kodomosyokudo.csv
131091,,東京都,品川区,となんこども食堂,トナンコドモショクドウ,,,品川区南品川６－６－７   ,,35.611607,139.740005,,,,,,,,,,,,,,,,,,,,,,,,,,,,品川区,子ども食堂一覧,クリエイティブ・コモンズ 表示（CC BY）,https://www.opendata.metro.tokyo.lg.jp/shinagawa/131091_shinagawaku_kodomosyokudo.csv
131091,,東京都,品川区,ぬくもりこども食堂,ヌクモリコドモショクドウ,,,品川区大井３－３－４　　在日大韓基督協会　品川教会1F,,35.603756,139.73143,,,,,,,,,,,,,,,,,,,,,,,,,,,,品川区,子ども食堂一覧,クリエイティブ・コモンズ 表示（CC BY）,https://www.opendata.metro.tokyo.lg.jp/shinagawa/131091_shinagawaku_kodomosyokudo.csv
131091,,東京都,品川区,子ども食堂ふたば,コドモショクドウフタバ,,,品川区二葉４－２１－４　二葉4丁目会館内,,35.602177,139.717117,,,,,,,,,,,,,,,,,,,,,,,,,,,,品川区,子ども食堂一覧,クリエイティブ・コモンズ 表示（CC BY）,https://www.opendata.metro.tokyo.lg.jp/shinagawa/131091_shinagawaku_kodomosyokudo.csv
131091,,東京都,品川区,宿題外来,シュクダイガイライ,,,品川区豊町４－１８－２１　ゆたか診療所内３F「ゆたかの家」,,35.605965,139.7202,,,,,,,,,,,,,,,,,,,,,,,,,,,,品川区,子ども食堂一覧,クリエイティブ・コモンズ 表示（CC BY）,https://www.opendata.metro.tokyo.lg.jp/shinagawa/131091_shinagawaku_kodomosyokudo.csv
131091,,東京都,品川区,子どもゆめ食堂だんらん,コドモユメショクドウダンラン,,,品川区西大井２－５－２１（ウェルカムセンター原）,,35.598743,139.721619,,,,,,,,,,,,,,,,,,,,,,,,,,,,品川区,子ども食堂一覧,クリエイティブ・コモンズ 表示（CC BY）,https://www.opendata.metro.tokyo.lg.jp/shinagawa/131091_shinagawaku_kodomosyokudo.csv
131091,,東京都,品川区,やしお食堂（旧けめとも子ども食堂）,ヤシオショクドウ,,,品川区八潮５－６－３７－１０９,,35.596588,139.749603,,,,,,,,,,,,,,,,,,,,,,,,,,,,品川区,子ども食堂一覧,クリエイティブ・コモンズ 表示（CC BY）,https://www.opendata.metro.tokyo.lg.jp/shinagawa/131091_shinagawaku_kodomosyokudo.csv
131091,,東京都,品川区,こども食堂ビストロウッフ,コドモショクドウビストロウッフ,,,品川区中延６－３－１４,,35.60265,139.712875,,,,,,,,,,,,,,,,,,,,,,,,,,,,品川区,子ども食堂一覧,クリエイティブ・コモンズ 表示（CC BY）,https://www.opendata.metro.tokyo.lg.jp/shinagawa/131091_shinagawaku_kodomosyokudo.csv
131091,,東京都,品川区,こども食堂あかゆ,コドモショクドウアカユ,,,品川区小山４－１－６　ファーストＯＫビル１０１,,35.619675,139.702774,,,,,,,,,,,,,,,,,,,,,,,,,,,,品川区,子ども食堂一覧,クリエイティブ・コモンズ 表示（CC BY）,https://www.opendata.metro.tokyo.lg.jp/shinagawa/131091_shinagawaku_kodomosyokudo.csv
131091,,東京都,品川区,福栄みらい塾,フクエイミライジュク,,,品川区東品川３－１－８　福栄会内,,35.616848,139.746918,,,,,,,,,,,,,,,,,,,,,,,,,,,,品川区,子ども食堂一覧,クリエイティブ・コモンズ 表示（CC BY）,https://www.opendata.metro.tokyo.lg.jp/shinagawa/131091_shinagawaku_kodomosyokudo.csv
131091,,東京都,品川区,オリーブの樹,オリーブノキ,,,品川区中延６－８－８,,35.601841,139.712036,,,,,,,,,,,,,,,,,,,,,,,,,,,,品川区,子ども食堂一覧,クリエイティブ・コモンズ 表示（CC BY）,https://www.opendata.metro.tokyo.lg.jp/shinagawa/131091_shinagawaku_kodomosyokudo.csv
131091,,東京都,品川区,こども食堂ｗａｉｗａｉ,コドノショクドウワイワイ,,,品川区中延４－４－１,,35.606308,139.711395,,,,,,,,,,,,,,,,,,,,,,,,,,,,品川区,子ども食堂一覧,クリエイティブ・コモンズ 表示（CC BY）,https://www.opendata.metro.tokyo.lg.jp/shinagawa/131091_shinagawaku_kodomosyokudo.csv
131091,,東京都,品川区,なるとキッチン子ども食堂,ナルトキッチンコドモショクドウ,,,品川区西五反田 2-26-4 桔梗ビル1F,,35.625019,139.720627,,,,,,,,,,,,,,,,,,,,,,,,,,,,品川区,子ども食堂一覧,クリエイティブ・コモンズ 表示（CC BY）,https://www.opendata.metro.tokyo.lg.jp/shinagawa/131091_shinagawaku_kodomosyokudo.csv
131091,,東京都,品川区,トントンみんなの子ども食堂,トントンミンナノコドモショクドウ,,,品川区二葉３－３－５　くつろぎcaféやまぼうし,,35.602638,139.719498,,,,,,,,,,,,,,,,,,,,,,,,,,,,品川区,子ども食堂一覧,クリエイティブ・コモンズ 表示（CC BY）,https://www.opendata.metro.tokyo.lg.jp/shinagawa/131091_shinagawaku_kodomosyokudo.csv
131091,,東京都,品川区,子ども食堂ぬまフェス！！,コドモショクドウヌマフェス,,,品川区中延４－１９－９,,35.604088,139.710175,,,,,,,,,,,,,,,,,,,,,,,,,,,,品川区,子ども食堂一覧,クリエイティブ・コモンズ 表示（CC BY）,https://www.opendata.metro.tokyo.lg.jp/shinagawa/131091_shinagawaku_kodomosyokudo.csv
131091,,東京都,品川区,スタジオMINAMI子ども食堂部,スタジオマナミコドモショクドウブ,,,品川区中延１－１０－１９,,35.612503,139.71019,,,,,,,,,,,,,,,,,,,,,,,,,,,,品川区,子ども食堂一覧,クリエイティブ・コモンズ 表示（CC BY）,https://www.opendata.metro.tokyo.lg.jp/shinagawa/131091_shinagawaku_kodomosyokudo.csv
131091,,東京都,品川区,"けめカフェ
（旧けめとも×うたちか食堂）",ケメカフェ,,,品川区西大井２－４－１４,,35.599388,139.722549,,,,,,,,,,,,,,,,,,,,,,,,,,,,品川区,子ども食堂一覧,クリエイティブ・コモンズ 表示（CC BY）,https://www.opendata.metro.tokyo.lg.jp/shinagawa/131091_shinagawaku_kodomosyokudo.csv
131091,,東京都,品川区,旗の台ひかりっ子食堂,ハタノダイヒカリッコショクドウ,,,品川区旗の台６－２２－２４　日本聖公会三光教会,,35.606434,139.701263,,,,,,,,,,,,,,,,,,,,,,,,,,,,品川区,子ども食堂一覧,クリエイティブ・コモンズ 表示（CC BY）,https://www.opendata.metro.tokyo.lg.jp/shinagawa/131091_shinagawaku_kodomosyokudo.csv
131091,,東京都,品川区,みつばちマーヤこども食堂,ミツバチマーヤコドモショクドウ,,,品川区荏原７－6－９　摩耶寺会館２階,,35.611954,139.70076,,,,,,,,,,,,,,,,,,,,,,,,,,,,品川区,子ども食堂一覧,クリエイティブ・コモンズ 表示（CC BY）,https://www.opendata.metro.tokyo.lg.jp/shinagawa/131091_shinagawaku_kodomosyokudo.csv
131091,,東京都,品川区,あーちゃんの子ども食堂,アーチャンノコドモショクドウ,,,品川区西品川２－５－１０　三ツ木会館,,35.613964,139.727371,,,,,,,,,,,,,,,,,,,,,,,,,,,,品川区,子ども食堂一覧,クリエイティブ・コモンズ 表示（CC BY）,https://www.opendata.metro.tokyo.lg.jp/shinagawa/131091_shinagawaku_kodomosyokudo.csv
131091,,東京都,品川区,歌の力子ども食堂,ウタノチカラコドモショクドウ,,,品川区大井１－２２－１８,,35.606953,139.732025,,,,,,,,,,,,,,,,,,,,,,,,,,,,品川区,子ども食堂一覧,クリエイティブ・コモンズ 表示（CC BY）,https://www.opendata.metro.tokyo.lg.jp/shinagawa/131091_shinagawaku_kodomosyokudo.csv
131091,,東京都,品川区,クラブ・ターニー,クラブターニー,,,品川区大崎1-2-2 アートヴィレッジ大崎セントラルタワー2階,,35.621803,139.728378,,,,,,,,,,,,,,,,,,,,,,,,,,,,品川区,子ども食堂一覧,クリエイティブ・コモンズ 表示（CC BY）,https://www.opendata.metro.tokyo.lg.jp/shinagawa/131091_shinagawaku_kodomosyokudo.csv
131091,,東京都,品川区,しなちる子ども食堂,シナチルコドモショクドウ,,,品川区南大井１－１－１８－1階,,35.598,139.738037,,,,,,,,,,,,,,,,,,,,,,,,,,,,品川区,子ども食堂一覧,クリエイティブ・コモンズ 表示（CC BY）,https://www.opendata.metro.tokyo.lg.jp/shinagawa/131091_shinagawaku_kodomosyokudo.csv
131091,,東京都,品川区,ゆたか子ども食堂,ユタカコドモショクドウ,,,品川区豊町４－１０－９　,,35.606667,139.72319,,,,,,,,,,,,,,,,,,,,,,,,,,,,品川区,子ども食堂一覧,クリエイティブ・コモンズ 表示（CC BY）,https://www.opendata.metro.tokyo.lg.jp/shinagawa/131091_shinagawaku_kodomosyokudo.csv
131091,,東京都,品川区,かもめこども食堂,カモメコドモショクドウ,,,品川区東品川１－２９－６,,35.620426,139.743317,,,,,,,,,,,,,,,,,,,,,,,,,,,,品川区,子ども食堂一覧,クリエイティブ・コモンズ 表示（CC BY）,https://www.opendata.metro.tokyo.lg.jp/shinagawa/131091_shinagawaku_kodomosyokudo.csv
131091,,東京都,品川区,むすびのいえ at SMK（旧レガーメ子ども食堂 at SMK）,レガーメコドモショクドウ,,,品川区戸越６-５-５ SMK株式会社内「Chai夢」,,35.608894,139.716797,,,,,,,,,,,,,,,,,,,,,,,,,,,,品川区,子ども食堂一覧,クリエイティブ・コモンズ 表示（CC BY）,https://www.opendata.metro.tokyo.lg.jp/shinagawa/131091_shinagawaku_kodomosyokudo.csv
131091,,東京都,品川区,西大井ひかり食堂,ニシオオイヒカリショクドウ,,,品川区西大井２－４－４,,35.600109,139.722626,,,,,,,,,,,,,,,,,,,,,,,,,,,,品川区,子ども食堂一覧,クリエイティブ・コモンズ 表示（CC BY）,https://www.opendata.metro.tokyo.lg.jp/shinagawa/131091_shinagawaku_kodomosyokudo.csv
131091,,東京都,品川区,まるごはんこども食堂,マルゴハンコドモショクドウ,,,品川区西五反田４－３１－２３,,35.627083,139.713638,,,,,,,,,,,,,,,,,,,,,,,,,,,,品川区,子ども食堂一覧,クリエイティブ・コモンズ 表示（CC BY）,https://www.opendata.metro.tokyo.lg.jp/shinagawa/131091_shinagawaku_kodomosyokudo.csv
131091,,東京都,品川区,かみしながわ食堂,カミシナガワショクドウ,,,品川区南品川４－１５－１１,,35.612686,139.739151,,,,,,,,,,,,,,,,,,,,,,,,,,,,品川区,子ども食堂一覧,クリエイティブ・コモンズ 表示（CC BY）,https://www.opendata.metro.tokyo.lg.jp/shinagawa/131091_shinagawaku_kodomosyokudo.csv
131091,,東京都,品川区,こども食堂はなおか,コドモショクドウハナオカ,,,品川区東品川３－３２－１０　東品川ゆうゆうプラザ１F,,35.613007,139.75029,,,,,,,,,,,,,,,,,,,,,,,,,,,,品川区,子ども食堂一覧,クリエイティブ・コモンズ 表示（CC BY）,https://www.opendata.metro.tokyo.lg.jp/shinagawa/131091_shinagawaku_kodomosyokudo.csv
131091,,東京都,品川区,しーしーきっちん子ども食堂,シーシーキッチンコドモショクドウ,,,品川区南品川２－９－２　「しこみ処」,,35.614563,139.742172,,,,,,,,,,,,,,,,,,,,,,,,,,,,品川区,子ども食堂一覧,クリエイティブ・コモンズ 表示（CC BY）,https://www.opendata.metro.tokyo.lg.jp/shinagawa/131091_shinagawaku_kodomosyokudo.csv
131091,,東京都,品川区,こどもダイニングほかげ,コドモダイニングホカゲ,,,品川区中延６－１－２１,,35.603088,139.710236,,,,,,,,,,,,,,,,,,,,,,,,,,,,品川区,子ども食堂一覧,クリエイティブ・コモンズ 表示（CC BY）,https://www.opendata.metro.tokyo.lg.jp/shinagawa/131091_shinagawaku_kodomosyokudo.csv
131091,,東京都,品川区,子ども食堂ひよこ,コドモショクドウヒヨコ,,,品川区八潮５－１０－２７　八潮地域センター　,,35.600082,139.750809,,,,,,,,,,,,,,,,,,,,,,,,,,,,品川区,子ども食堂一覧,クリエイティブ・コモンズ 表示（CC BY）,https://www.opendata.metro.tokyo.lg.jp/shinagawa/131091_shinagawaku_kodomosyokudo.csv
131092,,東京都,品川区,子ども食堂灯台,コドモショクドウトウダイ,,,品川区豊町１－３－２１,,35.614597,139.723068,,,,,,,,,,,,,,,,,,,,,,,,,,,,品川区,子ども食堂一覧,クリエイティブ・コモンズ 表示（CC BY）,https://www.opendata.metro.tokyo.lg.jp/shinagawa/131091_shinagawaku_kodomosyokudo.csv
131093,,東京都,品川区,むさしこやまピザ食堂,ムサシコヤマピザショクドウ,,,品川区小山３－１３－１２　１F,,35.620224,139.70549,,,,,,,,,,,,,,,,,,,,,,,,,,,,品川区,子ども食堂一覧,クリエイティブ・コモンズ 表示（CC BY）,https://www.opendata.metro.tokyo.lg.jp/shinagawa/131091_shinagawaku_kodomosyokudo.csv
,,,,,,,,,,,,,,,,,,,,,,,,,,,,,,,,,,,,,,,品川区,子ども食堂一覧,クリエイティブ・コモンズ 表示（CC BY）,https://www.opendata.metro.tokyo.lg.jp/shinagawa/131091_shinagawaku_kodomosyokudo.csv
131067,1,東京都,台東区,下町こども食堂みらい,シタマチコドモショクドウミライ,栄養バランスの取れた食事を提供することにより、子供が集い、交流する場の提供及び子供の交流の促進,学習支援;フードパントリー,東京都台東区松が谷４－１２－１,日本ホーリネス教団上野教会,35.71743,139.785919,https://taitokonet.sakura.ne.jp/,,ＮＰＯ法人台東区の子育てを支え合うネットワーク,5,水,毎月第三水曜日,16:00,20:00,,なし,0 ,0 ,0 ,0 ,0 ,,,,,1 ,1 ,,,,,,,台東区,子ども食堂一覧,クリエイティブ・コモンズ 表示（CC BY）,https://www.opendata.metro.tokyo.lg.jp/taito/131067_taitoku_kodomosyokudo.csv
131067,2,東京都,台東区,下町こども食堂さくら,シタマチコドモショクドウサクラ,栄養バランスの取れた食事を提供することにより、子供が集い、交流する場の提供及び子供の交流の促進,学習支援;フードパントリー,東京都台東区清川１－８－４,こども極楽堂,35.723751,139.801956,https://taitokonet.sakura.ne.jp/,,ＮＰＯ法人台東区の子育てを支え合うネットワーク,3,火木,毎月第二火曜日、第四木曜日,16:00,20:00,,なし,0 ,0 ,0 ,0 ,0 ,,,,,1 ,1 ,,,,,,,台東区,子ども食堂一覧,クリエイティブ・コモンズ 表示（CC BY）,https://www.opendata.metro.tokyo.lg.jp/taito/131067_taitoku_kodomosyokudo.csv
131067,3,東京都,台東区,ユニバーサルスペースさくら,ユニバーサルスペースサクラ,栄養バランスの取れた食事を提供することにより、子供が集い、交流する場の提供及び子供の交流の促進,学習支援,東京都台東区橋場１丁目,※以下未公開,35.724274,139.806992,,,社会福祉法人　愛隣団,2,月水金,毎週月、水、金曜日,16:00,19:00,,なし,0 ,0 ,0 ,0 ,0 ,,,,,,1 ,,,,,,,台東区,子ども食堂一覧,クリエイティブ・コモンズ 表示（CC BY）,https://www.opendata.metro.tokyo.lg.jp/taito/131067_taitoku_kodomosyokudo.csv
131067,4,東京都,台東区,よみせ通りいこいの家,ヨミセドオリイコイノイエ,栄養バランスの取れた食事を提供することにより、子供が集い、交流する場の提供及び子供の交流の促進,学習支援;フードパントリー,東京都台東区谷中３－２－９,よみせ通りいこいの家,35.725163,139.764191,https://tokyo-health.coop/ikoinoie/index.html,,東京保健生活協同組合,4,火木,毎月第三火曜日とその直後の木曜日,18:00,19:00,,児童の保護者は対象外,0 ,0 ,0 ,0 ,0 ,,,,,1 ,1 ,,,,,,,台東区,子ども食堂一覧,クリエイティブ・コモンズ 表示（CC BY）,https://www.opendata.metro.tokyo.lg.jp/taito/131067_taitoku_kodomosyokudo.csv
131067,5,東京都,台東区,Kids Café,キッズカフェ,栄養バランスの取れた食事を提供することにより、子供が集い、交流する場の提供及び子供の交流の促進,フードパントリー,東京都台東区浅草橋４－４－４,並河ビル１F,35.69791,139.780792,https://2hj.org/,,認定ＮＰＯ法人セカンドハーベスト・ジャパン,3,,非公開,,,,なし,0 ,0 ,0 ,0 ,0 ,,,,,1 ,1 ,,,,,,住所は非公開,台東区,子ども食堂一覧,クリエイティブ・コモンズ 表示（CC BY）,https://www.opendata.metro.tokyo.lg.jp/taito/131067_taitoku_kodomosyokudo.csv
131067,6,東京都,台東区,まなび部子供食堂,マナビブコドモショクドウ,栄養バランスの取れた食事を提供することにより、子供が集い、交流する場の提供及び子供の交流の促進,学習支援,東京都台東区谷中４－２－３３,本通寺,35.723694,139.767075,https://manabibu.tokyo/,,特定非営利活動法人　まなび部,5,金,毎月最終金曜日,17:30,18:30,,高校生は対象外,0 ,0 ,0 ,0 ,300 ,,,,,,1 ,,,,,,,台東区,子ども食堂一覧,クリエイティブ・コモンズ 表示（CC BY）,https://www.opendata.metro.tokyo.lg.jp/taito/131067_taitoku_kodomosyokudo.csv
131067,7,東京都,台東区,もぐもぐ子供食堂,モグモグコドモショクドウ,栄養バランスの取れた食事を提供することにより、子供が集い、交流する場の提供及び子供の交流の促進,該当なし,東京都台東区東上野３－３２－１５,上野成就院,35.710472,139.782608,http://jyojyuin.o.oo7.jp/index.html,,成就院,5,火,毎月第一火曜日,17:00,19:30,,なし,0 ,0 ,0 ,0 ,200 ,,,,,,1 ,,,,,,,台東区,子ども食堂一覧,クリエイティブ・コモンズ 表示（CC BY）,https://www.opendata.metro.tokyo.lg.jp/taito/131067_taitoku_kodomosyokudo.csv
131059,1,東京都,文京区,おもてなし食堂,オモテナシショクドウ,,,東京都文京区小石川3－4－14,,35.71254,139.745346,,,,5,木,,17:00,18:00,,,0,0,0,300,300,,電話,,60,,1,,,,,,,文京区,子ども食堂一覧,クリエイティブ・コモンズ 表示（CC BY）,https://www.opendata.metro.tokyo.lg.jp/bunkyo/131059_bunkyo_kodomosyokudo.csv
131059,2,東京都,文京区,氷川下子ども食堂,ヒカワシタコドモショクドウ,,,東京都文京区千石3－3－7,,35.72477,139.736145,,,,5,日,,11:00,13:00,,,0,0,0,0,0,,電話;SMS,,70,,1,,,,,,,文京区,子ども食堂一覧,クリエイティブ・コモンズ 表示（CC BY）,https://www.opendata.metro.tokyo.lg.jp/bunkyo/131059_bunkyo_kodomosyokudo.csv
131059,3,東京都,文京区,おたがいさま食堂せんごく,オタガイサマショクドウセンゴク,,,東京都文京区白山2-13-6,,35.716904,139.74588,,,,5,,,11:30,13:30,,,0,0,0,300,300,,電話,,10,,,,,,,,,文京区,子ども食堂一覧,クリエイティブ・コモンズ 表示（CC BY）,https://www.opendata.metro.tokyo.lg.jp/bunkyo/131059_bunkyo_kodomosyokudo.csv
131059,4,東京都,文京区,文京BASE子ども食堂,ブンキョウベースコドモショクドウ,,,東京都文京区小石川3-28-14,ワコーレ小石川101,35.713512,139.750107,,,,5,,,18:00,21:00,,,0,0,0,300,300,,LINE;SNS,,30,,,,,,,,,文京区,子ども食堂一覧,クリエイティブ・コモンズ 表示（CC BY）,https://www.opendata.metro.tokyo.lg.jp/bunkyo/131059_bunkyo_kodomosyokudo.csv
131059,5,東京都,文京区,おかえりごはん,オカエリゴハン,,,東京都文京区千駄木3-42-4,坂下会館,35.727726,139.763718,,,,4,金,,18:00,20:00,原則第2・4金曜日だが変動あり,,0,0,0,0,300,,,テイクアウトは申込みフォームから要予約。会食は不要,60,,,,,,,,,文京区,子ども食堂一覧,クリエイティブ・コモンズ 表示（CC BY）,https://www.opendata.metro.tokyo.lg.jp/bunkyo/131059_bunkyo_kodomosyokudo.csv
131059,6,東京都,文京区,定泉寺こども食堂,ジョウセンジコドモショクドウ,,,東京都文京区本駒込1-7-12,定泉寺,35.725727,139.753372,,,,5,,,18:00,20:00,不定期（友引の前日など）,,0,0,0,0,300,,,,200,,,,,,,,,文京区,子ども食堂一覧,クリエイティブ・コモンズ 表示（CC BY）,https://www.opendata.metro.tokyo.lg.jp/bunkyo/131059_bunkyo_kodomosyokudo.csv
131059,7,東京都,文京区,動坂ごはん,ドウザカゴハン,,,東京都文京区本駒込4-21-7,動坂テラス,35.732182,139.757767,,,,5,土,,16:30,18:00,土曜の不定期開催,,0,0,0,0,300,,申込みフォーム,事前予約制,100,,,,,,,,,文京区,子ども食堂一覧,クリエイティブ・コモンズ 表示（CC BY）,https://www.opendata.metro.tokyo.lg.jp/bunkyo/131059_bunkyo_kodomosyokudo.csv
131032,,東京都,港区,みんな食堂,,,,港区新橋2-12-8　GEMS新橋１F,,35.667259,139.754761,https://heart-ribbon.jp,,,毎週土曜日,,,,,,,,,,,,,,,,,,,,,,,,東京都福祉局,子供食堂推進事業(R4実績),クリエイティブ・コモンズ 表示（CC BY）,https://www.opendata.metro.tokyo.lg.jp/fukushi/R4jisseki.xlsx
131032,,東京都,港区,みなと子ども食堂,,,,港区東麻布1-8-14-202　（事務所）　　　　     ,,35.657078,139.74353,https://minatokodomoshokudo.org/,,,月２回,,,,,,,,,,,,,,,,,,,,,,,,東京都福祉局,子供食堂推進事業(R4実績),クリエイティブ・コモンズ 表示（CC BY）,https://www.opendata.metro.tokyo.lg.jp/fukushi/R4jisseki.xlsx
131032,,東京都,港区,こどもまんぷく食堂,,,,港区高輪1-5-19-705,,35.641998,139.736771,https://www.facebook.com/profile.php?id=100082597962584,,,毎週火曜日,,,,,,,,,,,,,,,,,,,,,,,,東京都福祉局,子供食堂推進事業(R4実績),クリエイティブ・コモンズ 表示（CC BY）,https://www.opendata.metro.tokyo.lg.jp/fukushi/R4jisseki.xlsx
131032,,東京都,港区,子どものみせしょくCave,,,,港区赤坂2-1-19　赤坂シャレーⅡB101,,35.672794,139.740402,https://instagram.com/cave_akasaka,,,毎月第３木曜日,,,,,,,,,,,,,,,,,,,,,,,,東京都福祉局,子供食堂推進事業(R4実績),クリエイティブ・コモンズ 表示（CC BY）,https://www.opendata.metro.tokyo.lg.jp/fukushi/R4jisseki.xlsx
131083,,東京都,江東区,グリーンタイガーこども食堂,,,,江東区亀戸4-21-18　　　     ,,35.702354,139.825958,https://greentiger.jp,,,月1回,,,,,,,,,,,,,,,,,,,,,,,,東京都福祉局,子供食堂推進事業(R4実績),クリエイティブ・コモンズ 表示（CC BY）,https://www.opendata.metro.tokyo.lg.jp/fukushi/R4jisseki.xlsx
,,東京都,,食育カフェEDEN,,,,"     
",,,,https://r.goope.jp/eden/,,,月一回～二回,,,,,,,,,,,,,,,,,,,,,,,,東京都福祉局,子供食堂推進事業(R4実績),クリエイティブ・コモンズ 表示（CC BY）,https://www.opendata.metro.tokyo.lg.jp/fukushi/R4jisseki.xlsx
131083,,東京都,江東区,無印良品東京有明のこども食堂,,,,江東区有明2‐1‐7　Café＆Meal　MUJI東京有明内　　    ,,35.63739,139.790695,,,,月１回,,,,,,,,,,,,,,,,,,,,,,,,東京都福祉局,子供食堂推進事業(R4実績),クリエイティブ・コモンズ 表示（CC BY）,https://www.opendata.metro.tokyo.lg.jp/fukushi/R4jisseki.xlsx
131091,,東京都,品川区,子どもゆめ夢食堂　だんらん,,,,品川区西大井２－５－２１　（ウェルカムセンター原）,,35.598743,139.721619,https://pc.tamemap.net/1310901/activities/13109010068　,,,第１・３火曜日,,,,,,,,,,,,,,,,,,,,,,,,東京都福祉局,子供食堂推進事業(R4実績),クリエイティブ・コモンズ 表示（CC BY）,https://www.opendata.metro.tokyo.lg.jp/fukushi/R4jisseki.xlsx
131091,,東京都,品川区,こども食堂ＷＡＩＷＡＩ,,,,品川区中延４－４－１,,35.606308,139.711395,https://www.facebook.com/kodomowaiwai/　,,,毎週水曜日,,,,,,,,,,,,,,,,,,,,,,,,東京都福祉局,子供食堂推進事業(R4実績),クリエイティブ・コモンズ 表示（CC BY）,https://www.opendata.metro.tokyo.lg.jp/fukushi/R4jisseki.xlsx
131091,,東京都,品川区,ComidasTKD子ども食堂,,,,品川区大崎３－１０－１６　1階,,35.619392,139.724411,https://www.facebook.com/tkd.comidas.7,,,平日毎日,,,,,,,,,,,,,,,,,,,,,,,,東京都福祉局,子供食堂推進事業(R4実績),クリエイティブ・コモンズ 表示（CC BY）,https://www.opendata.metro.tokyo.lg.jp/fukushi/R4jisseki.xlsx
131105,,東京都,目黒区,めぐろこどもば食堂＠上目黒,,,,目黒区祐天寺2-6-6　目黒区上目黒住区センター,,35.637077,139.694061,https://megurokodomoba.or.jp/,,,"原則
第四木曜日",,,,,,,,,,,,,,,,,,,,,,,,東京都福祉局,子供食堂推進事業(R4実績),クリエイティブ・コモンズ 表示（CC BY）,https://www.opendata.metro.tokyo.lg.jp/fukushi/R4jisseki.xlsx
131105,,東京都,目黒区,めぐろこどもば食堂＠中央町,,,,目黒区中央町2-4-18　中央町社会教育館（中央町さくらプラザ内）,,35.632286,139.691818,https://megurokodomoba.or.jp/,,,"原則
第二金曜日",,,,,,,,,,,,,,,,,,,,,,,,東京都福祉局,子供食堂推進事業(R4実績),クリエイティブ・コモンズ 表示（CC BY）,https://www.opendata.metro.tokyo.lg.jp/fukushi/R4jisseki.xlsx
131113,,東京都,大田区,馬込子まもり食堂,,,,大田区北馬込2－5－5　宗福寺,,35.59919,139.709946,https://www.soufukuji.jp/social/index.html,,,月１回,,,,,,,,,,,,,,,,,,,,,,,,東京都福祉局,子供食堂推進事業(R4実績),クリエイティブ・コモンズ 表示（CC BY）,https://www.opendata.metro.tokyo.lg.jp/fukushi/R4jisseki.xlsx
131113,,東京都,大田区,れんげの会子ども食堂withおとな(新規受け入れ休止中),,,,大田区西馬込2-20-1 ライフコミュニティ西馬込,,35.58651,139.705475,https://rengenokai.org/,,,月１回,,,,,,,,,,,,,,,,,,,,,,,,東京都福祉局,子供食堂推進事業(R4実績),クリエイティブ・コモンズ 表示（CC BY）,https://www.opendata.metro.tokyo.lg.jp/fukushi/R4jisseki.xlsx
131113,,東京都,大田区,絆カフェ (新規受け入れ休止中),,,,大田区西馬込2-20-1 ライフコミュニティ西馬込,,35.58651,139.705475,https://rengenokai.org/,,,月１回,,,,,,,,,,,,,,,,,,,,,,,,東京都福祉局,子供食堂推進事業(R4実績),クリエイティブ・コモンズ 表示（CC BY）,https://www.opendata.metro.tokyo.lg.jp/fukushi/R4jisseki.xlsx
131113,,東京都,大田区,絆御飯 (新規受け入れ休止中),,,,大田区西馬込2-20-1 ライフコミュニティ西馬込,,35.58651,139.705475,https://rengenokai.org/,,,月１回,,,,,,,,,,,,,,,,,,,,,,,,東京都福祉局,子供食堂推進事業(R4実績),クリエイティブ・コモンズ 表示（CC BY）,https://www.opendata.metro.tokyo.lg.jp/fukushi/R4jisseki.xlsx
131113,,東京都,大田区,絆倶楽部,,,,大田区西馬込2-20-1 ライフコミュニティ西馬込,,35.58651,139.705475,https://rengenokai.org/,,,月１回,,,,,,,,,,,,,,,,,,,,,,,,東京都福祉局,子供食堂推進事業(R4実績),クリエイティブ・コモンズ 表示（CC BY）,https://www.opendata.metro.tokyo.lg.jp/fukushi/R4jisseki.xlsx
131113,,東京都,大田区,絆蓮華組,,,,大田区西馬込2-20-1 ライフコミュニティ西馬込,,35.58651,139.705475,https://rengenokai.org/,,,月１回,,,,,,,,,,,,,,,,,,,,,,,,東京都福祉局,子供食堂推進事業(R4実績),クリエイティブ・コモンズ 表示（CC BY）,https://www.opendata.metro.tokyo.lg.jp/fukushi/R4jisseki.xlsx
131113,,東京都,大田区,ほっとねっとキッチン,,,,大田区中央2-10-1　大田文化の森,,35.579456,139.71991,https://www.facebook.com/otonakodomohotnet/,,,毎月第3土曜日,,,,,,,,,,,,,,,,,,,,,,,,東京都福祉局,子供食堂推進事業(R4実績),クリエイティブ・コモンズ 表示（CC BY）,https://www.opendata.metro.tokyo.lg.jp/fukushi/R4jisseki.xlsx
131113,,東京都,大田区,こあら村のこども食堂,,,,大田区久が原6-26-4,,35.573032,139.694656,https://m.facebook.com/koalamura/?locale2=ja_JP,,,毎月１回（最終の水曜日）,,,,,,,,,,,,,,,,,,,,,,,,東京都福祉局,子供食堂推進事業(R4実績),クリエイティブ・コモンズ 表示（CC BY）,https://www.opendata.metro.tokyo.lg.jp/fukushi/R4jisseki.xlsx
131113,,東京都,大田区,いちご食堂,,,,大田区下丸子3-8-15,,35.570511,139.685287,https://www.ichigojam.org/ichigojsokudou,,,不定期開催,,,,,,,,,,,,,,,,,,,,,,,,東京都福祉局,子供食堂推進事業(R4実績),クリエイティブ・コモンズ 表示（CC BY）,https://www.opendata.metro.tokyo.lg.jp/fukushi/R4jisseki.xlsx
131113,,東京都,大田区,高齢者元気プロジェクトおおもり（こども＆シニアもりもり食堂）,,,,大田区大森西2-2-1,,35.578014,139.728333,"大田区社会福祉協議会　ホームページ
https://www.ota-shakyo.jp/kodomo-shokudo",,,毎月第二日曜日,,,,,,,,,,,,,,,,,,,,,,,,東京都福祉局,子供食堂推進事業(R4実績),クリエイティブ・コモンズ 表示（CC BY）,https://www.opendata.metro.tokyo.lg.jp/fukushi/R4jisseki.xlsx
131113,,東京都,大田区,南馬込アグネスこども食堂,,,,大田区南馬込1-58-8　大森聖アグネス教会ホール,,35.589218,139.712738,"X
https://twitter.com/agneskodomo
HP
https://www.nskk.org/tokyo/church/oomori/kids.html",,,第2土曜日,,,,,,,,,,,,,,,,,,,,,,,,東京都福祉局,子供食堂推進事業(R4実績),クリエイティブ・コモンズ 表示（CC BY）,https://www.opendata.metro.tokyo.lg.jp/fukushi/R4jisseki.xlsx
131113,,東京都,大田区,子ども食堂ヒロ,,,,大田区南千束2-18-13,,35.60471,139.687927,"HP
https://ohokayama-hiro.jimdofree.com/",,,毎日,,,,,,,,,,,,,,,,,,,,,,,,東京都福祉局,子供食堂推進事業(R4実績),クリエイティブ・コモンズ 表示（CC BY）,https://www.opendata.metro.tokyo.lg.jp/fukushi/R4jisseki.xlsx
131113,,東京都,大田区,大森東しあわせ食堂,,,,大田区大森東4-6-15　城南保健生協前スペース,,35.568409,139.738174,"大田区社会福祉協議会　ホームページ
https://www.ota-shakyo.jp/kodomo-shokudo",,,毎月第4金曜日,,,,,,,,,,,,,,,,,,,,,,,,東京都福祉局,子供食堂推進事業(R4実績),クリエイティブ・コモンズ 表示（CC BY）,https://www.opendata.metro.tokyo.lg.jp/fukushi/R4jisseki.xlsx
131113,,東京都,大田区,おおたラーメンこども食堂本羽田,,,,大田区本羽田1-12-9　本羽田一丁目町会会館,,35.548786,139.724854,"HP
https://ramen-kodomosyokudo.com/
Instagram
https://www.instagram.com/ra_men.kodomosyokudou",,,不定期開催,,,,,,,,,,,,,,,,,,,,,,,,東京都福祉局,子供食堂推進事業(R4実績),クリエイティブ・コモンズ 表示（CC BY）,https://www.opendata.metro.tokyo.lg.jp/fukushi/R4jisseki.xlsx
131113,,東京都,大田区,おおたラーメンこども食堂南六郷,,,,大田区南六郷2-35-1　南六郷二丁目団地,,35.544682,139.721436,,,,不定期開催,,,,,,,,,,,,,,,,,,,,,,,,東京都福祉局,子供食堂推進事業(R4実績),クリエイティブ・コモンズ 表示（CC BY）,https://www.opendata.metro.tokyo.lg.jp/fukushi/R4jisseki.xlsx
131113,,東京都,大田区,おばんざい「地獄に佛」,,,,大田区山王町2-2-15　地獄谷,,35.592411,139.724976,"大田区社会福祉協議会　ホームページ
https://www.ota-shakyo.jp/kodomo-shokudo",,,"毎月2回
日曜日",,,,,,,,,,,,,,,,,,,,,,,,東京都福祉局,子供食堂推進事業(R4実績),クリエイティブ・コモンズ 表示（CC BY）,https://www.opendata.metro.tokyo.lg.jp/fukushi/R4jisseki.xlsx
131113,,東京都,大田区,はちみつ食堂ボランティアグループ（はちみつ食堂）,,,,大田区東蒲田1-20-3-102,,35.563591,139.728088,"X
https://twitter.com/beestylio　
Facebook
https://m.facebook.com/styliohachimitsu/",,,毎月第２日曜日,,,,,,,,,,,,,,,,,,,,,,,,東京都福祉局,子供食堂推進事業(R4実績),クリエイティブ・コモンズ 表示（CC BY）,https://www.opendata.metro.tokyo.lg.jp/fukushi/R4jisseki.xlsx
131113,,東京都,大田区,おやこカフェヴェルデ,,,,大田区中央１-15-1-101,,35.580662,139.71907,"Facebook
https://m.facebook.com/cafevevde/",,,不定期開催,,,,,,,,,,,,,,,,,,,,,,,,東京都福祉局,子供食堂推進事業(R4実績),クリエイティブ・コモンズ 表示（CC BY）,https://www.opendata.metro.tokyo.lg.jp/fukushi/R4jisseki.xlsx
131113,,東京都,大田区,万人こども食堂,,,,大田区新蒲田3-4-28,,35.558414,139.705444,"大田区社会福祉協議会　ホームページ
https://www.ota-shakyo.jp/kodomo-shokudo",,,毎週６回,,,,,,,,,,,,,,,,,,,,,,,,東京都福祉局,子供食堂推進事業(R4実績),クリエイティブ・コモンズ 表示（CC BY）,https://www.opendata.metro.tokyo.lg.jp/fukushi/R4jisseki.xlsx
131113,,東京都,大田区,感動こども食堂,,,,大田区西蒲田7-5-12 蒲田新中央ビル2階　ビストロアジル蒲田店,,35.563683,139.715088,"大田区社会福祉協議会　ホームページ
https://www.ota-shakyo.jp/kodomo-shokudo",,,毎日,,,,,,,,,,,,,,,,,,,,,,,,東京都福祉局,子供食堂推進事業(R4実績),クリエイティブ・コモンズ 表示（CC BY）,https://www.opendata.metro.tokyo.lg.jp/fukushi/R4jisseki.xlsx
131121,,東京都,世田谷区,キッズダイナーハミングバード,,,,,,,,,,,非公開,,,,,,,,,,,,,,,,,,,,,,,,東京都福祉局,子供食堂推進事業(R4実績),クリエイティブ・コモンズ 表示（CC BY）,https://www.opendata.metro.tokyo.lg.jp/fukushi/R4jisseki.xlsx
131121,,東京都,世田谷区,せたがや子どもバル・虹,,,,,,,,,,,非公開,,,,,,,,,,,,,,,,,,,,,,,,東京都福祉局,子供食堂推進事業(R4実績),クリエイティブ・コモンズ 表示（CC BY）,https://www.opendata.metro.tokyo.lg.jp/fukushi/R4jisseki.xlsx
131121,,東京都,世田谷区,ちゃいるどべーす三軒茶屋,,,,,,,,,,,非公開,,,,,,,,,,,,,,,,,,,,,,,,東京都福祉局,子供食堂推進事業(R4実績),クリエイティブ・コモンズ 表示（CC BY）,https://www.opendata.metro.tokyo.lg.jp/fukushi/R4jisseki.xlsx
131121,,東京都,世田谷区,こども食堂　ＨＵＧ　ＭｅＰｒｏｊｅｃｔ,,,,,,,,,,,非公開,,,,,,,,,,,,,,,,,,,,,,,,東京都福祉局,子供食堂推進事業(R4実績),クリエイティブ・コモンズ 表示（CC BY）,https://www.opendata.metro.tokyo.lg.jp/fukushi/R4jisseki.xlsx
131121,,東京都,世田谷区,さくら通り　子ども食堂　アドシュガー,,,,,,,,,,,非公開,,,,,,,,,,,,,,,,,,,,,,,,東京都福祉局,子供食堂推進事業(R4実績),クリエイティブ・コモンズ 表示（CC BY）,https://www.opendata.metro.tokyo.lg.jp/fukushi/R4jisseki.xlsx
131121,,東京都,世田谷区,おしゃべりブロッコリー,,,,,,,,,,,非公開,,,,,,,,,,,,,,,,,,,,,,,,東京都福祉局,子供食堂推進事業(R4実績),クリエイティブ・コモンズ 表示（CC BY）,https://www.opendata.metro.tokyo.lg.jp/fukushi/R4jisseki.xlsx
131121,,東京都,世田谷区,こども食堂　天,,,,,,,,,,,非公開,,,,,,,,,,,,,,,,,,,,,,,,東京都福祉局,子供食堂推進事業(R4実績),クリエイティブ・コモンズ 表示（CC BY）,https://www.opendata.metro.tokyo.lg.jp/fukushi/R4jisseki.xlsx
131121,,東京都,世田谷区,みんなでごはん,,,,,,,,,,,非公開,,,,,,,,,,,,,,,,,,,,,,,,東京都福祉局,子供食堂推進事業(R4実績),クリエイティブ・コモンズ 表示（CC BY）,https://www.opendata.metro.tokyo.lg.jp/fukushi/R4jisseki.xlsx
131121,,東京都,世田谷区,まーさん子ども食堂,,,,,,,,,,,非公開,,,,,,,,,,,,,,,,,,,,,,,,東京都福祉局,子供食堂推進事業(R4実績),クリエイティブ・コモンズ 表示（CC BY）,https://www.opendata.metro.tokyo.lg.jp/fukushi/R4jisseki.xlsx
131121,,東京都,世田谷区,竹の子食堂,,,,,,,,,,,非公開,,,,,,,,,,,,,,,,,,,,,,,,東京都福祉局,子供食堂推進事業(R4実績),クリエイティブ・コモンズ 表示（CC BY）,https://www.opendata.metro.tokyo.lg.jp/fukushi/R4jisseki.xlsx
131121,,東京都,世田谷区,世田谷こども食堂　上馬,,,,,,,,,,,非公開,,,,,,,,,,,,,,,,,,,,,,,,東京都福祉局,子供食堂推進事業(R4実績),クリエイティブ・コモンズ 表示（CC BY）,https://www.opendata.metro.tokyo.lg.jp/fukushi/R4jisseki.xlsx
131121,,東京都,世田谷区,だいち食堂,,,,,,,,,,,非公開,,,,,,,,,,,,,,,,,,,,,,,,東京都福祉局,子供食堂推進事業(R4実績),クリエイティブ・コモンズ 表示（CC BY）,https://www.opendata.metro.tokyo.lg.jp/fukushi/R4jisseki.xlsx
131121,,東京都,世田谷区,北五食堂,,,,,,,,,,,非公開,,,,,,,,,,,,,,,,,,,,,,,,東京都福祉局,子供食堂推進事業(R4実績),クリエイティブ・コモンズ 表示（CC BY）,https://www.opendata.metro.tokyo.lg.jp/fukushi/R4jisseki.xlsx
131121,,東京都,世田谷区,世田谷子ども　まつばらキッチン,,,,,,,,,,,非公開,,,,,,,,,,,,,,,,,,,,,,,,東京都福祉局,子供食堂推進事業(R4実績),クリエイティブ・コモンズ 表示（CC BY）,https://www.opendata.metro.tokyo.lg.jp/fukushi/R4jisseki.xlsx
131121,,東京都,世田谷区,こつな夜かふぇ,,,,,,,,,,,非公開,,,,,,,,,,,,,,,,,,,,,,,,東京都福祉局,子供食堂推進事業(R4実績),クリエイティブ・コモンズ 表示（CC BY）,https://www.opendata.metro.tokyo.lg.jp/fukushi/R4jisseki.xlsx
131121,,東京都,世田谷区,おやまちカレー食堂,,,,,,,,,,,非公開,,,,,,,,,,,,,,,,,,,,,,,,東京都福祉局,子供食堂推進事業(R4実績),クリエイティブ・コモンズ 表示（CC BY）,https://www.opendata.metro.tokyo.lg.jp/fukushi/R4jisseki.xlsx
131121,,東京都,世田谷区,Studio　Gorron,,,,,,,,,,,非公開,,,,,,,,,,,,,,,,,,,,,,,,東京都福祉局,子供食堂推進事業(R4実績),クリエイティブ・コモンズ 表示（CC BY）,https://www.opendata.metro.tokyo.lg.jp/fukushi/R4jisseki.xlsx
131121,,東京都,世田谷区,まぜっこ食堂,,,,,,,,,,,非公開,,,,,,,,,,,,,,,,,,,,,,,,東京都福祉局,子供食堂推進事業(R4実績),クリエイティブ・コモンズ 表示（CC BY）,https://www.opendata.metro.tokyo.lg.jp/fukushi/R4jisseki.xlsx
131121,,東京都,世田谷区,桜新町みんなの食堂,,,,,,,,,,,非公開,,,,,,,,,,,,,,,,,,,,,,,,東京都福祉局,子供食堂推進事業(R4実績),クリエイティブ・コモンズ 表示（CC BY）,https://www.opendata.metro.tokyo.lg.jp/fukushi/R4jisseki.xlsx
131121,,東京都,世田谷区,寺子屋子ども食堂,,,,,,,,,,,非公開,,,,,,,,,,,,,,,,,,,,,,,,東京都福祉局,子供食堂推進事業(R4実績),クリエイティブ・コモンズ 表示（CC BY）,https://www.opendata.metro.tokyo.lg.jp/fukushi/R4jisseki.xlsx
131121,,東京都,世田谷区,こまざわなごみ食堂,,,,,,,,,,,非公開,,,,,,,,,,,,,,,,,,,,,,,,東京都福祉局,子供食堂推進事業(R4実績),クリエイティブ・コモンズ 表示（CC BY）,https://www.opendata.metro.tokyo.lg.jp/fukushi/R4jisseki.xlsx
131121,,東京都,世田谷区,まんぼう子ども食堂,,,,,,,,,,,非公開,,,,,,,,,,,,,,,,,,,,,,,,東京都福祉局,子供食堂推進事業(R4実績),クリエイティブ・コモンズ 表示（CC BY）,https://www.opendata.metro.tokyo.lg.jp/fukushi/R4jisseki.xlsx
131121,,東京都,世田谷区,いっしょにごはん,,,,,,,,,,,非公開,,,,,,,,,,,,,,,,,,,,,,,,東京都福祉局,子供食堂推進事業(R4実績),クリエイティブ・コモンズ 表示（CC BY）,https://www.opendata.metro.tokyo.lg.jp/fukushi/R4jisseki.xlsx
131121,,東京都,世田谷区,Ｃafe　T-lab,,,,,,,,,,,非公開,,,,,,,,,,,,,,,,,,,,,,,,東京都福祉局,子供食堂推進事業(R4実績),クリエイティブ・コモンズ 表示（CC BY）,https://www.opendata.metro.tokyo.lg.jp/fukushi/R4jisseki.xlsx
131121,,東京都,世田谷区,たまがわ子ども食堂,,,,,,,,,,,非公開,,,,,,,,,,,,,,,,,,,,,,,,東京都福祉局,子供食堂推進事業(R4実績),クリエイティブ・コモンズ 表示（CC BY）,https://www.opendata.metro.tokyo.lg.jp/fukushi/R4jisseki.xlsx
131121,,東京都,世田谷区,子ども食堂　ごはん村,,,,,,,,,,,非公開,,,,,,,,,,,,,,,,,,,,,,,,東京都福祉局,子供食堂推進事業(R4実績),クリエイティブ・コモンズ 表示（CC BY）,https://www.opendata.metro.tokyo.lg.jp/fukushi/R4jisseki.xlsx
131121,,東京都,世田谷区,砧　子ども食堂　そら豆,,,,,,,,,,,非公開,,,,,,,,,,,,,,,,,,,,,,,,東京都福祉局,子供食堂推進事業(R4実績),クリエイティブ・コモンズ 表示（CC BY）,https://www.opendata.metro.tokyo.lg.jp/fukushi/R4jisseki.xlsx
131121,,東京都,世田谷区,どんぐり食堂八幡山,,,,,,,,,,,非公開,,,,,,,,,,,,,,,,,,,,,,,,東京都福祉局,子供食堂推進事業(R4実績),クリエイティブ・コモンズ 表示（CC BY）,https://www.opendata.metro.tokyo.lg.jp/fukushi/R4jisseki.xlsx
131121,,東京都,世田谷区,ぞんみょうじ子ども食堂,,,,,,,,,,,非公開,,,,,,,,,,,,,,,,,,,,,,,,東京都福祉局,子供食堂推進事業(R4実績),クリエイティブ・コモンズ 表示（CC BY）,https://www.opendata.metro.tokyo.lg.jp/fukushi/R4jisseki.xlsx
131121,,東京都,世田谷区,ころころ食堂★烏山,,,,,,,,,,,非公開,,,,,,,,,,,,,,,,,,,,,,,,東京都福祉局,子供食堂推進事業(R4実績),クリエイティブ・コモンズ 表示（CC BY）,https://www.opendata.metro.tokyo.lg.jp/fukushi/R4jisseki.xlsx
131121,,東京都,世田谷区,こども食堂　でこぼこ,,,,,,,,,,,非公開,,,,,,,,,,,,,,,,,,,,,,,,東京都福祉局,子供食堂推進事業(R4実績),クリエイティブ・コモンズ 表示（CC BY）,https://www.opendata.metro.tokyo.lg.jp/fukushi/R4jisseki.xlsx
131121,,東京都,世田谷区,ぬくぬくの家,,,,,,,,,,,非公開,,,,,,,,,,,,,,,,,,,,,,,,東京都福祉局,子供食堂推進事業(R4実績),クリエイティブ・コモンズ 表示（CC BY）,https://www.opendata.metro.tokyo.lg.jp/fukushi/R4jisseki.xlsx
131121,,東京都,世田谷区,子ども食堂　くれよん,,,,,,,,,,,非公開,,,,,,,,,,,,,,,,,,,,,,,,東京都福祉局,子供食堂推進事業(R4実績),クリエイティブ・コモンズ 表示（CC BY）,https://www.opendata.metro.tokyo.lg.jp/fukushi/R4jisseki.xlsx
131121,,東京都,世田谷区,子ども食堂　しもきたキッチン,,,,,,,,,,,非公開,,,,,,,,,,,,,,,,,,,,,,,,東京都福祉局,子供食堂推進事業(R4実績),クリエイティブ・コモンズ 表示（CC BY）,https://www.opendata.metro.tokyo.lg.jp/fukushi/R4jisseki.xlsx
131148,,東京都,中野区,あーちのめし処,,,,中野区中野5−54−8−2F ,,35.708973,139.666718,,,,原則第二・第四金曜日,,,,,,,,,,,,,,,,,,,,,,,,東京都福祉局,子供食堂推進事業(R4実績),クリエイティブ・コモンズ 表示（CC BY）,https://www.opendata.metro.tokyo.lg.jp/fukushi/R4jisseki.xlsx
131148,,東京都,中野区,上高田みんなの食堂,,,,中野区上高田4‐17‐3　上高田東高齢者会館　,,35.712845,139.677887,,,,原則第二・第四火曜日,,,,,,,,,,,,,,,,,,,,,,,,東京都福祉局,子供食堂推進事業(R4実績),クリエイティブ・コモンズ 表示（CC BY）,https://www.opendata.metro.tokyo.lg.jp/fukushi/R4jisseki.xlsx
131148,,東京都,中野区,上鷺テラス　あつまり亭,,,,中野区上鷺宮5－26－20　,,35.730667,139.630478,,,,原則第一・第三水曜日,,,,,,,,,,,,,,,,,,,,,,,,東京都福祉局,子供食堂推進事業(R4実績),クリエイティブ・コモンズ 表示（CC BY）,https://www.opendata.metro.tokyo.lg.jp/fukushi/R4jisseki.xlsx
131148,,東京都,中野区,みんなの食堂　南中野カレーの会,,,,中野区弥生町5-5-2　南中野区民活動センター,,35.685974,139.666504,,,,原則第一・第三火曜日,,,,,,,,,,,,,,,,,,,,,,,,東京都福祉局,子供食堂推進事業(R4実績),クリエイティブ・コモンズ 表示（CC BY）,https://www.opendata.metro.tokyo.lg.jp/fukushi/R4jisseki.xlsx
131148,,東京都,中野区,子ども食堂すたのって,,,,"
中野区弥生町2−52−5ー123　　　　　     
",,35.690819,139.669235,,,,原則第二・第四金曜日,,,,,,,,,,,,,,,,,,,,,,,,東京都福祉局,子供食堂推進事業(R4実績),クリエイティブ・コモンズ 表示（CC BY）,https://www.opendata.metro.tokyo.lg.jp/fukushi/R4jisseki.xlsx
131164,,東京都,豊島区,池袋こども食堂,,,,,,,,"豊島子どもWAKUWAKUネットワーク
https://toshimawakuwaku.com/",,,月2回,,,,,,,,,,,,,,,,,,,,,,,,東京都福祉局,子供食堂推進事業(R4実績),クリエイティブ・コモンズ 表示（CC BY）,https://www.opendata.metro.tokyo.lg.jp/fukushi/R4jisseki.xlsx
131164,,東京都,豊島区,椎名町こども食堂,,,,,,,,"豊島子どもWAKUWAKUネットワーク
https://toshimawakuwaku.com/",,,月1回,,,,,,,,,,,,,,,,,,,,,,,,東京都福祉局,子供食堂推進事業(R4実績),クリエイティブ・コモンズ 表示（CC BY）,https://www.opendata.metro.tokyo.lg.jp/fukushi/R4jisseki.xlsx
131164,,東京都,豊島区,ほんちょこ食堂,,,,,,,,"豊島子どもWAKUWAKUネットワーク
https://toshimawakuwaku.com/",,,"月2回
第2・4火曜日",,,,,,,,,,,,,,,,,,,,,,,,東京都福祉局,子供食堂推進事業(R4実績),クリエイティブ・コモンズ 表示（CC BY）,https://www.opendata.metro.tokyo.lg.jp/fukushi/R4jisseki.xlsx
131164,,東京都,豊島区,みちくさカフェ＠要町まめのき,,,,,,,,"豊島区公式HP
https://www.city.toshima.lg.jp/231/kodomosyokudo/2004031136.html",,,月1回,,,,,,,,,,,,,,,,,,,,,,,,東京都福祉局,子供食堂推進事業(R4実績),クリエイティブ・コモンズ 表示（CC BY）,https://www.opendata.metro.tokyo.lg.jp/fukushi/R4jisseki.xlsx
131164,,東京都,豊島区,いけいけ子ども食堂,,,,,,,,"豊島区公式HP
https://www.city.toshima.lg.jp/231/kodomosyokudo/2004031136.html",,,"月2回
第1・3水曜日",,,,,,,,,,,,,,,,,,,,,,,,東京都福祉局,子供食堂推進事業(R4実績),クリエイティブ・コモンズ 表示（CC BY）,https://www.opendata.metro.tokyo.lg.jp/fukushi/R4jisseki.xlsx
131164,,東京都,豊島区,IKEBUKURO TABLE,,,,,,,,"豊島区公式HP
https://www.city.toshima.lg.jp/231/kodomosyokudo/2004031136.html",,,月1回,,,,,,,,,,,,,,,,,,,,,,,,東京都福祉局,子供食堂推進事業(R4実績),クリエイティブ・コモンズ 表示（CC BY）,https://www.opendata.metro.tokyo.lg.jp/fukushi/R4jisseki.xlsx
131164,,東京都,豊島区,OOC子ども食堂弁当サポートプロジェクト,,,,,,,,"豊島区公式HP
https://www.city.toshima.lg.jp/231/kodomosyokudo/2004031136.html",,,"週5日
月～金曜日",,,,,,,,,,,,,,,,,,,,,,,,東京都福祉局,子供食堂推進事業(R4実績),クリエイティブ・コモンズ 表示（CC BY）,https://www.opendata.metro.tokyo.lg.jp/fukushi/R4jisseki.xlsx
131164,,東京都,豊島区,北大塚こども食堂・友（ゆう）,,,,,,,,"豊島区公式HP
https://www.city.toshima.lg.jp/231/kodomosyokudo/2004031136.html",,,月1回,,,,,,,,,,,,,,,,,,,,,,,,東京都福祉局,子供食堂推進事業(R4実績),クリエイティブ・コモンズ 表示（CC BY）,https://www.opendata.metro.tokyo.lg.jp/fukushi/R4jisseki.xlsx
131172,,東京都,北区,あすか子ども食堂,,,,北区西ヶ原2-13-9池原ビル1階　（サクラティーズ）,,35.747585,139.741287,,,,原則毎週土曜日・日曜日,,,,,,,,,,,,,,,,,,,,,,,,東京都福祉局,子供食堂推進事業(R4実績),クリエイティブ・コモンズ 表示（CC BY）,https://www.opendata.metro.tokyo.lg.jp/fukushi/R4jisseki.xlsx
131172,,東京都,北区,こども食堂あゆみ,,,,北区東十条6-5-19　3階　（社会福祉法人あゆみ）,,35.770294,139.725967,http://shoin-tokyo.com/ayumi/,,,原則第二・第四日曜日,,,,,,,,,,,,,,,,,,,,,,,,東京都福祉局,子供食堂推進事業(R4実績),クリエイティブ・コモンズ 表示（CC BY）,https://www.opendata.metro.tokyo.lg.jp/fukushi/R4jisseki.xlsx
131172,,東京都,北区,子ども食堂キタクマ,,,,北区豊島5-3-13　（北区文化芸術活動拠点ココキタ）,,35.765121,139.749863,https://kodomoshyokudo.wixsite.com/kitakuma,,,,,,,,,,,,,,,,,,,,,,,,,,,東京都福祉局,子供食堂推進事業(R4実績),クリエイティブ・コモンズ 表示（CC BY）,https://www.opendata.metro.tokyo.lg.jp/fukushi/R4jisseki.xlsx
131172,,東京都,北区,子ども食堂「としま虹」,,,,北区豊島3-5-6　（東京ほくと医療生協 豊島虹のセンター）,,35.760284,139.744644,,,,,,,,,,,,,,,,,,,,,,,,,,,,東京都福祉局,子供食堂推進事業(R4実績),クリエイティブ・コモンズ 表示（CC BY）,https://www.opendata.metro.tokyo.lg.jp/fukushi/R4jisseki.xlsx
131172,,東京都,北区,子ども食堂「ののはな」,,,,北区王子本町1-19-2　（日本キリスト教団 王子教会）,,35.753757,139.732925,https://ja-jp.facebook.com/nonohana.kodomoshokudo/,,,,,,,,,,,,,,,,,,,,,,,,,,,東京都福祉局,子供食堂推進事業(R4実績),クリエイティブ・コモンズ 表示（CC BY）,https://www.opendata.metro.tokyo.lg.jp/fukushi/R4jisseki.xlsx
131172,,東京都,北区,滝野川子ども食堂,,,,北区滝野川2-32-1　（馬場自治会館・馬場ふれあい館）,,35.749981,139.731827,https://www.t-kodomosyokudo.com/,,,,,,,,,,,,,,,,,,,,,,,,,,,東京都福祉局,子供食堂推進事業(R4実績),クリエイティブ・コモンズ 表示（CC BY）,https://www.opendata.metro.tokyo.lg.jp/fukushi/R4jisseki.xlsx
131172,,東京都,北区,西が丘こども食堂「じゃがいも」,,,,北区西が丘1丁目　     ,,35.770184,139.713165,,,,,,,,,,,,,,,,,,,,,,,,,,,,東京都福祉局,子供食堂推進事業(R4実績),クリエイティブ・コモンズ 表示（CC BY）,https://www.opendata.metro.tokyo.lg.jp/fukushi/R4jisseki.xlsx
131172,,東京都,北区,発元気食堂,,,,北区浮間2-9-24　(キッチン紡ぐ),,35.791393,139.700638,,,,,,,,,,,,,,,,,,,,,,,,,,,,東京都福祉局,子供食堂推進事業(R4実績),クリエイティブ・コモンズ 表示（CC BY）,https://www.opendata.metro.tokyo.lg.jp/fukushi/R4jisseki.xlsx
131172,,東京都,北区,話い話い子ども食堂,,,,北区滝野川6-65-9（深川太郎店）,,35.746788,139.722351,,,,,,,,,,,,,,,,,,,,,,,,,,,,東京都福祉局,子供食堂推進事業(R4実績),クリエイティブ・コモンズ 表示（CC BY）,https://www.opendata.metro.tokyo.lg.jp/fukushi/R4jisseki.xlsx
131172,,東京都,北区,子ども食堂　ピノッキオ,,,,北区滝野川3-80-16-105（都営アパート16号棟105）　　     ,,35.751568,139.729614,https://pinocchio.studio.site,,,,,,,,,,,,,,,,,,,,,,,,,,,東京都福祉局,子供食堂推進事業(R4実績),クリエイティブ・コモンズ 表示（CC BY）,https://www.opendata.metro.tokyo.lg.jp/fukushi/R4jisseki.xlsx
131172,,東京都,北区,てこらＣａｆｅ,,,,北区東十条6-4-17（常住寺）,,35.770294,139.725128,,,,,,,,,,,,,,,,,,,,,,,,,,,,東京都福祉局,子供食堂推進事業(R4実績),クリエイティブ・コモンズ 表示（CC BY）,https://www.opendata.metro.tokyo.lg.jp/fukushi/R4jisseki.xlsx
131172,,東京都,北区,NPO法人寺子屋子ども食堂・王子,,,,北区王子4-22-14ヴェージュハウス1階（越野建設ヴェージュハウス1階）,,35.762638,139.736359,https://terakoya-oji.or.jp,,,,,,,,,,,,,,,,,,,,,,,,,,,東京都福祉局,子供食堂推進事業(R4実績),クリエイティブ・コモンズ 表示（CC BY）,https://www.opendata.metro.tokyo.lg.jp/fukushi/R4jisseki.xlsx
131172,,東京都,北区,のらねこ子ども食堂かあさんの夕めし屋,,,,北区赤羽南1-18-7　白石ビル1階（のらねこハウス）,,35.776485,139.724167,,,,,,,,,,,,,,,,,,,,,,,,,,,,東京都福祉局,子供食堂推進事業(R4実績),クリエイティブ・コモンズ 表示（CC BY）,https://www.opendata.metro.tokyo.lg.jp/fukushi/R4jisseki.xlsx
131172,,東京都,北区,ルーン・まじょのこどもしょくどう,,,,北区神谷3-45-5　（ルーン・ウィッチズ・グロット）,,35.769615,139.733032,http://www.rune-witch.com,,,,,,,,,,,,,,,,,,,,,,,,,,,東京都福祉局,子供食堂推進事業(R4実績),クリエイティブ・コモンズ 表示（CC BY）,https://www.opendata.metro.tokyo.lg.jp/fukushi/R4jisseki.xlsx
131172,,東京都,北区,赤羽こども食堂もぐもぐ,,,,北区赤羽西3-20-10　（北区赤羽西自治会館）,,35.770378,139.718384,,,,,,,,,,,,,,,,,,,,,,,,,,,,東京都福祉局,子供食堂推進事業(R4実績),クリエイティブ・コモンズ 表示（CC BY）,https://www.opendata.metro.tokyo.lg.jp/fukushi/R4jisseki.xlsx
131181,,東京都,荒川区,子ども村：中高生ホッとステーション,,,,,,,,,,,,,,,,,,,,,,,,,,,,,,,,,,,東京都福祉局,子供食堂推進事業(R4実績),クリエイティブ・コモンズ 表示（CC BY）,https://www.opendata.metro.tokyo.lg.jp/fukushi/R4jisseki.xlsx
131181,,東京都,荒川区,てらこやミモザ,,,,,,,,,,,,,,,,,,,,,,,,,,,,,,,,,,,東京都福祉局,子供食堂推進事業(R4実績),クリエイティブ・コモンズ 表示（CC BY）,https://www.opendata.metro.tokyo.lg.jp/fukushi/R4jisseki.xlsx
131181,,東京都,荒川区,子どもの未来塾,,,,,,,,,,,,,,,,,,,,,,,,,,,,,,,,,,,東京都福祉局,子供食堂推進事業(R4実績),クリエイティブ・コモンズ 表示（CC BY）,https://www.opendata.metro.tokyo.lg.jp/fukushi/R4jisseki.xlsx
131181,,東京都,荒川区,子どもの居場所inまちや,,,,,,,,,,,,,,,,,,,,,,,,,,,,,,,,,,,東京都福祉局,子供食堂推進事業(R4実績),クリエイティブ・コモンズ 表示（CC BY）,https://www.opendata.metro.tokyo.lg.jp/fukushi/R4jisseki.xlsx
131181,,東京都,荒川区,ほっこりアイランドｉｎ南千住,,,,,,,,,,,,,,,,,,,,,,,,,,,,,,,,,,,東京都福祉局,子供食堂推進事業(R4実績),クリエイティブ・コモンズ 表示（CC BY）,https://www.opendata.metro.tokyo.lg.jp/fukushi/R4jisseki.xlsx
131181,,東京都,荒川区,バイタル・プロジェクト,,,,,,,,,,,,,,,,,,,,,,,,,,,,,,,,,,,東京都福祉局,子供食堂推進事業(R4実績),クリエイティブ・コモンズ 表示（CC BY）,https://www.opendata.metro.tokyo.lg.jp/fukushi/R4jisseki.xlsx
131181,,東京都,荒川区,こども食堂サザンクロス,,,,,,,,,,,,,,,,,,,,,,,,,,,,,,,,,,,東京都福祉局,子供食堂推進事業(R4実績),クリエイティブ・コモンズ 表示（CC BY）,https://www.opendata.metro.tokyo.lg.jp/fukushi/R4jisseki.xlsx
,,東京都,,みやまえの家,,,,,,,,,,,,,,,,,,,,,,,,,,,,,,,,,,,東京都福祉局,子供食堂推進事業(R4実績),クリエイティブ・コモンズ 表示（CC BY）,https://www.opendata.metro.tokyo.lg.jp/fukushi/R4jisseki.xlsx
,,東京都,,地域食堂しずか,,,,,,,,,,,,,,,,,,,,,,,,,,,,,,,,,,,東京都福祉局,子供食堂推進事業(R4実績),クリエイティブ・コモンズ 表示（CC BY）,https://www.opendata.metro.tokyo.lg.jp/fukushi/R4jisseki.xlsx
131181,,東京都,荒川区,フロイデ　～ふれあい食堂～,,,,荒川区荒川3-3-10,,35.733818,139.783875,http://www.kodomo-network.com/,,,第３水曜日,,,,,,,,,,,,,,,,,,,,,,,,東京都福祉局,子供食堂推進事業(R4実績),クリエイティブ・コモンズ 表示（CC BY）,https://www.opendata.metro.tokyo.lg.jp/fukushi/R4jisseki.xlsx
131199,,東京都,板橋区,大山子ども食堂・みんなの広場,,,,板橋区大山金井町48-2　医療共済ビル1Ｆ　     ,,35.745537,139.702133,,,,,,,,,,,,,,,,,,,,,,,,,,,,東京都福祉局,子供食堂推進事業(R4実績),クリエイティブ・コモンズ 表示（CC BY）,https://www.opendata.metro.tokyo.lg.jp/fukushi/R4jisseki.xlsx
131211,,東京都,足立区,こども食堂がるまる,,,,足立区鹿浜８－２７－１５　押皿谷住区センター３階集会室,,35.790096,139.765015,,,,第４または第５土曜日,,,,,,,,,,,,,,,,,,,,,,,,東京都福祉局,子供食堂推進事業(R4実績),クリエイティブ・コモンズ 表示（CC BY）,https://www.opendata.metro.tokyo.lg.jp/fukushi/R4jisseki.xlsx
131211,,東京都,足立区,子ども食堂じぃじハウス・ばぁばキッチン,,,,足立区梅田７－１２－１５　あけぼの学園ハイドリッヒ神父記念館４階,,35.769283,139.801117,,,,毎週水曜日,,,,,,,,,,,,,,,,,,,,,,,,東京都福祉局,子供食堂推進事業(R4実績),クリエイティブ・コモンズ 表示（CC BY）,https://www.opendata.metro.tokyo.lg.jp/fukushi/R4jisseki.xlsx
131211,,東京都,足立区,子ども食堂たんぽぽ,,,,足立区千住大川町３６－１３　太田ビル１階,,35.75626,139.796539,,,,第４土曜日,,,,,,,,,,,,,,,,,,,,,,,,東京都福祉局,子供食堂推進事業(R4実績),クリエイティブ・コモンズ 表示（CC BY）,https://www.opendata.metro.tokyo.lg.jp/fukushi/R4jisseki.xlsx
131211,,東京都,足立区,こども食堂ひよこ,,,,足立区足立３－１９－９　アーバンクラッシ―ハイツ２００,,35.762127,139.812134,,,,第１、第３火曜日,,,,,,,,,,,,,,,,,,,,,,,,東京都福祉局,子供食堂推進事業(R4実績),クリエイティブ・コモンズ 表示（CC BY）,https://www.opendata.metro.tokyo.lg.jp/fukushi/R4jisseki.xlsx
131211,,東京都,足立区,こども食堂☆にこちゃん,,,,足立区伊興本町１－１６－３９　シェアサロン,,35.798874,139.789261,,,,月２回,,,,,,,,,,,,,,,,,,,,,,,,東京都福祉局,子供食堂推進事業(R4実績),クリエイティブ・コモンズ 表示（CC BY）,https://www.opendata.metro.tokyo.lg.jp/fukushi/R4jisseki.xlsx
131211,,東京都,足立区,じゃむパントリー,,,,足立区本木東町４－２　ＪＩＶＥ本木店,,35.764488,139.781738,,,,第３日曜日,,,,,,,,,,,,,,,,,,,,,,,,東京都福祉局,子供食堂推進事業(R4実績),クリエイティブ・コモンズ 表示（CC BY）,https://www.opendata.metro.tokyo.lg.jp/fukushi/R4jisseki.xlsx
131229,,東京都,葛飾区,あったかキッチン水元,,,,葛飾区南水元 2-13-1　水元学び交流館　３F料理実習室・視聴覚室,,35.779438,139.855728,,,,毎月第2金曜日,,,,,,,,,,,,,,,,,,,,,,,,東京都福祉局,子供食堂推進事業(R4実績),クリエイティブ・コモンズ 表示（CC BY）,https://www.opendata.metro.tokyo.lg.jp/fukushi/R4jisseki.xlsx
,,東京都,,ハーフタイム,,,,,,,,https://halftime2010.wixsite.com/halftime,,,毎週水曜日・日曜日月2回,,,,,,,,,,,,,,,,,,,,,,,,東京都福祉局,子供食堂推進事業(R4実績),クリエイティブ・コモンズ 表示（CC BY）,https://www.opendata.metro.tokyo.lg.jp/fukushi/R4jisseki.xlsx
131229,,東京都,葛飾区,たていしこども食堂,,,,葛飾区立石1-21-12　スペース杉　　   ,,35.737621,139.850342,,,,毎週月曜日,,,,,,,,,,,,,,,,,,,,,,,,東京都福祉局,子供食堂推進事業(R4実績),クリエイティブ・コモンズ 表示（CC BY）,https://www.opendata.metro.tokyo.lg.jp/fukushi/R4jisseki.xlsx
131229,,東京都,葛飾区,みとちゃん食堂,,,,葛飾区高砂3-11-14　ステーションハイツ103　open space mito　　　,,35.750206,139.867737,https://kuumakatsushika01.wixsite.com/mitochankuuma/home,,,毎月第3火曜日,,,,,,,,,,,,,,,,,,,,,,,,東京都福祉局,子供食堂推進事業(R4実績),クリエイティブ・コモンズ 表示（CC BY）,https://www.opendata.metro.tokyo.lg.jp/fukushi/R4jisseki.xlsx
131229,,東京都,葛飾区,みとちゃんの朝ごはん,,,,葛飾区高砂3-11-14　ステーションハイツ103　open space mito　　　,,35.750206,139.867737,https://kuumakatsushika01.wixsite.com/mitochankuuma/home,,,毎月第2・第4水曜日,,,,,,,,,,,,,,,,,,,,,,,,東京都福祉局,子供食堂推進事業(R4実績),クリエイティブ・コモンズ 表示（CC BY）,https://www.opendata.metro.tokyo.lg.jp/fukushi/R4jisseki.xlsx
131229,,東京都,葛飾区,カフェひろば,,,,葛飾区東金町2－23－15　金町デイサービス隣接“広場”　　　  ,,35.773811,139.869888,,,,毎月第1木曜日,,,,,,,,,,,,,,,,,,,,,,,,東京都福祉局,子供食堂推進事業(R4実績),クリエイティブ・コモンズ 表示（CC BY）,https://www.opendata.metro.tokyo.lg.jp/fukushi/R4jisseki.xlsx
,,東京都,,社会福祉法人大龍会,,,,,,,,https://ayumien1956.com/,,,毎日,,,,,,,,,,,,,,,,,,,,,,,,東京都福祉局,子供食堂推進事業(R4実績),クリエイティブ・コモンズ 表示（CC BY）,https://www.opendata.metro.tokyo.lg.jp/fukushi/R4jisseki.xlsx
131229,,東京都,葛飾区,にっしん子どもひろば,,,,葛飾区西新小岩4丁目33番2号　にこわ新小岩,,35.719006,139.853775,https://www.instagram.com/nissin.kodomohiroba,,,"基本第3水曜日
(変更あり)",,,,,,,,,,,,,,,,,,,,,,,,東京都福祉局,子供食堂推進事業(R4実績),クリエイティブ・コモンズ 表示（CC BY）,https://www.opendata.metro.tokyo.lg.jp/fukushi/R4jisseki.xlsx
131237,,東京都,江戸川区,えどがわあったか子ども食堂,,,,,,,,,,,,,,,,,,,,,,,,,,,,,,,,,,,東京都福祉局,子供食堂推進事業(R4実績),クリエイティブ・コモンズ 表示（CC BY）,https://www.opendata.metro.tokyo.lg.jp/fukushi/R4jisseki.xlsx
131237,,東京都,江戸川区,ぬくもりスペース　『NUKUNUKU』子ども食堂,,,,,,,,,,,,,,,,,,,,,,,,,,,,,,,,,,,東京都福祉局,子供食堂推進事業(R4実績),クリエイティブ・コモンズ 表示（CC BY）,https://www.opendata.metro.tokyo.lg.jp/fukushi/R4jisseki.xlsx
131237,,東京都,江戸川区,かさいあったか子ども食堂,,,,,,,,,,,,,,,,,,,,,,,,,,,,,,,,,,,東京都福祉局,子供食堂推進事業(R4実績),クリエイティブ・コモンズ 表示（CC BY）,https://www.opendata.metro.tokyo.lg.jp/fukushi/R4jisseki.xlsx
131237,,東京都,江戸川区,南葛西子ども食堂,,,,,,,,,,,,,,,,,,,,,,,,,,,,,,,,,,,東京都福祉局,子供食堂推進事業(R4実績),クリエイティブ・コモンズ 表示（CC BY）,https://www.opendata.metro.tokyo.lg.jp/fukushi/R4jisseki.xlsx
131237,,東京都,江戸川区,こいわキッズ食堂,,,,,,,,,,,,,,,,,,,,,,,,,,,,,,,,,,,東京都福祉局,子供食堂推進事業(R4実績),クリエイティブ・コモンズ 表示（CC BY）,https://www.opendata.metro.tokyo.lg.jp/fukushi/R4jisseki.xlsx
131237,,東京都,江戸川区,ステーションめだかの学校,,,,,,,,,,,,,,,,,,,,,,,,,,,,,,,,,,,東京都福祉局,子供食堂推進事業(R4実績),クリエイティブ・コモンズ 表示（CC BY）,https://www.opendata.metro.tokyo.lg.jp/fukushi/R4jisseki.xlsx
131237,,東京都,江戸川区,一緒がいいね　ひなたぼっこ,,,,,,,,,,,,,,,,,,,,,,,,,,,,,,,,,,,東京都福祉局,子供食堂推進事業(R4実績),クリエイティブ・コモンズ 表示（CC BY）,https://www.opendata.metro.tokyo.lg.jp/fukushi/R4jisseki.xlsx
131237,,東京都,江戸川区,キッズカフェひばり,,,,,,,,,,,,,,,,,,,,,,,,,,,,,,,,,,,東京都福祉局,子供食堂推進事業(R4実績),クリエイティブ・コモンズ 表示（CC BY）,https://www.opendata.metro.tokyo.lg.jp/fukushi/R4jisseki.xlsx
131237,,東京都,江戸川区,なぎさ★キッチン,,,,,,,,,,,,,,,,,,,,,,,,,,,,,,,,,,,東京都福祉局,子供食堂推進事業(R4実績),クリエイティブ・コモンズ 表示（CC BY）,https://www.opendata.metro.tokyo.lg.jp/fukushi/R4jisseki.xlsx
131237,,東京都,江戸川区,ごちゃまぜCaféメム,,,,,,,,,,,,,,,,,,,,,,,,,,,,,,,,,,,東京都福祉局,子供食堂推進事業(R4実績),クリエイティブ・コモンズ 表示（CC BY）,https://www.opendata.metro.tokyo.lg.jp/fukushi/R4jisseki.xlsx
131237,,東京都,江戸川区,ハックルベリィ子ども食堂,,,,,,,,,,,,,,,,,,,,,,,,,,,,,,,,,,,東京都福祉局,子供食堂推進事業(R4実績),クリエイティブ・コモンズ 表示（CC BY）,https://www.opendata.metro.tokyo.lg.jp/fukushi/R4jisseki.xlsx
131237,,東京都,江戸川区,もぐもぐこども応援べんとう,,,,,,,,,,,,,,,,,,,,,,,,,,,,,,,,,,,東京都福祉局,子供食堂推進事業(R4実績),クリエイティブ・コモンズ 表示（CC BY）,https://www.opendata.metro.tokyo.lg.jp/fukushi/R4jisseki.xlsx
131237,,東京都,江戸川区,ペンギン子ども食堂,,,,,,,,,,,,,,,,,,,,,,,,,,,,,,,,,,,東京都福祉局,子供食堂推進事業(R4実績),クリエイティブ・コモンズ 表示（CC BY）,https://www.opendata.metro.tokyo.lg.jp/fukushi/R4jisseki.xlsx
131237,,東京都,江戸川区,こども食堂　むすひの子,,,,,,,,,,,,,,,,,,,,,,,,,,,,,,,,,,,東京都福祉局,子供食堂推進事業(R4実績),クリエイティブ・コモンズ 表示（CC BY）,https://www.opendata.metro.tokyo.lg.jp/fukushi/R4jisseki.xlsx
131237,,東京都,江戸川区,ひとみの台所,,,,,,,,,,,,,,,,,,,,,,,,,,,,,,,,,,,東京都福祉局,子供食堂推進事業(R4実績),クリエイティブ・コモンズ 表示（CC BY）,https://www.opendata.metro.tokyo.lg.jp/fukushi/R4jisseki.xlsx
131237,,東京都,江戸川区,こども食堂　かさいこーぼー,,,,,,,,,,,,,,,,,,,,,,,,,,,,,,,,,,,東京都福祉局,子供食堂推進事業(R4実績),クリエイティブ・コモンズ 表示（CC BY）,https://www.opendata.metro.tokyo.lg.jp/fukushi/R4jisseki.xlsx
131237,,東京都,江戸川区,nappaカレー食堂,,,,,,,,,,,,,,,,,,,,,,,,,,,,,,,,,,,東京都福祉局,子供食堂推進事業(R4実績),クリエイティブ・コモンズ 表示（CC BY）,https://www.opendata.metro.tokyo.lg.jp/fukushi/R4jisseki.xlsx
131237,,東京都,江戸川区,あったか子ども食堂もも,,,,,,,,,,,,,,,,,,,,,,,,,,,,,,,,,,,東京都福祉局,子供食堂推進事業(R4実績),クリエイティブ・コモンズ 表示（CC BY）,https://www.opendata.metro.tokyo.lg.jp/fukushi/R4jisseki.xlsx
131237,,東京都,江戸川区,子ども食堂　おりなすキッズ,,,,,,,,,,,,,,,,,,,,,,,,,,,,,,,,,,,東京都福祉局,子供食堂推進事業(R4実績),クリエイティブ・コモンズ 表示（CC BY）,https://www.opendata.metro.tokyo.lg.jp/fukushi/R4jisseki.xlsx
131237,,東京都,江戸川区,こどもカレースタンド,,,,,,,,,,,,,,,,,,,,,,,,,,,,,,,,,,,東京都福祉局,子供食堂推進事業(R4実績),クリエイティブ・コモンズ 表示（CC BY）,https://www.opendata.metro.tokyo.lg.jp/fukushi/R4jisseki.xlsx
131237,,東京都,江戸川区,母笑（あーす）,,,,,,,,,,,,,,,,,,,,,,,,,,,,,,,,,,,東京都福祉局,子供食堂推進事業(R4実績),クリエイティブ・コモンズ 表示（CC BY）,https://www.opendata.metro.tokyo.lg.jp/fukushi/R4jisseki.xlsx
132012,,東京都,八王子市,ゆぎの子食堂こっしーの,,,,八王子市下柚木2-10-6　由木中央市民センター,,35.626877,139.382278,https://hachioji-mirai.com/,,,月1回,,,,,,,,,,,,,,,,,,,,,,,,東京都福祉局,子供食堂推進事業(R4実績),クリエイティブ・コモンズ 表示（CC BY）,https://www.opendata.metro.tokyo.lg.jp/fukushi/R4jisseki.xlsx
132012,,東京都,八王子市,子ども食堂　すまいるカフェ,,,,八王子市散田町5-12-15　散田公園集会所,,35.649464,139.302017,https://hachioji-mirai.com/,,,月1回,,,,,,,,,,,,,,,,,,,,,,,,東京都福祉局,子供食堂推進事業(R4実績),クリエイティブ・コモンズ 表示（CC BY）,https://www.opendata.metro.tokyo.lg.jp/fukushi/R4jisseki.xlsx
132039,,東京都,武蔵野市,リベルタこども食堂セカンド,,,,武蔵野市吉祥寺,,35.706593,139.584015,http://kodomo-project.com,,,月1回,,,,,,,,,,,,,,,,,,,,,,,,東京都福祉局,子供食堂推進事業(R4実績),クリエイティブ・コモンズ 表示（CC BY）,https://www.opendata.metro.tokyo.lg.jp/fukushi/R4jisseki.xlsx
,,東京都,,もぐもぐ食堂,,,,,,,,,,,,,,,,,,,,,,,,,,,,,,,,,,,東京都福祉局,子供食堂推進事業(R4実績),クリエイティブ・コモンズ 表示（CC BY）,https://www.opendata.metro.tokyo.lg.jp/fukushi/R4jisseki.xlsx
,,東京都,,社会福祉法人　巣立ち会　風のテーブル,,,,,,,,,,,,,,,,,,,,,,,,,,,,,,,,,,,東京都福祉局,子供食堂推進事業(R4実績),クリエイティブ・コモンズ 表示（CC BY）,https://www.opendata.metro.tokyo.lg.jp/fukushi/R4jisseki.xlsx
,,東京都,,いこっとみんなの食堂,,,,,,,,,,,,,,,,,,,,,,,,,,,,,,,,,,,東京都福祉局,子供食堂推進事業(R4実績),クリエイティブ・コモンズ 表示（CC BY）,https://www.opendata.metro.tokyo.lg.jp/fukushi/R4jisseki.xlsx
,,東京都,,社会福祉法人　むうぷ　寺子屋むうぷ,,,,,,,,,,,,,,,,,,,,,,,,,,,,,,,,,,,東京都福祉局,子供食堂推進事業(R4実績),クリエイティブ・コモンズ 表示（CC BY）,https://www.opendata.metro.tokyo.lg.jp/fukushi/R4jisseki.xlsx
132055,,東京都,青梅市,かーもくの会,,,,青梅市勝沼3-78　KTホールぶらりカフェ,,35.789818,139.266708,"https://gekijo.hiho.jp/

https://www.facebook.com/kamokutokodomocafe/

https://www.instagram.com/kamokunokai/",,,"週１回
（毎週火曜日）",,,,,,,,,,,,,,,,,,,,,,,,東京都福祉局,子供食堂推進事業(R4実績),クリエイティブ・コモンズ 表示（CC BY）,https://www.opendata.metro.tokyo.lg.jp/fukushi/R4jisseki.xlsx
132071,,東京都,昭島市,あおぞらみんな食堂みんなカフェ,,,,昭島市郷地町2-20-24　あおぞらみんなカフェ,,35.697132,139.385498,https://www.city.akishima.lg.jp/s063/010/030/010/050/055/ichiran.pdf,,,毎週木曜日、他,,,,,,,,,,,,,,,,,,,,,,,,東京都福祉局,子供食堂推進事業(R4実績),クリエイティブ・コモンズ 表示（CC BY）,https://www.opendata.metro.tokyo.lg.jp/fukushi/R4jisseki.xlsx
132071,,東京都,昭島市,たまりば　ぬくぬく,,,,昭島市松原町1-3-10　松原町コミュニティセンター,,35.712029,139.356873,https://www.city.akishima.lg.jp/s063/010/030/010/050/055/ichiran.pdf,,,毎月第3水曜日,,,,,,,,,,,,,,,,,,,,,,,,東京都福祉局,子供食堂推進事業(R4実績),クリエイティブ・コモンズ 表示（CC BY）,https://www.opendata.metro.tokyo.lg.jp/fukushi/R4jisseki.xlsx
132071,,東京都,昭島市,あのねの会,,,,昭島市宮沢町512-13　昭文自治会館　,,35.71418,139.374084,https://www.city.akishima.lg.jp/s063/010/030/010/050/055/ichiran.pdf,,,毎週水曜日、　　毎月1回日曜日,,,,,,,,,,,,,,,,,,,,,,,,東京都福祉局,子供食堂推進事業(R4実績),クリエイティブ・コモンズ 表示（CC BY）,https://www.opendata.metro.tokyo.lg.jp/fukushi/R4jisseki.xlsx
132080,,東京都,調布市,ハナ子ども食堂,,,,調布市深大寺東町7-23-2　（野ヶ谷ふれあいの家）,,35.676304,139.55867,https://instagram.com/hanakidspark?igshid=YmMyMTA2M2Y=,,,毎月第1日曜日,,,,,,,,,,,,,,,,,,,,,,,,東京都福祉局,子供食堂推進事業(R4実績),クリエイティブ・コモンズ 表示（CC BY）,https://www.opendata.metro.tokyo.lg.jp/fukushi/R4jisseki.xlsx
132152,,東京都,国立市,つり舟の子ども食堂,,,,国立市東1-15-18 白野ビル2階,,35.697128,139.447708,なし,,,週6回,,,,,,,,,,,,,,,,,,,,,,,,東京都福祉局,子供食堂推進事業(R4実績),クリエイティブ・コモンズ 表示（CC BY）,https://www.opendata.metro.tokyo.lg.jp/fukushi/R4jisseki.xlsx
132152,,東京都,国立市,OSUSOWAKE食堂,,,,国立市東 3-18-32,,35.691208,139.454071,https://osusowake-online.com/,,,月2回,,,,,,,,,,,,,,,,,,,,,,,,東京都福祉局,子供食堂推進事業(R4実績),クリエイティブ・コモンズ 表示（CC BY）,https://www.opendata.metro.tokyo.lg.jp/fukushi/R4jisseki.xlsx
132217,,東京都,清瀬市,そらいろ子ども食堂,,,,清瀬市竹丘２−２２−２,,35.763145,139.507507,,,,月１回日曜日（午後）,,,,,,,,,,,,,,,,,,,,,,,,東京都福祉局,子供食堂推進事業(R4実績),クリエイティブ・コモンズ 表示（CC BY）,https://www.opendata.metro.tokyo.lg.jp/fukushi/R4jisseki.xlsx
132217,,東京都,清瀬市,ゆいゆい親子食堂,,,,清瀬市梅園2－2－29,,35.771111,139.50386,,,,月に2回。隔週土曜日,,,,,,,,,,,,,,,,,,,,,,,,東京都福祉局,子供食堂推進事業(R4実績),クリエイティブ・コモンズ 表示（CC BY）,https://www.opendata.metro.tokyo.lg.jp/fukushi/R4jisseki.xlsx
,,東京都,,子ども食堂おあしす,,,,     ,,,,,,,月二回　月曜日,,,,,,,,,,,,,,,,,,,,,,,,東京都福祉局,子供食堂推進事業(R4実績),クリエイティブ・コモンズ 表示（CC BY）,https://www.opendata.metro.tokyo.lg.jp/fukushi/R4jisseki.xlsx
132217,,東京都,清瀬市,清瀬旭が丘子ども食堂,,,,清瀬市旭が丘1-278　清瀬旭が丘教会内,,35.792912,139.53595,,,,毎月第4金曜日(祝日の場合第3）月1回の開催。午後5時から7時まで,,,,,,,,,,,,,,,,,,,,,,,,東京都福祉局,子供食堂推進事業(R4実績),クリエイティブ・コモンズ 表示（CC BY）,https://www.opendata.metro.tokyo.lg.jp/fukushi/R4jisseki.xlsx
,,東京都,,ぽかぽか食堂＆グリーンタウン,,,,     ,,,,,,,毎月第3または第４木曜日,,,,,,,,,,,,,,,,,,,,,,,,東京都福祉局,子供食堂推進事業(R4実績),クリエイティブ・コモンズ 表示（CC BY）,https://www.opendata.metro.tokyo.lg.jp/fukushi/R4jisseki.xlsx
,,東京都,,にこにこ子供食堂,,,,     ,,,,,,,毎月第4木曜日,,,,,,,,,,,,,,,,,,,,,,,,東京都福祉局,子供食堂推進事業(R4実績),クリエイティブ・コモンズ 表示（CC BY）,https://www.opendata.metro.tokyo.lg.jp/fukushi/R4jisseki.xlsx
132217,,東京都,清瀬市,竹丘子ども食堂,,,,清瀬市松山３－１２－１７　　,,35.76651,139.514053,,,,毎月第２第４水曜日,,,,,,,,,,,,,,,,,,,,,,,,東京都福祉局,子供食堂推進事業(R4実績),クリエイティブ・コモンズ 表示（CC BY）,https://www.opendata.metro.tokyo.lg.jp/fukushi/R4jisseki.xlsx
132233,,東京都,武蔵村山市,children's kitchen　うぉーく,,,,武蔵村山市学園4-5-1　市民総合センター調理実習室,,35.746132,139.403259,https://www.city.musashimurayama.lg.jp/kosodate/odekake/1010423.html,,,月1回,,,,,,,,,,,,,,,,,,,,,,,,東京都福祉局,子供食堂推進事業(R4実績),クリエイティブ・コモンズ 表示（CC BY）,https://www.opendata.metro.tokyo.lg.jp/fukushi/R4jisseki.xlsx
132241,,東京都,多摩市,うさぎワンダーワールド(令和4年8月閉店）,,,,多摩市一ノ宮3-3-14 第2関戸ビルB,,35.650208,139.444702,,,,毎週水曜日,,,,,,,,,,,,,,,,,,,,,,,,東京都福祉局,子供食堂推進事業(R4実績),クリエイティブ・コモンズ 表示（CC BY）,https://www.opendata.metro.tokyo.lg.jp/fukushi/R4jisseki.xlsx
132284,,東京都,あきる野市,だれでも食堂Ulu（ウル）,,,,あきる野市草花3482-16,,35.738857,139.300446,,,,月２回程度,,,,,,,,,,,,,,,,,,,,,,,,東京都福祉局,子供食堂推進事業(R4実績),クリエイティブ・コモンズ 表示（CC BY）,https://www.opendata.metro.tokyo.lg.jp/fukushi/R4jisseki.xlsx
132284,,東京都,あきる野市,あきる野子ども食堂もぐもぐ,,,,あきる野市山田760-5,,35.725037,139.264374,https://www.instagram.com/mogumogu760_5,,,月１回,,,,,,,,,,,,,,,,,,,,,,,,東京都福祉局,子供食堂推進事業(R4実績),クリエイティブ・コモンズ 表示（CC BY）,https://www.opendata.metro.tokyo.lg.jp/fukushi/R4jisseki.xlsx
132284,,東京都,あきる野市,ウッディカフェよっちゃんち,,,,あきる野市秋川6-18-20,,35.731045,139.292526,https://www.instagram.com/woodycafe_yocchanchi_/,,,月２０回程度,,,,,,,,,,,,,,,,,,,,,,,,東京都福祉局,子供食堂推進事業(R4実績),クリエイティブ・コモンズ 表示（CC BY）,https://www.opendata.metro.tokyo.lg.jp/fukushi/R4jisseki.xlsx
132284,,東京都,あきる野市,こども食堂くうねる,,,,あきる野市五日市345,,35.731449,139.22261,https://www.instagram.com/kuuneru.kodomosyokudou/,,,月１回,,,,,,,,,,,,,,,,,,,,,,,,東京都福祉局,子供食堂推進事業(R4実績),クリエイティブ・コモンズ 表示（CC BY）,https://www.opendata.metro.tokyo.lg.jp/fukushi/R4jisseki.xlsx
,,東京都,,保谷こもれびホールこども食堂もぐもぐ,,,,"     
",,,,,,,令和５年3月をもって活動を終了,,,,,,,,,,,,,,,,,,,,,,,,東京都福祉局,子供食堂推進事業(R4実績),クリエイティブ・コモンズ 表示（CC BY）,https://www.opendata.metro.tokyo.lg.jp/fukushi/R4jisseki.xlsx
132292,,東京都,西東京市,子ども食堂　プネウマ,,,,西東京市東伏見５－１０－２２　東伏見コミュニティーセンター,,35.721684,139.557861,,,,毎月第一日曜日,,,,,,,,,,,,,,,,,,,,,,,,東京都福祉局,子供食堂推進事業(R4実績),クリエイティブ・コモンズ 表示（CC BY）,https://www.opendata.metro.tokyo.lg.jp/fukushi/R4jisseki.xlsx
